{"type":"FeatureCollection","features":[{"type":"Feature","properties":{"nam":"Kyoto Fu","nam_ja":"\u4eac\u90fd\u5e9c","id":26},"geometry":{"type":"MultiPolygon","coordinates":[[[[135.0367,35.5373],[135.0301,35.5399],[135.0196,35.5383],[135.0083,35.5339],[135,35.5351],[134.988,35.5303],[134.9829,35.5289],[134.9796,35.5249],[134.9745,35.5252],[134.9669,35.5213],[134.9638,35.5161],[134.9592,35.513],[134.9548,35.5159],[134.9481,35.5145],[134.943,35.5139],[134.9351,35.5126],[134.9265,35.5125],[134.9228,35.5211],[134.9146,35.5277],[134.9177,35.5329],[134.9187,35.5379],[134.9143,35.5448],[134.9089,35.5467],[134.9035,35.5495],[134.901,35.5546],[134.896,35.5581],[134.8907,35.561],[134.8815,35.5636],[134.8718,35.5763],[134.863,35.584],[134.8577,35.5867],[134.8554,35.5935],[134.8624,35.5969],[134.8656,35.6017],[134.866,35.6125],[134.8718,35.6177],[134.8718,35.6245],[134.8709,35.636],[134.8664,35.6428],[134.867,35.6487],[134.8671,35.6581],[134.8776,35.6606],[134.884,35.6503],[134.8904,35.6485],[134.8993,35.6489],[134.9051,35.646],[134.9233,35.6465],[134.934,35.6506],[134.9429,35.6532],[134.9501,35.656],[134.9659,35.6655],[134.9644,35.6732],[134.971,35.6763],[134.9733,35.6831],[134.9832,35.6891],[134.9887,35.6919],[134.9968,35.6917],[135.0037,35.6937],[135.0114,35.6935],[135.0172,35.6912],[135.0222,35.6895],[135.0297,35.6921],[135.0354,35.7019],[135.0413,35.7001],[135.0464,35.7029],[135.0607,35.7081],[135.0623,35.7131],[135.0689,35.7182],[135.0817,35.7235],[135.0867,35.7302],[135.0839,35.7369],[135.0923,35.7381],[135.1032,35.7421],[135.11,35.7459],[135.1218,35.7463],[135.1346,35.7532],[135.1383,35.7577],[135.1441,35.7503],[135.1498,35.7525],[135.1637,35.755],[135.1724,35.7579],[135.1802,35.7602],[135.1853,35.7627],[135.1938,35.7674],[135.2045,35.7639],[135.2213,35.7719],[135.2197,35.7774],[135.2251,35.7761],[135.2346,35.7687],[135.2387,35.7652],[135.2438,35.7602],[135.2503,35.7595],[135.2551,35.7571],[135.2505,35.7521],[135.257,35.7445],[135.2674,35.7425],[135.2733,35.7425],[135.2733,35.7332],[135.2803,35.7284],[135.2872,35.7259],[135.2882,35.7155],[135.2865,35.7101],[135.286,35.7051],[135.2961,35.7028],[135.3027,35.6995],[135.308,35.6944],[135.304,35.6882],[135.2998,35.6817],[135.2992,35.6748],[135.3029,35.6628],[135.2942,35.6599],[135.2914,35.6643],[135.2926,35.6699],[135.2884,35.6747],[135.2813,35.6699],[135.2752,35.6721],[135.2718,35.6665],[135.2637,35.6621],[135.2543,35.6515],[135.2468,35.6337],[135.2443,35.6205],[135.2375,35.6171],[135.2298,35.6091],[135.225,35.6033],[135.2131,35.5969],[135.2062,35.5865],[135.1926,35.5711],[135.1873,35.5587],[135.1875,35.5484],[135.1931,35.5383],[135.1984,35.537],[135.204,35.5392],[135.2081,35.5427],[135.2099,35.5515],[135.2035,35.5553],[135.2083,35.5628],[135.2135,35.5639],[135.2196,35.5675],[135.2288,35.5759],[135.2278,35.5858],[135.2357,35.5816],[135.2412,35.5843],[135.2454,35.5913],[135.2519,35.5993],[135.2555,35.5887],[135.2469,35.5865],[135.2521,35.5778],[135.2507,35.5702],[135.2569,35.5675],[135.2664,35.567],[135.2739,35.5609],[135.2679,35.5577],[135.2628,35.5544],[135.2548,35.5567],[135.2499,35.5543],[135.2515,35.5597],[135.2468,35.5617],[135.2378,35.5553],[135.2369,35.5458],[135.2442,35.5359],[135.2526,35.5347],[135.2612,35.5337],[135.2673,35.5339],[135.2718,35.529],[135.2881,35.5163],[135.3098,35.5124],[135.3167,35.5219],[135.3234,35.5256],[135.3264,35.5182],[135.3314,35.511],[135.334,35.5061],[135.3297,35.4922],[135.3243,35.4902],[135.3239,35.4825],[135.3174,35.4802],[135.3185,35.4729],[135.3169,35.4655],[135.3114,35.459],[135.313,35.4524],[135.3189,35.4539],[135.3246,35.4564],[135.3258,35.4644],[135.3316,35.4691],[135.3358,35.4723],[135.3467,35.4753],[135.3474,35.4809],[135.3407,35.4798],[135.3491,35.4864],[135.3468,35.494],[135.3529,35.4922],[135.3568,35.4889],[135.3655,35.4899],[135.3725,35.4887],[135.378,35.4908],[135.382,35.4857],[135.3768,35.4818],[135.3718,35.477],[135.3789,35.4777],[135.3851,35.4755],[135.3908,35.4778],[135.3975,35.4788],[135.3945,35.4845],[135.3957,35.4897],[135.4,35.4937],[135.4004,35.5006],[135.3941,35.4996],[135.3904,35.5079],[135.3963,35.5152],[135.3912,35.5173],[135.3853,35.5126],[135.3837,35.506],[135.3718,35.5063],[135.3598,35.5055],[135.3541,35.5032],[135.3445,35.5041],[135.3447,35.5091],[135.3438,35.5151],[135.3487,35.5205],[135.3426,35.5267],[135.3359,35.5339],[135.3385,35.5463],[135.3423,35.5518],[135.3439,35.5454],[135.3561,35.5489],[135.3651,35.5516],[135.3718,35.5553],[135.378,35.5613],[135.3833,35.5606],[135.3881,35.5574],[135.3987,35.5618],[135.4121,35.5701],[135.4263,35.5665],[135.425,35.5735],[135.4258,35.5801],[135.4328,35.5803],[135.4351,35.5865],[135.4389,35.5907],[135.4459,35.593],[135.45,35.599],[135.4568,35.6009],[135.4619,35.6035],[135.4613,35.5969],[135.4568,35.5927],[135.4518,35.5913],[135.4551,35.5865],[135.4481,35.5791],[135.4521,35.5675],[135.4565,35.5705],[135.4655,35.5705],[135.4657,35.5621],[135.4713,35.5641],[135.4732,35.5577],[135.4792,35.5586],[135.4646,35.5509],[135.4599,35.5472],[135.4578,35.5417],[135.454,35.5359],[135.449,35.5235],[135.4629,35.5133],[135.4675,35.5093],[135.4743,35.507],[135.4724,35.5003],[135.4754,35.4891],[135.4674,35.4841],[135.4588,35.4725],[135.4591,35.4675],[135.4637,35.462],[135.4704,35.4556],[135.4816,35.4485],[135.4889,35.4408],[135.4964,35.4379],[135.4995,35.4324],[135.496,35.4284],[135.5001,35.4223],[135.5112,35.4243],[135.5164,35.4222],[135.5216,35.4222],[135.5288,35.4109],[135.5248,35.4023],[135.5279,35.3977],[135.53,35.3915],[135.5264,35.3855],[135.5285,35.3797],[135.534,35.3775],[135.5504,35.3771],[135.5579,35.3769],[135.5656,35.3773],[135.5744,35.3746],[135.5797,35.3742],[135.5877,35.3683],[135.5939,35.3711],[135.6013,35.3717],[135.607,35.3708],[135.611,35.3675],[135.6218,35.3697],[135.6372,35.3641],[135.6419,35.3668],[135.6526,35.3599],[135.6591,35.3582],[135.6684,35.3566],[135.675,35.3507],[135.6838,35.348],[135.6905,35.3469],[135.7007,35.3437],[135.7055,35.3461],[135.7112,35.3495],[135.7145,35.3541],[135.7251,35.352],[135.7362,35.3512],[135.7407,35.3556],[135.7455,35.3585],[135.7595,35.3535],[135.7642,35.3565],[135.7637,35.3445],[135.7775,35.3411],[135.7821,35.3377],[135.788,35.3289],[135.7926,35.3229],[135.8066,35.317],[135.8107,35.3098],[135.8146,35.3059],[135.816,35.3001],[135.8206,35.2895],[135.8252,35.2829],[135.8313,35.2761],[135.84,35.2759],[135.8493,35.2805],[135.8532,35.2868],[135.8581,35.2891],[135.8604,35.283],[135.8558,35.277],[135.8491,35.2679],[135.8446,35.2607],[135.842,35.2532],[135.8392,35.2453],[135.8361,35.2411],[135.8373,35.2347],[135.8368,35.2258],[135.8291,35.2207],[135.831,35.2147],[135.8352,35.2047],[135.8399,35.191],[135.8408,35.1795],[135.8439,35.1699],[135.8481,35.1613],[135.8558,35.1595],[135.8557,35.1533],[135.852,35.1469],[135.8485,35.1413],[135.8507,35.135],[135.8497,35.124],[135.8483,35.119],[135.8462,35.1137],[135.8415,35.1015],[135.8374,35.0948],[135.8395,35.0865],[135.8374,35.0789],[135.8315,35.0713],[135.8355,35.059],[135.8327,35.0529],[135.8253,35.0533],[135.8204,35.0493],[135.815,35.0461],[135.8168,35.0399],[135.8231,35.0359],[135.8275,35.0276],[135.8268,35.0223],[135.8334,35.0223],[135.8347,35.0128],[135.8247,35.0121],[135.8204,35.015],[135.8252,35.0084],[135.8326,35.0093],[135.8351,35.0032],[135.8268,34.9911],[135.8438,34.9903],[135.8493,34.991],[135.8499,34.9845],[135.8554,34.9839],[135.8555,34.9783],[135.8525,34.9707],[135.8598,34.9632],[135.8652,34.9571],[135.8718,34.9556],[135.8782,34.9475],[135.8762,34.9425],[135.8788,34.9341],[135.8718,34.9267],[135.8685,34.9199],[135.8709,34.9105],[135.8664,34.9065],[135.8625,34.9029],[135.8672,34.8937],[135.8718,34.8888],[135.8768,34.8865],[135.882,34.8842],[135.888,34.8798],[135.896,34.8726],[135.907,34.8741],[135.913,34.8833],[135.9206,34.8841],[135.9306,34.8885],[135.9387,34.8931],[135.9407,34.8855],[135.9404,34.8799],[135.9417,34.869],[135.9414,34.8631],[135.9466,34.8533],[135.9554,34.8537],[135.9632,34.8502],[135.9718,34.8457],[135.9707,34.8384],[135.9828,34.8399],[135.9902,34.842],[135.9955,34.8431],[136.0015,34.8449],[136.0023,34.8365],[136.0047,34.8282],[136.0125,34.8254],[136.0272,34.8218],[136.0269,34.8148],[136.0185,34.8127],[136.0104,34.8007],[136.0113,34.7956],[136.018,34.7932],[136.0211,34.7844],[136.0296,34.7802],[136.0319,34.7707],[136.0296,34.7641],[136.0285,34.7572],[136.0378,34.7563],[136.0406,34.7485],[136.0477,34.7427],[136.0552,34.7384],[136.0427,34.7361],[136.0395,34.7216],[136.0334,34.716],[136.0285,34.7062],[136.0194,34.7084],[136.014,34.7077],[136.0111,34.7149],[136.0055,34.7169],[136.0002,34.7135],[135.9926,34.7123],[135.9859,34.7151],[135.9849,34.7277],[135.9832,34.7331],[135.9754,34.7409],[135.9695,34.7405],[135.9632,34.7409],[135.955,34.7477],[135.9447,34.7417],[135.9369,34.7399],[135.9254,34.7403],[135.9282,34.7532],[135.9254,34.7575],[135.9156,34.7532],[135.9131,34.7475],[135.9044,34.7365],[135.9014,34.7317],[135.8956,34.725],[135.89,34.7087],[135.886,34.7127],[135.8784,34.7124],[135.8718,34.7114],[135.8638,34.7076],[135.8486,34.7059],[135.8439,34.709],[135.8391,34.7115],[135.8323,34.713],[135.8208,34.7119],[135.8162,34.7141],[135.8106,34.7147],[135.8062,34.7179],[135.7995,34.7224],[135.7928,34.7241],[135.7839,34.7242],[135.7779,34.7234],[135.765,34.7255],[135.7578,34.728],[135.7567,34.7351],[135.7488,34.7415],[135.7468,34.7464],[135.7363,34.7497],[135.7334,34.7547],[135.7311,34.7648],[135.7284,34.7779],[135.739,34.7877],[135.7415,34.7935],[135.7454,34.7983],[135.7447,34.8043],[135.7388,34.8115],[135.7356,34.8175],[135.7308,34.8227],[135.7245,34.823],[135.7184,34.8317],[135.7153,34.8365],[135.7098,34.8466],[135.7033,34.8515],[135.6955,34.8482],[135.6905,34.8561],[135.6943,34.8607],[135.6908,34.8682],[135.6823,34.8721],[135.683,34.8777],[135.6823,34.8878],[135.6757,34.8951],[135.6667,34.9041],[135.6539,34.9091],[135.6486,34.9094],[135.6479,34.9168],[135.6503,34.9231],[135.6428,34.9298],[135.6369,34.9314],[135.6307,34.9353],[135.6239,34.9353],[135.616,34.9285],[135.6067,34.9281],[135.5999,34.928],[135.6029,34.936],[135.6093,34.9399],[135.6124,34.9468],[135.6163,34.9575],[135.6129,34.9713],[135.6034,34.9711],[135.595,34.9695],[135.5831,34.9763],[135.5733,34.9717],[135.5707,34.9674],[135.5731,34.9609],[135.5783,34.9557],[135.5691,34.9541],[135.5617,34.945],[135.5568,34.9381],[135.5577,34.933],[135.5633,34.9422],[135.5622,34.9335],[135.5712,34.9391],[135.58,34.937],[135.5807,34.9236],[135.5765,34.9199],[135.5625,34.9177],[135.5537,34.916],[135.5445,34.9171],[135.536,34.9199],[135.5375,34.9249],[135.5248,34.9288],[135.5209,34.9328],[135.5132,34.9439],[135.5047,34.9461],[135.4968,34.9407],[135.49,34.9418],[135.4843,34.9474],[135.4863,34.9564],[135.4809,34.9625],[135.4866,34.9667],[135.4865,34.9744],[135.4832,34.9814],[135.4928,34.9877],[135.4874,34.9919],[135.4723,34.9946],[135.4616,35],[135.4522,35.0022],[135.442,35.0063],[135.4361,35.0083],[135.4242,35.0032],[135.4177,35.0032],[135.4099,35.0109],[135.4031,35.0067],[135.3972,35.0107],[135.3892,35.0111],[135.3821,35.0101],[135.3797,35.0155],[135.3779,35.0211],[135.3803,35.0255],[135.3818,35.0309],[135.3802,35.0363],[135.3762,35.0428],[135.3718,35.0452],[135.3688,35.0536],[135.3718,35.0591],[135.3767,35.0607],[135.3872,35.0724],[135.3937,35.0737],[135.3989,35.0811],[135.4007,35.0865],[135.4007,35.0931],[135.3913,35.0981],[135.3887,35.1072],[135.393,35.1109],[135.3896,35.1146],[135.3861,35.119],[135.3897,35.1259],[135.3729,35.1291],[135.3607,35.1321],[135.3561,35.136],[135.3435,35.1357],[135.3393,35.1387],[135.3372,35.1438],[135.3405,35.1499],[135.3284,35.1491],[135.323,35.1466],[135.3064,35.1443],[135.3004,35.1428],[135.2946,35.1419],[135.2896,35.1421],[135.2822,35.1449],[135.278,35.1511],[135.2873,35.1575],[135.2898,35.1699],[135.2847,35.1713],[135.2773,35.1747],[135.2658,35.1755],[135.2579,35.1771],[135.251,35.1775],[135.2366,35.1771],[135.2287,35.1699],[135.2245,35.1639],[135.2149,35.1621],[135.2067,35.1609],[135.2008,35.1656],[135.196,35.1699],[135.1869,35.1718],[135.1891,35.1822],[135.1863,35.1898],[135.1925,35.1941],[135.199,35.194],[135.1967,35.2029],[135.1881,35.2082],[135.1819,35.2159],[135.175,35.2146],[135.1703,35.2203],[135.1651,35.2194],[135.1556,35.2262],[135.1594,35.23],[135.1662,35.2402],[135.162,35.2532],[135.1583,35.2599],[135.1481,35.2636],[135.143,35.2624],[135.1361,35.265],[135.1304,35.2611],[135.1218,35.263],[135.1155,35.2633],[135.109,35.2663],[135.0987,35.259],[135.0906,35.2564],[135.085,35.2532],[135.0808,35.245],[135.0738,35.2414],[135.0675,35.2372],[135.0641,35.245],[135.0602,35.2493],[135.0566,35.258],[135.0565,35.264],[135.0513,35.2625],[135.0427,35.2635],[135.0382,35.2607],[135.0257,35.2652],[135.0168,35.269],[135.01,35.2698],[135.0114,35.2774],[135.0095,35.2837],[135.0007,35.2873],[134.9957,35.2895],[134.9756,35.2951],[134.9668,35.2969],[134.9602,35.2979],[134.9489,35.3034],[134.9429,35.3083],[134.9372,35.3076],[134.9256,35.3112],[134.9208,35.3163],[134.9254,35.3218],[134.9272,35.3293],[134.9253,35.3365],[134.9191,35.3387],[134.9185,35.3493],[134.9226,35.3527],[134.9185,35.3645],[134.9264,35.3775],[134.9251,35.3859],[134.923,35.3943],[134.927,35.3979],[134.931,35.4017],[134.9338,35.4074],[134.9448,35.4132],[134.9539,35.4088],[134.9687,35.4003],[134.9763,35.3983],[134.9872,35.3945],[134.9895,35.3863],[134.9968,35.3871],[135.0044,35.3896],[135.0095,35.3918],[135.0192,35.3945],[135.028,35.405],[135.0409,35.4088],[135.0458,35.4072],[135.0499,35.4199],[135.0475,35.4269],[135.0482,35.4329],[135.0504,35.4419],[135.0495,35.4511],[135.0432,35.4623],[135.0405,35.4735],[135.0358,35.4753],[135.0384,35.4807],[135.0417,35.4934],[135.0328,35.4973],[135.0399,35.5032],[135.0447,35.5085],[135.0419,35.5205],[135.0397,35.5265],[135.0362,35.5301],[135.0367,35.5373]]]]}},{"type":"Feature","properties":{"nam":"Saga Ken","nam_ja":"\u4f50\u8cc0\u770c","id":41},"geometry":{"type":"MultiPolygon","coordinates":[[[[130.0387,33.4697],[130.0449,33.4677],[130.0507,33.4689],[130.0579,33.4709],[130.0679,33.472],[130.074,33.4695],[130.0875,33.4689],[130.0997,33.4706],[130.1038,33.4759],[130.1134,33.4752],[130.1218,33.4754],[130.1305,33.4745],[130.1384,33.4705],[130.1429,33.4742],[130.1475,33.4763],[130.1597,33.4745],[130.1633,33.4701],[130.1679,33.4675],[130.1748,33.4663],[130.1839,33.4675],[130.1894,33.4753],[130.1955,33.4779],[130.2019,33.4803],[130.2169,33.4789],[130.2272,33.4772],[130.233,33.4782],[130.2441,33.4737],[130.2525,33.4719],[130.2592,33.4767],[130.2712,33.4793],[130.2766,33.4783],[130.2806,33.4747],[130.289,33.4695],[130.2975,33.4624],[130.303,33.4617],[130.3124,33.4602],[130.3207,33.4579],[130.3344,33.4489],[130.3417,33.4447],[130.3555,33.4335],[130.3636,33.4342],[130.3718,33.4313],[130.3771,33.4263],[130.3866,33.4279],[130.3953,33.4273],[130.4018,33.4199],[130.4144,33.4103],[130.4076,33.4025],[130.4077,33.3974],[130.4128,33.3979],[130.4189,33.4006],[130.4236,33.3982],[130.4294,33.3974],[130.4374,33.4006],[130.4403,33.4101],[130.444,33.4173],[130.4489,33.4187],[130.4573,33.4199],[130.4585,33.4261],[130.4751,33.4375],[130.4862,33.4396],[130.4962,33.4448],[130.5044,33.4463],[130.5116,33.4493],[130.5183,33.4459],[130.5267,33.4434],[130.5321,33.4415],[130.5362,33.4382],[130.5382,33.424],[130.5408,33.3941],[130.541,33.3663],[130.5365,33.3519],[130.5352,33.3428],[130.5249,33.34],[130.5159,33.3418],[130.5098,33.3438],[130.5054,33.3395],[130.5033,33.3291],[130.4974,33.3257],[130.4839,33.3328],[130.479,33.3307],[130.4763,33.3254],[130.484,33.3199],[130.4863,33.3123],[130.482,33.3049],[130.4579,33.3037],[130.4548,33.2942],[130.4668,33.2886],[130.4557,33.2831],[130.4471,33.2755],[130.4496,33.2657],[130.4418,33.2639],[130.4349,33.2725],[130.4356,33.2813],[130.4365,33.29],[130.431,33.2925],[130.4258,33.2889],[130.4295,33.2836],[130.4273,33.2715],[130.4191,33.2713],[130.4177,33.2593],[130.4146,33.2532],[130.4075,33.2492],[130.4011,33.249],[130.3983,33.2595],[130.3907,33.2599],[130.388,33.2549],[130.3897,33.2461],[130.3843,33.2403],[130.377,33.2423],[130.3694,33.2364],[130.3782,33.2289],[130.3766,33.2204],[130.3598,33.2135],[130.3532,33.2089],[130.3418,33.2081],[130.3386,33.2033],[130.3406,33.1883],[130.346,33.1821],[130.3524,33.1803],[130.3514,33.1707],[130.3551,33.1467],[130.3549,33.1404],[130.3208,33.1441],[130.2878,33.1469],[130.2842,33.1535],[130.285,33.1615],[130.2776,33.1641],[130.2773,33.1691],[130.2635,33.1777],[130.2514,33.1894],[130.2547,33.1969],[130.2472,33.2029],[130.2465,33.1923],[130.2339,33.1938],[130.2211,33.1983],[130.2149,33.1993],[130.2206,33.1923],[130.2306,33.1887],[130.2241,33.1699],[130.2217,33.1653],[130.1969,33.1505],[130.1891,33.1461],[130.1683,33.1299],[130.149,33.1127],[130.1302,33.1174],[130.1297,33.1257],[130.1219,33.1247],[130.1264,33.1145],[130.1277,33.1085],[130.1218,33.1061],[130.1171,33.1027],[130.1123,33.1011],[130.1218,33.1021],[130.1301,33.1043],[130.1341,33.0981],[130.1293,33.0947],[130.1349,33.0955],[130.1398,33.0943],[130.1449,33.0865],[130.1441,33.0771],[130.1469,33.0711],[130.1568,33.0611],[130.1608,33.0548],[130.1661,33.0516],[130.1699,33.0425],[130.1702,33.037],[130.177,33.0296],[130.1792,33.0246],[130.1807,33.0181],[130.1837,33.0119],[130.1873,33.0032],[130.192,32.9963],[130.1903,32.9911],[130.1987,32.9911],[130.2058,32.9869],[130.2073,32.9819],[130.2206,32.9751],[130.2237,32.9669],[130.2205,32.9612],[130.2111,32.9575],[130.2027,32.9569],[130.1909,32.9591],[130.1813,32.96],[130.176,32.9613],[130.167,32.9611],[130.1565,32.9624],[130.1497,32.9625],[130.1437,32.9715],[130.1384,32.9691],[130.1307,32.9683],[130.1229,32.9704],[130.1148,32.9713],[130.1096,32.9719],[130.1034,32.9735],[130.0982,32.9743],[130.0903,32.9745],[130.0849,32.9778],[130.0796,32.9829],[130.0752,32.9873],[130.061,32.986],[130.0503,32.993],[130.0462,32.9988],[130.0391,33.007],[130.0273,33.0123],[130.0281,33.0185],[130.0161,33.0179],[130.0087,33.019],[130.0051,33.0241],[129.9968,33.0339],[129.9925,33.0389],[129.9948,33.0439],[129.9885,33.0509],[129.9825,33.0564],[129.9722,33.0605],[129.9657,33.0629],[129.9522,33.0665],[129.9455,33.0713],[129.9389,33.0727],[129.9357,33.0795],[129.932,33.0865],[129.9215,33.0904],[129.9251,33.0977],[129.9243,33.1056],[129.9293,33.1092],[129.9378,33.1125],[129.9504,33.1099],[129.9545,33.1166],[129.9556,33.1267],[129.9514,33.1322],[129.9407,33.1571],[129.9425,33.1643],[129.9344,33.1639],[129.9201,33.1616],[129.9133,33.1625],[129.9056,33.1585],[129.8994,33.1579],[129.892,33.1583],[129.8842,33.1615],[129.8764,33.1645],[129.8643,33.1699],[129.858,33.1708],[129.8517,33.1767],[129.8433,33.1767],[129.8372,33.1732],[129.8282,33.1783],[129.818,33.1835],[129.8156,33.1979],[129.809,33.2022],[129.8073,33.2079],[129.8087,33.2171],[129.8098,33.2265],[129.8112,33.2317],[129.8132,33.2363],[129.8134,33.2421],[129.7974,33.2532],[129.7769,33.2701],[129.7668,33.2856],[129.763,33.289],[129.7615,33.3011],[129.7647,33.3065],[129.7665,33.3128],[129.7681,33.3189],[129.7755,33.3322],[129.7812,33.3365],[129.7899,33.3403],[129.7955,33.3343],[129.8021,33.3323],[129.8064,33.327],[129.8119,33.3228],[129.8126,33.3147],[129.8196,33.3103],[129.8304,33.2964],[129.8326,33.291],[129.836,33.2867],[129.8411,33.2867],[129.8431,33.2932],[129.8501,33.2898],[129.8462,33.3002],[129.8413,33.3035],[129.8313,33.3038],[129.8274,33.3124],[129.8339,33.3113],[129.8361,33.3162],[129.8416,33.3222],[129.8477,33.328],[129.8405,33.3317],[129.8335,33.3294],[129.8296,33.3361],[129.8376,33.3355],[129.8421,33.3409],[129.8474,33.3369],[129.8441,33.3419],[129.843,33.3483],[129.85,33.3515],[129.8492,33.3597],[129.8486,33.365],[129.8566,33.3679],[129.8583,33.3733],[129.8624,33.3763],[129.8665,33.3831],[129.8697,33.3883],[129.8639,33.3931],[129.8702,33.3931],[129.8656,33.3991],[129.868,33.4075],[129.863,33.4059],[129.8622,33.4125],[129.8589,33.4076],[129.85,33.4056],[129.8409,33.408],[129.8304,33.4139],[129.8227,33.4118],[129.8218,33.4177],[129.8283,33.4199],[129.8242,33.4232],[129.819,33.4263],[129.8132,33.4315],[129.804,33.4352],[129.8,33.4388],[129.7896,33.4423],[129.789,33.4473],[129.7841,33.4487],[129.7828,33.4541],[129.7887,33.4586],[129.7969,33.4575],[129.8014,33.4533],[129.8062,33.4573],[129.7993,33.4633],[129.7936,33.4713],[129.7987,33.4747],[129.8055,33.485],[129.8116,33.4798],[129.8187,33.4832],[129.8259,33.4782],[129.8261,33.468],[129.8338,33.4637],[129.8362,33.4565],[129.8344,33.4505],[129.8352,33.4436],[129.8399,33.4495],[129.8424,33.4447],[129.8506,33.4471],[129.8535,33.4565],[129.8579,33.4538],[129.8562,33.4646],[129.8517,33.4681],[129.849,33.4728],[129.8426,33.472],[129.8366,33.4723],[129.8314,33.4762],[129.838,33.4786],[129.8443,33.4786],[129.8359,33.4871],[129.839,33.4947],[129.8312,33.5032],[129.8318,33.5117],[129.8273,33.5176],[129.8334,33.5181],[129.8425,33.5165],[129.8471,33.5123],[129.8493,33.507],[129.8548,33.5053],[129.8557,33.5113],[129.8477,33.5159],[129.8481,33.5217],[129.8396,33.5222],[129.8455,33.5251],[129.8508,33.522],[129.8562,33.5191],[129.8518,33.5255],[129.8555,33.5325],[129.8477,33.5371],[129.846,33.5429],[129.8508,33.5533],[129.8556,33.5518],[129.8587,33.5474],[129.8603,33.5421],[129.8718,33.5364],[129.8793,33.5301],[129.8774,33.5253],[129.8738,33.5204],[129.8814,33.5212],[129.8827,33.5263],[129.8832,33.5369],[129.8868,33.5411],[129.8903,33.5372],[129.8901,33.5469],[129.8958,33.5494],[129.904,33.5445],[129.9079,33.5493],[129.9101,33.5438],[129.9161,33.5419],[129.927,33.5457],[129.9314,33.5489],[129.9288,33.537],[129.9467,33.5279],[129.956,33.5295],[129.9567,33.5217],[129.9597,33.5145],[129.9678,33.5132],[129.961,33.5045],[129.9526,33.5032],[129.9435,33.4935],[129.945,33.4846],[129.9393,33.4823],[129.9386,33.4733],[129.9469,33.4723],[129.9469,33.4777],[129.9546,33.4693],[129.953,33.4745],[129.9574,33.4705],[129.9569,33.4778],[129.9601,33.4833],[129.97,33.4763],[129.9601,33.4689],[129.9635,33.4631],[129.9643,33.4631],[129.9612,33.4586],[129.9671,33.4552],[129.9771,33.4544],[129.9968,33.4467],[130.0194,33.4463],[130.0324,33.4499],[130.0402,33.4558],[130.0361,33.461],[130.0387,33.4697]]]]}},{"type":"Feature","properties":{"nam":"Kumamoto Ken","nam_ja":"\u718a\u672c\u770c","id":43},"geometry":{"type":"MultiPolygon","coordinates":[[[[131.1104,33.1831],[131.1148,33.1801],[131.1178,33.1699],[131.1299,33.1661],[131.1329,33.1603],[131.145,33.1559],[131.1597,33.1409],[131.1662,33.1285],[131.1651,33.1195],[131.1658,33.1141],[131.1694,33.1073],[131.1728,33.099],[131.1727,33.0865],[131.1859,33.0739],[131.1921,33.0777],[131.1969,33.0741],[131.203,33.0637],[131.2145,33.055],[131.2157,33.0473],[131.2186,33.0382],[131.2256,33.0194],[131.2271,33.0109],[131.2329,33.0089],[131.2377,33.0032],[131.2468,32.9952],[131.246,32.9836],[131.2576,32.9782],[131.2628,32.9762],[131.2559,32.964],[131.2468,32.9634],[131.2503,32.9569],[131.2468,32.9531],[131.2519,32.9464],[131.2468,32.9413],[131.2468,32.933],[131.2526,32.9199],[131.2529,32.9085],[131.2531,32.8992],[131.2549,32.8919],[131.2632,32.8791],[131.2726,32.8815],[131.2724,32.8719],[131.2823,32.8657],[131.2927,32.8583],[131.3037,32.8535],[131.3093,32.8527],[131.3163,32.8476],[131.3219,32.8425],[131.3266,32.8365],[131.3227,32.8287],[131.3162,32.8281],[131.3031,32.829],[131.2915,32.8277],[131.2866,32.8307],[131.2761,32.8287],[131.2722,32.8243],[131.2649,32.8262],[131.2619,32.8183],[131.2546,32.8161],[131.2541,32.8059],[131.2468,32.8006],[131.2452,32.7951],[131.2447,32.7875],[131.2385,32.7847],[131.2344,32.7811],[131.2444,32.7713],[131.2392,32.7583],[131.2334,32.7533],[131.2342,32.7442],[131.2118,32.7289],[131.2067,32.7299],[131.1937,32.7247],[131.1788,32.7111],[131.1799,32.7038],[131.1762,32.6971],[131.1744,32.6889],[131.1735,32.6793],[131.1627,32.6716],[131.1574,32.6774],[131.1497,32.6793],[131.1429,32.6761],[131.1424,32.6699],[131.1323,32.659],[131.1261,32.6539],[131.1218,32.6441],[131.1162,32.6427],[131.1185,32.6307],[131.1162,32.6225],[131.1154,32.6105],[131.1193,32.6057],[131.1179,32.5985],[131.1133,32.5925],[131.1061,32.5891],[131.1073,32.5831],[131.0991,32.5785],[131.0913,32.579],[131.0809,32.581],[131.075,32.5841],[131.0646,32.5852],[131.0564,32.5865],[131.0503,32.5865],[131.0427,32.5825],[131.0405,32.5734],[131.0368,32.5652],[131.039,32.5565],[131.0349,32.5529],[131.0243,32.5531],[131.0186,32.5491],[131.0227,32.5363],[131.0249,32.5209],[131.0188,32.5197],[131.0146,32.5157],[131.0079,32.5032],[131.0062,32.4925],[131.0111,32.4813],[131.0151,32.4725],[131.016,32.4673],[131.0134,32.4629],[131.0153,32.4534],[131.019,32.4395],[131.0243,32.434],[131.0329,32.4199],[131.0372,32.4167],[131.0422,32.4091],[131.0502,32.4079],[131.0603,32.4075],[131.0665,32.4074],[131.0702,32.3983],[131.0721,32.3921],[131.0685,32.3845],[131.0782,32.3733],[131.0733,32.3661],[131.0735,32.3575],[131.0905,32.3498],[131.102,32.3418],[131.1045,32.3365],[131.1086,32.3319],[131.1068,32.325],[131.1002,32.3115],[131.0915,32.2971],[131.0872,32.2929],[131.0793,32.2851],[131.0712,32.2802],[131.0608,32.2856],[131.0549,32.2865],[131.0494,32.2793],[131.0527,32.2745],[131.0521,32.266],[131.0465,32.2643],[131.0422,32.2604],[131.0414,32.2532],[131.0462,32.244],[131.0541,32.2459],[131.0687,32.2367],[131.0682,32.2251],[131.0775,32.2181],[131.0827,32.2071],[131.0879,32.2057],[131.0997,32.2014],[131.1025,32.1928],[131.1018,32.1811],[131.1012,32.1743],[131.1081,32.1599],[131.0963,32.1528],[131.0859,32.1537],[131.0711,32.1601],[131.0583,32.1553],[131.053,32.1577],[131.049,32.1627],[131.0409,32.1652],[131.0368,32.1699],[131.0263,32.1708],[131.0176,32.1699],[131.0127,32.1738],[131.0037,32.1699],[130.9968,32.1594],[130.9916,32.1576],[130.9942,32.1508],[130.9842,32.1432],[130.9755,32.1377],[130.9722,32.1337],[130.9736,32.1216],[130.9617,32.12],[130.956,32.1166],[130.9444,32.1187],[130.9328,32.1162],[130.9269,32.1223],[130.9165,32.1248],[130.9125,32.1306],[130.9073,32.1325],[130.9007,32.1323],[130.8965,32.1271],[130.8832,32.1228],[130.8774,32.1209],[130.8718,32.1149],[130.8631,32.1039],[130.8565,32.0995],[130.849,32.1038],[130.8435,32.1038],[130.8386,32.1067],[130.8315,32.1045],[130.8231,32.1],[130.8202,32.0949],[130.8104,32.0983],[130.7794,32.0993],[130.7724,32.1004],[130.7581,32.0967],[130.7528,32.1032],[130.7468,32.1031],[130.7417,32.0983],[130.739,32.1043],[130.7343,32.1087],[130.7275,32.1023],[130.7197,32.1006],[130.71,32.1041],[130.7013,32.1057],[130.6807,32.1199],[130.6739,32.1239],[130.6698,32.1281],[130.6633,32.1309],[130.6541,32.1355],[130.6507,32.1511],[130.641,32.1519],[130.6343,32.1539],[130.6218,32.1558],[130.6137,32.1675],[130.6154,32.1738],[130.6098,32.1863],[130.604,32.1869],[130.5908,32.1859],[130.5954,32.1768],[130.5897,32.1699],[130.585,32.1601],[130.5814,32.1546],[130.5704,32.1542],[130.5623,32.1549],[130.549,32.1509],[130.5414,32.1493],[130.5386,32.137],[130.5279,32.1365],[130.5187,32.1352],[130.5132,32.1379],[130.5046,32.1405],[130.5004,32.1366],[130.4918,32.1337],[130.4867,32.1348],[130.4821,32.1389],[130.476,32.1389],[130.4748,32.1221],[130.4646,32.1193],[130.4577,32.1167],[130.4533,32.1134],[130.4485,32.1164],[130.4418,32.1149],[130.4284,32.1139],[130.4035,32.1197],[130.3921,32.1333],[130.3864,32.1456],[130.3813,32.1496],[130.3718,32.1583],[130.366,32.1627],[130.36,32.1678],[130.3625,32.1743],[130.3594,32.1803],[130.3669,32.181],[130.3718,32.1767],[130.379,32.176],[130.3769,32.1825],[130.3752,32.1884],[130.3788,32.1939],[130.3718,32.2001],[130.3785,32.2059],[130.3838,32.2074],[130.3772,32.2109],[130.3822,32.2135],[130.3876,32.2141],[130.3905,32.2231],[130.3974,32.2224],[130.3932,32.2265],[130.4016,32.2353],[130.406,32.2321],[130.4128,32.2323],[130.4185,32.2351],[130.427,32.2344],[130.4347,32.2368],[130.4277,32.2441],[130.424,32.2504],[130.43,32.2519],[130.4352,32.2532],[130.4318,32.2595],[130.4342,32.2685],[130.4411,32.2689],[130.4487,32.2717],[130.444,32.2785],[130.4508,32.2824],[130.4573,32.2898],[130.463,32.2765],[130.4665,32.2846],[130.4651,32.2911],[130.4642,32.2961],[130.469,32.2913],[130.472,32.2861],[130.4794,32.2887],[130.4816,32.295],[130.489,32.2961],[130.4815,32.2986],[130.4712,32.3011],[130.4723,32.3084],[130.4703,32.3173],[130.4651,32.3194],[130.4685,32.3239],[130.4641,32.3263],[130.4692,32.3265],[130.4726,32.3311],[130.4802,32.3268],[130.4837,32.3327],[130.4804,32.3412],[130.4858,32.3453],[130.4911,32.348],[130.4968,32.3512],[130.5054,32.3538],[130.5014,32.3602],[130.4936,32.3617],[130.4867,32.3598],[130.489,32.3658],[130.4968,32.3728],[130.5037,32.3806],[130.509,32.3869],[130.5165,32.3928],[130.537,32.4101],[130.543,32.416],[130.5464,32.4221],[130.552,32.4227],[130.5587,32.4269],[130.5732,32.4341],[130.5683,32.436],[130.564,32.4559],[130.5683,32.4644],[130.5641,32.4681],[130.5689,32.4753],[130.5471,32.4771],[130.5427,32.4812],[130.5415,32.4953],[130.5474,32.5005],[130.5618,32.4984],[130.5661,32.5032],[130.5536,32.5101],[130.5667,32.5068],[130.5726,32.5094],[130.5624,32.5124],[130.5365,32.5252],[130.5388,32.5332],[130.5437,32.5309],[130.5493,32.5393],[130.5556,32.5429],[130.5615,32.5377],[130.575,32.5583],[130.5826,32.5687],[130.5889,32.5711],[130.6005,32.5865],[130.6083,32.5934],[130.616,32.5876],[130.6218,32.5946],[130.632,32.602],[130.6218,32.6123],[130.6163,32.6173],[130.6218,32.6215],[130.6295,32.6225],[130.6393,32.6235],[130.6532,32.6129],[130.6556,32.619],[130.6533,32.629],[130.6595,32.6313],[130.6555,32.6345],[130.651,32.6424],[130.6419,32.6386],[130.6356,32.6338],[130.6218,32.6327],[130.615,32.6313],[130.5991,32.6251],[130.593,32.6225],[130.5866,32.6228],[130.5757,32.6211],[130.5648,32.6238],[130.5578,32.6228],[130.5444,32.6223],[130.5351,32.6189],[130.5254,32.6182],[130.5185,32.614],[130.5108,32.6116],[130.5028,32.6139],[130.4968,32.6117],[130.4864,32.6125],[130.4801,32.6097],[130.4729,32.6088],[130.466,32.6051],[130.459,32.6067],[130.4606,32.6125],[130.4544,32.6221],[130.4593,32.633],[130.4681,32.6359],[130.4774,32.6405],[130.4821,32.6446],[130.4968,32.6523],[130.5035,32.6542],[130.5117,32.6565],[130.5171,32.6605],[130.5355,32.6647],[130.5413,32.6699],[130.552,32.6864],[130.5565,32.6891],[130.5616,32.6953],[130.5664,32.6988],[130.579,32.7025],[130.5875,32.7043],[130.59,32.7089],[130.5954,32.7107],[130.6075,32.7129],[130.6084,32.7179],[130.6043,32.7211],[130.6056,32.7307],[130.6075,32.7457],[130.6043,32.7532],[130.5994,32.7647],[130.5989,32.7723],[130.5988,32.7783],[130.6044,32.7821],[130.6062,32.7895],[130.6135,32.7925],[130.6092,32.798],[130.6039,32.7999],[130.604,32.8053],[130.6007,32.8106],[130.5919,32.8133],[130.589,32.8259],[130.5837,32.8263],[130.5778,32.8285],[130.5826,32.8321],[130.5834,32.8415],[130.5707,32.8486],[130.5675,32.8435],[130.5288,32.8506],[130.5229,32.8517],[130.5216,32.8669],[130.5268,32.8782],[130.5117,32.8849],[130.4968,32.8933],[130.4755,32.9049],[130.47,32.9004],[130.4646,32.9041],[130.4562,32.905],[130.4625,32.9117],[130.4601,32.9193],[130.4508,32.9089],[130.4433,32.9145],[130.44,32.9199],[130.4419,32.9262],[130.4372,32.9421],[130.4333,32.9535],[130.429,32.9873],[130.4248,32.9945],[130.4164,32.9937],[130.4132,33.0029],[130.4303,33.0051],[130.4411,33.0032],[130.4594,33.0032],[130.4765,33.0027],[130.4817,33.0032],[130.4948,33.0047],[130.5036,33.0045],[130.512,33.0075],[130.5144,33.0119],[130.5113,33.0208],[130.5035,33.0275],[130.5024,33.0386],[130.4968,33.0449],[130.4942,33.0494],[130.503,33.0569],[130.5132,33.0628],[130.5175,33.0654],[130.5259,33.0659],[130.5307,33.0643],[130.5339,33.0737],[130.5362,33.0793],[130.5476,33.0809],[130.5521,33.0833],[130.5567,33.0858],[130.5632,33.0865],[130.5625,33.0933],[130.5603,33.0981],[130.5609,33.104],[130.5703,33.1074],[130.5748,33.1133],[130.5797,33.1157],[130.5883,33.1147],[130.5949,33.1136],[130.6019,33.1141],[130.6091,33.1093],[130.6159,33.1091],[130.6298,33.1121],[130.6368,33.1115],[130.6431,33.1121],[130.6513,33.1101],[130.6588,33.1101],[130.6536,33.1133],[130.6588,33.1157],[130.6606,33.1301],[130.6644,33.1361],[130.6658,33.1455],[130.6668,33.1571],[130.6718,33.1603],[130.6777,33.1651],[130.6816,33.1699],[130.6875,33.165],[130.6922,33.1599],[130.6905,33.1519],[130.6991,33.1531],[130.7069,33.1511],[130.7118,33.1549],[130.7221,33.1517],[130.7305,33.1546],[130.7381,33.1451],[130.7436,33.1427],[130.7533,33.1366],[130.7559,33.1323],[130.7612,33.1317],[130.7652,33.1285],[130.7708,33.1245],[130.776,33.1241],[130.7837,33.124],[130.7921,33.1229],[130.808,33.116],[130.8167,33.114],[130.8207,33.1089],[130.8252,33.1063],[130.8361,33.1047],[130.8424,33.0947],[130.8555,33.0937],[130.8663,33.0903],[130.8718,33.0921],[130.8863,33.0865],[130.8896,33.0769],[130.8956,33.0731],[130.8962,33.0659],[130.905,33.0649],[130.9125,33.059],[130.915,33.0541],[130.9231,33.0527],[130.9334,33.0548],[130.9393,33.053],[130.9491,33.0509],[130.9572,33.0453],[130.9583,33.0375],[130.9693,33.0237],[130.9751,33.0229],[130.988,33.0236],[130.9968,33.0279],[131.0005,33.0313],[131.0106,33.0426],[131.0134,33.0505],[131.0143,33.0579],[131.0166,33.0631],[131.0111,33.0695],[131.0153,33.0806],[131.0222,33.0865],[131.02,33.0913],[131.0139,33.0992],[131.0098,33.1061],[131.005,33.1095],[131.0011,33.1143],[130.9968,33.117],[130.9923,33.1221],[130.9938,33.1284],[130.9776,33.1405],[130.9834,33.1421],[130.9811,33.1473],[130.9816,33.1549],[130.9833,33.1598],[130.9855,33.1699],[130.988,33.1757],[130.9916,33.1833],[131.0006,33.1811],[131.0047,33.1778],[131.0133,33.1772],[131.0275,33.1864],[131.0331,33.1871],[131.0383,33.1943],[131.0464,33.1942],[131.0547,33.1941],[131.0647,33.1925],[131.0812,33.1888],[131.0934,33.1852],[131.0989,33.1878],[131.1104,33.1831]]],[[[130.3533,32.4048],[130.356,32.4099],[130.3516,32.4145],[130.3514,32.4199],[130.3461,32.4199],[130.3453,32.4125],[130.3414,32.4066],[130.3328,32.4029],[130.324,32.3999],[130.3132,32.3978],[130.2931,32.4001],[130.2866,32.3983],[130.2794,32.4012],[130.2738,32.4121],[130.2608,32.4104],[130.2599,32.4046],[130.2526,32.3943],[130.2517,32.3875],[130.2468,32.3855],[130.2336,32.3848],[130.2362,32.3913],[130.2401,32.3967],[130.2457,32.4012],[130.2444,32.4079],[130.2407,32.4149],[130.235,32.4147],[130.2283,32.4199],[130.2276,32.4122],[130.2213,32.4153],[130.2188,32.4239],[130.2108,32.4308],[130.2148,32.4245],[130.2111,32.4211],[130.2076,32.4132],[130.2024,32.4111],[130.1981,32.4057],[130.1999,32.3964],[130.1979,32.3894],[130.1928,32.3884],[130.1983,32.3849],[130.2035,32.3945],[130.2104,32.3947],[130.2189,32.3919],[130.2147,32.3874],[130.2204,32.3883],[130.2227,32.3836],[130.2172,32.3827],[130.2166,32.377],[130.2236,32.3692],[130.2174,32.3621],[130.2107,32.3575],[130.2068,32.3479],[130.2082,32.3365],[130.2032,32.3326],[130.2011,32.3276],[130.1948,32.3239],[130.1903,32.3209],[130.1853,32.3152],[130.1811,32.3112],[130.172,32.3103],[130.1681,32.3157],[130.1677,32.3219],[130.1689,32.329],[130.1745,32.3347],[130.166,32.3311],[130.16,32.3353],[130.1581,32.3217],[130.1517,32.322],[130.1547,32.3134],[130.1481,32.3116],[130.1419,32.3171],[130.1435,32.3103],[130.1396,32.3047],[130.1389,32.2973],[130.1445,32.3027],[130.1514,32.302],[130.1606,32.3015],[130.1653,32.2967],[130.1599,32.2897],[130.1526,32.2861],[130.1487,32.2829],[130.1381,32.2875],[130.1313,32.2849],[130.1218,32.2781],[130.1139,32.2665],[130.1073,32.2645],[130.1093,32.2587],[130.1063,32.2537],[130.1006,32.2547],[130.0916,32.255],[130.0927,32.2487],[130.1009,32.249],[130.0991,32.2436],[130.101,32.2369],[130.0974,32.2288],[130.0898,32.2273],[130.087,32.2331],[130.0846,32.2413],[130.0906,32.243],[130.0848,32.2435],[130.0795,32.2428],[130.0774,32.2339],[130.0821,32.2312],[130.0759,32.2255],[130.0829,32.2196],[130.0771,32.2124],[130.0662,32.2108],[130.061,32.2098],[130.0546,32.2077],[130.0487,32.2054],[130.0442,32.199],[130.0424,32.2089],[130.033,32.2119],[130.0279,32.2139],[130.0309,32.2034],[130.0312,32.1965],[130.0261,32.1977],[130.0231,32.1933],[130.0122,32.1892],[130.0126,32.1959],[130.0113,32.2014],[130.0031,32.1941],[129.9968,32.1958],[129.9906,32.1962],[129.9968,32.2051],[129.9973,32.2142],[129.9996,32.2206],[130.0049,32.2162],[130.0039,32.2111],[130.0083,32.217],[130.0126,32.2313],[130.0102,32.2375],[130.0044,32.2364],[129.9968,32.2395],[129.9898,32.2385],[129.9938,32.245],[129.9985,32.2532],[129.9925,32.2478],[129.9858,32.242],[129.9742,32.2399],[129.9674,32.2427],[129.9698,32.2471],[129.9735,32.2532],[129.9779,32.2628],[129.9832,32.2693],[129.9874,32.2759],[129.9917,32.2815],[129.9968,32.2851],[130.0058,32.2915],[130.0117,32.2987],[130.0202,32.3011],[130.0269,32.2956],[130.0249,32.2882],[130.0312,32.2802],[130.0358,32.2773],[130.0315,32.2833],[130.0335,32.288],[130.0307,32.2959],[130.0335,32.3021],[130.0381,32.2995],[130.0442,32.2979],[130.0484,32.3041],[130.0463,32.2961],[130.0482,32.2893],[130.0497,32.2835],[130.0544,32.2792],[130.0619,32.2784],[130.0619,32.2845],[130.0663,32.2876],[130.0603,32.2959],[130.0699,32.2995],[130.0649,32.3055],[130.0567,32.3033],[130.0542,32.3085],[130.0459,32.3101],[130.0409,32.3143],[130.0363,32.3057],[130.0307,32.3029],[130.0277,32.3108],[130.0254,32.3153],[130.0209,32.3092],[130.0171,32.3132],[130.0101,32.3115],[130.0048,32.3135],[130.0006,32.3089],[129.9934,32.3105],[129.9929,32.321],[129.9874,32.3167],[129.9864,32.3219],[129.9811,32.3243],[129.9765,32.3297],[129.9794,32.3383],[129.9785,32.3443],[129.9745,32.3535],[129.9841,32.3729],[129.99,32.3754],[129.993,32.3826],[129.9876,32.3831],[129.9941,32.3903],[129.9966,32.3947],[130,32.4009],[130,32.4078],[130.004,32.4118],[130.0029,32.4199],[130.0058,32.4278],[130.0172,32.4391],[130.0236,32.4494],[130.0355,32.4643],[130.0364,32.4697],[130.0411,32.4818],[130.0398,32.4895],[130.0457,32.4886],[130.0423,32.5032],[130.0393,32.5091],[130.035,32.5147],[130.031,32.5209],[130.0119,32.5289],[130.0194,32.5348],[130.0273,32.5378],[130.0357,32.5362],[130.0416,32.5284],[130.0375,32.5324],[130.0328,32.5269],[130.0408,32.5161],[130.0504,32.5154],[130.0632,32.5156],[130.0688,32.5197],[130.074,32.5213],[130.0906,32.5285],[130.1082,32.5397],[130.117,32.5435],[130.1256,32.5467],[130.1461,32.5488],[130.1594,32.55],[130.1671,32.5499],[130.177,32.5497],[130.185,32.5476],[130.1905,32.5379],[130.1979,32.5359],[130.1931,32.5303],[130.1936,32.5209],[130.1909,32.5145],[130.1969,32.5103],[130.1963,32.5032],[130.1921,32.4969],[130.1962,32.4887],[130.2033,32.4802],[130.202,32.4739],[130.2072,32.4728],[130.2014,32.4687],[130.1963,32.463],[130.1951,32.4566],[130.2003,32.4553],[130.1995,32.4477],[130.2039,32.451],[130.2088,32.4528],[130.2152,32.4567],[130.2221,32.4587],[130.2296,32.4607],[130.2354,32.4625],[130.2468,32.4679],[130.2528,32.4751],[130.2573,32.4776],[130.2634,32.4785],[130.2717,32.4821],[130.2765,32.4839],[130.2838,32.4869],[130.2888,32.4839],[130.2902,32.4902],[130.2925,32.4963],[130.2999,32.5032],[130.3048,32.5062],[130.317,32.5174],[130.3328,32.5214],[130.3397,32.5142],[130.346,32.5231],[130.3599,32.5281],[130.361,32.5227],[130.3656,32.5277],[130.3704,32.5257],[130.3686,32.5164],[130.3766,32.5207],[130.3828,32.5241],[130.3767,32.5185],[130.3784,32.5131],[130.3845,32.5153],[130.3895,32.5076],[130.3919,32.4995],[130.3978,32.5032],[130.3991,32.5089],[130.4042,32.5115],[130.4083,32.5157],[130.4154,32.5185],[130.4246,32.5181],[130.431,32.5189],[130.4363,32.5261],[130.4415,32.5277],[130.4473,32.5225],[130.4536,32.521],[130.4599,32.5301],[130.4564,32.5185],[130.4516,32.5114],[130.449,32.5032],[130.44,32.4905],[130.4351,32.479],[130.4351,32.4694],[130.4308,32.4645],[130.4278,32.4555],[130.4178,32.4499],[130.4129,32.4423],[130.4173,32.4393],[130.4103,32.4401],[130.4079,32.4353],[130.4137,32.4333],[130.4187,32.4323],[130.4161,32.4243],[130.4066,32.4227],[130.4085,32.4171],[130.4043,32.4087],[130.3996,32.3989],[130.4029,32.3946],[130.3915,32.3947],[130.3875,32.3911],[130.3831,32.3876],[130.3797,32.3825],[130.3764,32.3883],[130.3692,32.3881],[130.3607,32.3819],[130.3553,32.3768],[130.3547,32.3822],[130.3503,32.3903],[130.3496,32.3983],[130.3533,32.4048]]]]}},{"type":"Feature","properties":{"nam":"Kagawa Ken","nam_ja":"\u9999\u5ddd\u770c","id":37},"geometry":{"type":"MultiPolygon","coordinates":[[[[134.332,34.5631],[134.344,34.5643],[134.3495,34.5641],[134.3447,34.5581],[134.3553,34.5601],[134.3648,34.5611],[134.355,34.5575],[134.3479,34.5513],[134.3443,34.5457],[134.3503,34.5386],[134.3584,34.5339],[134.3553,34.5245],[134.3554,34.5133],[134.3526,34.5074],[134.3475,34.5032],[134.3511,34.4927],[134.344,34.4909],[134.3425,34.4847],[134.3519,34.4786],[134.3514,34.4711],[134.3486,34.4621],[134.3403,34.4523],[134.335,34.4481],[134.3386,34.4402],[134.3378,34.4342],[134.3304,34.4389],[134.3294,34.4455],[134.3241,34.4497],[134.3197,34.4564],[134.3142,34.4554],[134.309,34.4553],[134.301,34.4572],[134.2924,34.4475],[134.2838,34.442],[134.2777,34.4468],[134.2832,34.4459],[134.2851,34.4523],[134.2825,34.4593],[134.2883,34.4621],[134.2934,34.4611],[134.3006,34.4597],[134.3064,34.4629],[134.312,34.4601],[134.3166,34.4707],[134.3128,34.4768],[134.3035,34.4769],[134.2967,34.4798],[134.2923,34.4768],[134.2869,34.4735],[134.2776,34.47],[134.2715,34.4691],[134.2663,34.4645],[134.2591,34.4549],[134.2568,34.4441],[134.2511,34.4377],[134.2468,34.4311],[134.2503,34.425],[134.2468,34.4211],[134.2412,34.4165],[134.232,34.4145],[134.2287,34.4199],[134.2243,34.4259],[134.2313,34.4277],[134.2366,34.4301],[134.2364,34.4375],[134.2236,34.4373],[134.232,34.4432],[134.2375,34.4494],[134.2372,34.4546],[134.2413,34.4581],[134.2369,34.4633],[134.2359,34.4701],[134.2302,34.4688],[134.2324,34.4758],[134.228,34.4797],[134.2219,34.4787],[134.2156,34.4733],[134.2084,34.4829],[134.2017,34.4805],[134.1943,34.4843],[134.1886,34.482],[134.1843,34.4791],[134.1772,34.4756],[134.1709,34.4727],[134.168,34.4655],[134.1633,34.4626],[134.157,34.462],[134.1517,34.4603],[134.1469,34.4683],[134.1413,34.4698],[134.144,34.4783],[134.1568,34.4929],[134.1661,34.4935],[134.17,34.4902],[134.1763,34.4869],[134.1751,34.4927],[134.1652,34.4998],[134.1642,34.5072],[134.156,34.5047],[134.1611,34.5099],[134.1656,34.5143],[134.1672,34.5241],[134.1715,34.5289],[134.1751,34.5205],[134.1823,34.5158],[134.1882,34.519],[134.1955,34.5205],[134.2012,34.5197],[134.2118,34.5229],[134.2216,34.5291],[134.2276,34.5271],[134.2367,34.529],[134.2468,34.5393],[134.2552,34.5429],[134.26,34.5485],[134.2682,34.5533],[134.2753,34.5484],[134.2831,34.5463],[134.289,34.5469],[134.3028,34.5488],[134.3068,34.5532],[134.3128,34.5585],[134.3286,34.5639],[134.332,34.5631]]],[[[134.1348,34.1513],[134.1379,34.1405],[134.1379,34.1324],[134.132,34.1281],[134.1281,34.1231],[134.1218,34.1187],[134.1126,34.1178],[134.1037,34.1158],[134.0921,34.1147],[134.0801,34.1211],[134.0748,34.1175],[134.0705,34.1135],[134.0602,34.1114],[134.0551,34.1167],[134.043,34.1114],[134.0382,34.1],[134.0293,34.096],[134.0261,34.0921],[134.0232,34.0848],[134.0133,34.0864],[134.0017,34.0803],[134.0005,34.0749],[133.9908,34.0729],[133.9845,34.0769],[133.9766,34.075],[133.9718,34.0731],[133.9679,34.0815],[133.961,34.0815],[133.9467,34.0921],[133.9429,34.0997],[133.9372,34.1077],[133.9385,34.1153],[133.93,34.1153],[133.9214,34.1142],[133.9065,34.1018],[133.8992,34.1019],[133.8922,34.108],[133.8802,34.104],[133.8718,34.1009],[133.8658,34.1008],[133.8624,34.1053],[133.8536,34.1037],[133.8461,34.0976],[133.841,34.0949],[133.8329,34.0975],[133.8218,34.0922],[133.8226,34.0865],[133.8183,34.0787],[133.8157,34.0727],[133.7976,34.0695],[133.7897,34.0764],[133.7825,34.08],[133.7774,34.0781],[133.772,34.0725],[133.7629,34.0696],[133.7608,34.065],[133.7547,34.0589],[133.7468,34.0529],[133.7399,34.0501],[133.7296,34.0441],[133.7231,34.0368],[133.7214,34.0258],[133.7114,34.0173],[133.6994,34.0175],[133.6913,34.013],[133.6855,34.0125],[133.6776,34.0171],[133.6707,34.0219],[133.6658,34.0263],[133.6596,34.0275],[133.6449,34.0274],[133.6393,34.0259],[133.6343,34.0296],[133.6294,34.0353],[133.6218,34.0351],[133.6149,34.0327],[133.6072,34.0365],[133.5979,34.0436],[133.6128,34.0458],[133.6218,34.0492],[133.6269,34.0529],[133.6336,34.0716],[133.6312,34.0802],[133.6367,34.0836],[133.6385,34.0922],[133.6358,34.1033],[133.6361,34.1137],[133.6327,34.1231],[133.638,34.1263],[133.641,34.1495],[133.6436,34.1546],[133.6457,34.1642],[133.6468,34.1699],[133.6471,34.1768],[133.6477,34.1853],[133.6479,34.1935],[133.6433,34.1913],[133.6365,34.2035],[133.6346,34.2085],[133.6258,34.2139],[133.6188,34.2195],[133.6099,34.2231],[133.6051,34.2333],[133.5899,34.2383],[133.5837,34.2418],[133.5741,34.2435],[133.579,34.2481],[133.5732,34.2532],[133.5701,34.2588],[133.5571,34.2613],[133.5715,34.2655],[133.5798,34.2609],[133.5853,34.2611],[133.5891,34.2564],[133.5994,34.2532],[133.607,34.252],[133.617,34.2447],[133.6218,34.2355],[133.6327,34.2385],[133.6471,34.2329],[133.6541,34.2341],[133.6571,34.2387],[133.6646,34.2403],[133.6716,34.2465],[133.6669,34.2342],[133.6706,34.2269],[133.6746,34.2369],[133.6751,34.2271],[133.681,34.2339],[133.6874,34.2329],[133.6942,34.2369],[133.7027,34.2375],[133.7082,34.2407],[133.7119,34.246],[133.7209,34.2532],[133.7316,34.2601],[133.7366,34.2632],[133.7302,34.2715],[133.7307,34.2786],[133.7353,34.2809],[133.7394,34.2756],[133.7444,34.2727],[133.7398,34.2819],[133.7461,34.2853],[133.7509,34.28],[133.7569,34.2818],[133.7605,34.2868],[133.7668,34.2861],[133.7721,34.2883],[133.7615,34.2999],[133.7777,34.2895],[133.7749,34.2959],[133.7816,34.2993],[133.7756,34.3038],[133.7813,34.3099],[133.7894,34.2991],[133.7923,34.2942],[133.7911,34.2995],[133.7961,34.3016],[133.7908,34.3064],[133.7965,34.3059],[133.8058,34.3106],[133.814,34.3167],[133.82,34.3187],[133.8255,34.3235],[133.8202,34.3365],[133.8215,34.3445],[133.8186,34.3529],[133.8246,34.3499],[133.84,34.3608],[133.8291,34.3477],[133.8284,34.3425],[133.8457,34.3543],[133.8483,34.3591],[133.8559,34.3577],[133.8565,34.3456],[133.849,34.3401],[133.8381,34.3386],[133.8311,34.3335],[133.834,34.3248],[133.8437,34.3272],[133.8498,34.3301],[133.8475,34.3248],[133.8544,34.3283],[133.8628,34.3268],[133.8615,34.3319],[133.8698,34.3337],[133.8709,34.3397],[133.8779,34.3447],[133.8816,34.341],[133.8896,34.3512],[133.894,34.3542],[133.8904,34.3589],[133.8884,34.374],[133.8954,34.3831],[133.9002,34.3781],[133.907,34.3783],[133.9125,34.3797],[133.9206,34.3778],[133.927,34.3896],[133.9319,34.3876],[133.9374,34.3819],[133.9372,34.3768],[133.9449,34.3752],[133.947,34.3807],[133.9588,34.3775],[133.9619,34.3705],[133.9651,34.3623],[133.9711,34.3681],[133.9759,34.3733],[133.9799,34.3676],[133.9877,34.3618],[133.9968,34.3546],[134.0008,34.3511],[134.0063,34.3548],[134.0154,34.3562],[134.0091,34.3559],[134.0186,34.3529],[134.032,34.353],[134.0374,34.3493],[134.0416,34.3527],[134.053,34.3517],[134.059,34.3513],[134.0623,34.3577],[134.0697,34.362],[134.0678,34.3475],[134.0742,34.3513],[134.0744,34.3618],[134.079,34.3476],[134.0899,34.3627],[134.0911,34.3848],[134.102,34.3774],[134.1148,34.3591],[134.1222,34.3606],[134.1162,34.3711],[134.1163,34.3772],[134.1218,34.3783],[134.1244,34.3873],[134.1193,34.3941],[134.1258,34.396],[134.1318,34.3997],[134.1382,34.3987],[134.1439,34.3961],[134.1568,34.3903],[134.1621,34.3842],[134.1632,34.3752],[134.1601,34.3712],[134.1571,34.3657],[134.1596,34.3543],[134.1563,34.3451],[134.1563,34.3365],[134.165,34.3259],[134.1718,34.3242],[134.1795,34.3253],[134.1784,34.3329],[134.1842,34.3327],[134.1892,34.3313],[134.1851,34.3365],[134.1849,34.3427],[134.1817,34.3526],[134.1893,34.3501],[134.1906,34.3443],[134.1977,34.3457],[134.2027,34.3429],[134.2129,34.3502],[134.208,34.3583],[134.2042,34.3651],[134.2101,34.3694],[134.2179,34.3507],[134.2217,34.3471],[134.2299,34.3401],[134.2362,34.3375],[134.2408,34.3414],[134.2468,34.3499],[134.2553,34.3474],[134.2581,34.3365],[134.2653,34.3365],[134.2615,34.3304],[134.2651,34.3197],[134.2586,34.3142],[134.2468,34.3077],[134.2468,34.3025],[134.2469,34.2969],[134.2532,34.2899],[134.262,34.2829],[134.2672,34.2832],[134.2741,34.2879],[134.2763,34.2823],[134.2877,34.2755],[134.2928,34.2741],[134.298,34.2756],[134.3053,34.2778],[134.3182,34.2716],[134.3379,34.2562],[134.3432,34.2538],[134.3547,34.2532],[134.3636,34.2495],[134.3718,34.2515],[134.3767,34.2569],[134.3915,34.2532],[134.3978,34.2429],[134.4003,34.2379],[134.4091,34.2367],[134.4057,34.2314],[134.4075,34.2246],[134.4133,34.2218],[134.4367,34.2072],[134.4388,34.1982],[134.4383,34.1916],[134.4287,34.1831],[134.4334,34.178],[134.4334,34.1699],[134.4184,34.1575],[134.4124,34.1568],[134.4096,34.1619],[134.4016,34.1679],[134.3923,34.1636],[134.3844,34.1659],[134.3809,34.1721],[134.3752,34.1716],[134.3612,34.1815],[134.3493,34.1853],[134.3458,34.1767],[134.3426,34.1724],[134.3327,34.1751],[134.3264,34.1736],[134.3139,34.1771],[134.3086,34.1717],[134.3026,34.1705],[134.2911,34.1791],[134.2765,34.1765],[134.2715,34.1815],[134.2594,34.1833],[134.2538,34.1805],[134.2468,34.1787],[134.2312,34.1801],[134.2207,34.1798],[134.2082,34.1746],[134.1988,34.1751],[134.1873,34.1725],[134.1821,34.1739],[134.1745,34.175],[134.1694,34.175],[134.1631,34.1699],[134.1549,34.1665],[134.1456,34.1649],[134.14,34.1549],[134.1348,34.1513]]]]}},{"type":"Feature","properties":{"nam":"Aichi Ken","nam_ja":"\u611b\u77e5\u770c","id":23},"geometry":{"type":"MultiPolygon","coordinates":[[[[136.9609,35.4145],[136.963,35.4199],[136.9714,35.4222],[136.9777,35.4225],[136.9911,35.4247],[136.9861,35.4199],[136.978,35.4041],[136.9887,35.401],[136.9913,35.3933],[136.9987,35.3905],[137.0002,35.3844],[137.015,35.3813],[137.0177,35.3766],[137.0262,35.3752],[137.0299,35.3707],[137.0356,35.3679],[137.0454,35.3669],[137.049,35.358],[137.0459,35.3512],[137.0462,35.3397],[137.05,35.3347],[137.0603,35.3389],[137.0681,35.3351],[137.0722,35.3257],[137.063,35.3185],[137.0664,35.31],[137.0764,35.3062],[137.0803,35.2951],[137.0925,35.2924],[137.0985,35.2938],[137.1022,35.3016],[137.1159,35.2977],[137.1296,35.2935],[137.1453,35.2799],[137.1504,35.2811],[137.1607,35.2826],[137.1713,35.2751],[137.1761,35.2703],[137.1731,35.2647],[137.1778,35.2591],[137.1836,35.2546],[137.1898,35.2528],[137.1971,35.2532],[137.2037,35.2552],[137.2096,35.2583],[137.2198,35.2596],[137.2283,35.2597],[137.2371,35.2653],[137.2421,35.2647],[137.2514,35.2697],[137.2586,35.2747],[137.2602,35.2801],[137.2626,35.2851],[137.27,35.2864],[137.2756,35.2905],[137.283,35.2882],[137.2939,35.2893],[137.3011,35.2896],[137.3078,35.2911],[137.3243,35.2817],[137.3313,35.2775],[137.3378,35.2751],[137.3452,35.2726],[137.3401,35.264],[137.3443,35.2578],[137.3516,35.2579],[137.3642,35.2608],[137.3718,35.2631],[137.3784,35.2586],[137.3832,35.2601],[137.3859,35.2532],[137.3838,35.248],[137.3892,35.24],[137.3978,35.2409],[137.4044,35.2383],[137.417,35.2402],[137.427,35.2255],[137.4365,35.2258],[137.4422,35.2337],[137.4503,35.2351],[137.4542,35.2405],[137.4601,35.24],[137.4666,35.2465],[137.476,35.2532],[137.4833,35.2555],[137.4932,35.2592],[137.4968,35.2642],[137.5054,35.2634],[137.5135,35.2703],[137.518,35.2747],[137.5196,35.2831],[137.526,35.2843],[137.534,35.2815],[137.5397,35.2816],[137.5448,35.2812],[137.5495,35.2831],[137.5615,35.2839],[137.5618,35.2893],[137.5673,35.2896],[137.5702,35.2821],[137.5651,35.2798],[137.5556,35.2736],[137.557,35.2642],[137.551,35.2601],[137.5459,35.2532],[137.5528,35.2401],[137.5647,35.2331],[137.5705,35.2271],[137.5768,35.2203],[137.5775,35.2105],[137.5774,35.1993],[137.5884,35.1995],[137.595,35.2009],[137.6052,35.2068],[137.6135,35.2096],[137.6198,35.2107],[137.6337,35.2119],[137.644,35.209],[137.6449,35.214],[137.6534,35.2175],[137.6535,35.2241],[137.6636,35.2278],[137.6686,35.2276],[137.6747,35.2309],[137.6822,35.2347],[137.687,35.2307],[137.694,35.2336],[137.6999,35.2317],[137.7056,35.2336],[137.7123,35.2289],[137.7178,35.2293],[137.7217,35.2226],[137.7293,35.2215],[137.7362,35.222],[137.7453,35.2193],[137.7597,35.2215],[137.7678,35.218],[137.7682,35.2126],[137.7698,35.206],[137.7797,35.2032],[137.7848,35.2057],[137.796,35.2048],[137.8022,35.2074],[137.8229,35.2158],[137.838,35.2125],[137.8317,35.2111],[137.8307,35.2049],[137.822,35.2039],[137.819,35.1957],[137.8143,35.1865],[137.8074,35.1877],[137.803,35.1832],[137.8084,35.1763],[137.8138,35.1741],[137.8232,35.1699],[137.8211,35.1583],[137.8285,35.1537],[137.8213,35.1481],[137.8145,35.1525],[137.8121,35.144],[137.8098,35.1372],[137.8041,35.1306],[137.7965,35.1365],[137.7931,35.1277],[137.7987,35.1254],[137.7997,35.1123],[137.8002,35.1053],[137.7946,35.1022],[137.7919,35.0953],[137.7796,35.098],[137.7735,35.0896],[137.7746,35.0771],[137.7676,35.0723],[137.7602,35.0683],[137.7468,35.0604],[137.7365,35.0525],[137.7327,35.0465],[137.7279,35.0399],[137.7228,35.0387],[137.7172,35.035],[137.7145,35.0255],[137.7106,35.0221],[137.7047,35.0147],[137.7009,35.0032],[137.7034,34.9971],[137.7042,34.9905],[137.7003,34.9837],[137.7071,34.9723],[137.6961,34.9714],[137.6905,34.9626],[137.6883,34.9563],[137.6786,34.9487],[137.669,34.9482],[137.6614,34.9457],[137.6563,34.9391],[137.6508,34.9318],[137.6521,34.9249],[137.6489,34.9199],[137.6465,34.9096],[137.6404,34.9011],[137.6398,34.8921],[137.634,34.8865],[137.6242,34.8812],[137.6168,34.8773],[137.6109,34.875],[137.5971,34.8722],[137.5961,34.8666],[137.5933,34.8571],[137.5868,34.8499],[137.575,34.8507],[137.5652,34.8521],[137.5559,34.8517],[137.5493,34.8488],[137.5434,34.8433],[137.5383,34.8418],[137.533,34.8441],[137.5208,34.8385],[137.502,34.8328],[137.4987,34.8267],[137.4968,34.8205],[137.4936,34.8161],[137.4868,34.8114],[137.4922,34.8043],[137.492,34.7938],[137.4928,34.7867],[137.486,34.7835],[137.481,34.781],[137.4768,34.7735],[137.4768,34.763],[137.4768,34.7563],[137.4756,34.7471],[137.4799,34.7403],[137.4784,34.7345],[137.4808,34.7301],[137.4828,34.7195],[137.4881,34.7152],[137.491,34.7001],[137.4875,34.6869],[137.4844,34.6829],[137.4847,34.6772],[137.4548,34.6699],[137.4373,34.6671],[137.3718,34.6543],[137.3411,34.6476],[137.3192,34.6419],[137.2517,34.6237],[137.2468,34.6221],[137.2214,34.6134],[137.1882,34.6061],[137.1497,34.5921],[137.1443,34.5904],[137.1218,34.5873],[137.1127,34.588],[137.0953,34.5911],[137.0701,34.5865],[137.0373,34.5783],[137.0314,34.5807],[137.0175,34.5783],[137.018,34.5843],[137.0238,34.5865],[137.03,34.599],[137.057,34.6491],[137.0653,34.658],[137.074,34.6623],[137.0796,34.6622],[137.0894,34.6568],[137.0882,34.6497],[137.0961,34.6458],[137.1063,34.6425],[137.1019,34.6395],[137.1023,34.6327],[137.1069,34.6365],[137.1136,34.6357],[137.1218,34.6359],[137.134,34.6399],[137.14,34.6452],[137.1376,34.6499],[137.1309,34.6517],[137.1443,34.6536],[137.156,34.6559],[137.1717,34.6577],[137.1829,34.6656],[137.1873,34.6699],[137.1934,34.6679],[137.199,34.6699],[137.2054,34.6772],[137.2111,34.6786],[137.2213,34.6756],[137.2318,34.6822],[137.234,34.6881],[137.2437,34.6889],[137.2379,34.693],[137.2443,34.6924],[137.2451,34.698],[137.2425,34.7044],[137.2521,34.705],[137.2563,34.6985],[137.2623,34.6968],[137.2668,34.7085],[137.2616,34.7158],[137.2847,34.7309],[137.3008,34.7278],[137.3008,34.6937],[137.2904,34.6937],[137.2868,34.6846],[137.2846,34.6789],[137.2932,34.6813],[137.3054,34.6808],[137.3105,34.6822],[137.3156,34.6883],[137.3084,34.6919],[137.3114,34.6962],[137.3212,34.6942],[137.325,34.7022],[137.316,34.7021],[137.3116,34.6994],[137.3082,34.7248],[137.3174,34.7245],[137.3301,34.7245],[137.3327,34.7189],[137.342,34.7201],[137.3515,34.7274],[137.3472,34.7319],[137.3386,34.7283],[137.3286,34.7302],[137.3203,34.7326],[137.3205,34.7532],[137.3209,34.7709],[137.3305,34.7806],[137.3271,34.7855],[137.3242,34.7901],[137.3112,34.8037],[137.3042,34.808],[137.2979,34.8105],[137.2942,34.8055],[137.286,34.8058],[137.2794,34.8076],[137.2708,34.8046],[137.2627,34.8059],[137.2577,34.8047],[137.2491,34.8103],[137.2429,34.8149],[137.2308,34.8157],[137.2245,34.8192],[137.2161,34.8229],[137.2226,34.8167],[137.2163,34.8173],[137.2189,34.8125],[137.2098,34.8028],[137.1988,34.8107],[137.1889,34.797],[137.1868,34.7921],[137.1879,34.7863],[137.1896,34.7762],[137.1792,34.7671],[137.1705,34.7652],[137.1702,34.7703],[137.177,34.778],[137.1755,34.7839],[137.1682,34.7876],[137.1612,34.7861],[137.1548,34.7823],[137.1463,34.7875],[137.1412,34.788],[137.1357,34.7889],[137.1328,34.7823],[137.1251,34.7828],[137.1218,34.7867],[137.116,34.7895],[137.1055,34.7911],[137.0985,34.7837],[137.0895,34.7771],[137.0837,34.7819],[137.0761,34.7865],[137.0691,34.7866],[137.0626,34.7835],[137.05,34.7797],[137.0424,34.7759],[137.0317,34.7779],[137.0199,34.7843],[137.0146,34.7875],[137.0145,34.7943],[137.0012,34.8031],[136.9978,34.8131],[136.9915,34.816],[136.9819,34.8179],[136.9761,34.8192],[136.9707,34.8207],[136.9642,34.8226],[136.9586,34.8281],[136.9509,34.8234],[136.9521,34.8287],[136.9571,34.8275],[136.9566,34.8334],[136.9535,34.8429],[136.9551,34.8501],[136.9653,34.8669],[136.9682,34.8717],[136.9745,34.8729],[136.9706,34.8771],[136.9765,34.8933],[136.9836,34.8933],[136.9797,34.897],[136.9773,34.9073],[136.979,34.9199],[136.982,34.9294],[136.9849,34.9493],[136.9854,34.9564],[136.9779,34.9444],[136.975,34.9321],[136.9733,34.9199],[136.9689,34.9143],[136.9718,34.9085],[136.9693,34.9015],[136.957,34.8811],[136.9639,34.8765],[136.9585,34.871],[136.9575,34.8761],[136.9439,34.8807],[136.9397,34.8771],[136.9341,34.8746],[136.9406,34.8762],[136.9458,34.8741],[136.9406,34.8627],[136.9279,34.8655],[136.9278,34.8585],[136.9354,34.8573],[136.9349,34.8485],[136.9295,34.8485],[136.9292,34.8365],[136.9295,34.8297],[136.9234,34.8295],[136.925,34.8141],[136.9199,34.8132],[136.9215,34.8057],[136.9192,34.7987],[136.9181,34.7883],[136.9143,34.7709],[136.9189,34.7661],[136.9268,34.7641],[136.9271,34.7577],[136.9356,34.7532],[136.942,34.7473],[136.9479,34.7408],[136.9538,34.7379],[136.9631,34.7347],[136.9693,34.7255],[136.9634,34.7228],[136.9676,34.7189],[136.9693,34.7129],[136.9729,34.7048],[136.9735,34.6993],[136.9659,34.7004],[136.9593,34.7007],[136.9487,34.6999],[136.9396,34.7028],[136.9358,34.7078],[136.9338,34.7025],[136.9278,34.7059],[136.9224,34.7067],[136.9111,34.7133],[136.9021,34.7166],[136.8906,34.7205],[136.8853,34.723],[136.8718,34.7315],[136.8624,34.7383],[136.8587,34.7421],[136.8514,34.7485],[136.8481,34.7532],[136.8415,34.7629],[136.8582,34.8026],[136.8615,34.814],[136.8663,34.8365],[136.8633,34.8465],[136.8581,34.8529],[136.8571,34.8624],[136.8501,34.869],[136.837,34.8759],[136.84,34.88],[136.8324,34.8744],[136.8255,34.8766],[136.8211,34.8837],[136.8234,34.891],[136.8225,34.9026],[136.8233,34.9199],[136.8231,34.9329],[136.825,34.9394],[136.8283,34.9607],[136.8202,34.9662],[136.8308,34.9787],[136.8359,34.9763],[136.8336,34.9822],[136.8411,34.9903],[136.846,34.999],[136.8512,34.9983],[136.8542,35.0032],[136.8443,35.0045],[136.8489,35.0104],[136.8644,35.009],[136.8696,35.0083],[136.8554,35.0147],[136.8689,35.0417],[136.8703,35.0498],[136.8697,35.0624],[136.8718,35.0703],[136.8812,35.0716],[136.8866,35.0704],[136.8898,35.0765],[136.8958,35.0764],[136.8901,35.0777],[136.8963,35.0841],[136.8899,35.0865],[136.8919,35.0917],[136.8847,35.0887],[136.8752,35.0903],[136.8687,35.0928],[136.8675,35.0865],[136.8655,35.0755],[136.8566,35.0724],[136.8579,35.0591],[136.8535,35.0552],[136.8519,35.044],[136.8475,35.0467],[136.8494,35.0402],[136.8379,35.0513],[136.8403,35.0558],[136.8473,35.0559],[136.8436,35.0593],[136.8494,35.0779],[136.8471,35.0833],[136.8387,35.0823],[136.8281,35.0827],[136.8221,35.0783],[136.8233,35.0727],[136.8183,35.0633],[136.8233,35.0683],[136.8317,35.0647],[136.8299,35.0521],[136.8384,35.0309],[136.8121,35.0256],[136.8098,35.0493],[136.8157,35.0493],[136.8064,35.0515],[136.7967,35.0515],[136.7968,35.0385],[136.8003,35.0297],[136.7858,35.0356],[136.7804,35.0335],[136.7961,35.0224],[136.7938,35.0149],[136.7857,35.0195],[136.7778,35.0219],[136.7704,35.0214],[136.7631,35.0349],[136.7531,35.0531],[136.752,35.0589],[136.7509,35.0772],[136.7468,35.0824],[136.7406,35.0865],[136.7335,35.0946],[136.7207,35.1027],[136.7141,35.1049],[136.7016,35.1182],[136.696,35.1236],[136.6775,35.1286],[136.6725,35.1347],[136.6711,35.1438],[136.6741,35.1568],[136.6718,35.1699],[136.6719,35.1878],[136.6831,35.2003],[136.6797,35.2281],[136.6777,35.241],[136.6834,35.2485],[136.6904,35.2532],[136.6994,35.2653],[136.7044,35.2755],[136.7143,35.2855],[136.7252,35.2955],[136.7412,35.3237],[136.7468,35.3316],[136.7498,35.3365],[136.7536,35.3449],[136.7593,35.3581],[136.7703,35.3687],[136.7941,35.3675],[136.8084,35.3597],[136.8308,35.3567],[136.8624,35.3699],[136.8718,35.3731],[136.8905,35.3781],[136.9184,35.3785],[136.9342,35.3878],[136.9611,35.3993],[136.9622,35.4101],[136.9609,35.4145]]]]}},{"type":"Feature","properties":{"nam":"Tochigi Ken","nam_ja":"\u6803\u6728\u770c","id":9},"geometry":{"type":"Polygon","coordinates":[[[139.9614,37.1535],[139.9637,37.1486],[139.9703,37.1487],[139.9763,37.1471],[139.9921,37.1433],[140,37.1431],[140.007,37.1418],[140.0137,37.1406],[140.0192,37.1403],[140.0308,37.1392],[140.0402,37.1381],[140.047,37.1355],[140.0513,37.1307],[140.0599,37.1256],[140.0797,37.1244],[140.0896,37.1217],[140.0957,37.1241],[140.1007,37.1227],[140.1081,37.1177],[140.1218,37.1087],[140.1266,37.1068],[140.1358,37.1043],[140.1486,37.0967],[140.1571,37.0904],[140.1533,37.0865],[140.1603,37.0802],[140.167,37.077],[140.1736,37.0711],[140.1812,37.0691],[140.1941,37.0641],[140.1935,37.0584],[140.1946,37.0531],[140.2002,37.047],[140.1972,37.0378],[140.1992,37.0319],[140.2046,37.024],[140.2113,37.0214],[140.2182,37.0201],[140.2246,37.0239],[140.232,37.0235],[140.2436,37.0249],[140.2499,37.0195],[140.2517,37.0091],[140.2453,37.0038],[140.2408,37.0005],[140.2445,36.9934],[140.2504,36.9886],[140.25,36.9829],[140.2439,36.9771],[140.2459,36.9712],[140.2523,36.9658],[140.2468,36.9585],[140.2408,36.9499],[140.2468,36.9423],[140.2537,36.9411],[140.2618,36.9377],[140.2594,36.9331],[140.2524,36.9277],[140.2489,36.9199],[140.2497,36.913],[140.2501,36.907],[140.2519,36.8969],[140.2538,36.8895],[140.2555,36.8753],[140.2538,36.8614],[140.2525,36.8505],[140.257,36.8469],[140.2556,36.8407],[140.2628,36.8365],[140.264,36.8308],[140.267,36.8236],[140.2661,36.8129],[140.2666,36.7963],[140.2652,36.7887],[140.2539,36.7837],[140.2567,36.7763],[140.2609,36.7673],[140.2555,36.7645],[140.2568,36.7572],[140.2639,36.748],[140.2702,36.7427],[140.2837,36.7333],[140.2874,36.7245],[140.2885,36.7174],[140.2926,36.7127],[140.2848,36.7118],[140.2799,36.7074],[140.2711,36.7055],[140.2585,36.7018],[140.2468,36.7023],[140.243,36.6981],[140.2366,36.6995],[140.2271,36.6932],[140.2206,36.6859],[140.2245,36.6803],[140.2216,36.6743],[140.2316,36.6699],[140.2319,36.6633],[140.2371,36.6551],[140.241,36.6489],[140.2425,36.6364],[140.2339,36.6341],[140.235,36.6251],[140.2461,36.615],[140.2484,36.6063],[140.248,36.5973],[140.2445,36.5865],[140.2449,36.5773],[140.2455,36.5701],[140.2468,36.5647],[140.2468,36.5597],[140.2516,36.5545],[140.2486,36.5495],[140.2488,36.5329],[140.2533,36.5261],[140.2603,36.5176],[140.2493,36.5151],[140.2484,36.5077],[140.2415,36.5032],[140.2358,36.5048],[140.2309,36.5029],[140.2303,36.4934],[140.2236,36.4818],[140.2135,36.473],[140.2094,36.4651],[140.2073,36.4579],[140.2028,36.4543],[140.2055,36.4471],[140.203,36.4405],[140.2021,36.4328],[140.2024,36.4199],[140.1962,36.4106],[140.1916,36.4043],[140.1853,36.3983],[140.1772,36.3981],[140.1644,36.3995],[140.1561,36.3984],[140.1443,36.4141],[140.1304,36.4147],[140.1218,36.4133],[140.1156,36.4113],[140.1101,36.4075],[140.1111,36.3989],[140.101,36.3942],[140.0928,36.4013],[140.0886,36.3983],[140.0839,36.402],[140.079,36.4036],[140.0665,36.4038],[140.0663,36.3943],[140.0692,36.3889],[140.0611,36.3809],[140.0449,36.3751],[140.0342,36.3779],[140.027,36.3759],[140.0219,36.3757],[140.0144,36.3749],[140.0005,36.3766],[140.0035,36.3702],[139.9968,36.3697],[139.9885,36.3675],[139.9812,36.3703],[139.9746,36.3761],[139.9675,36.3695],[139.9653,36.3641],[139.9645,36.3509],[139.9451,36.3484],[139.9383,36.3461],[139.922,36.3413],[139.9142,36.3365],[139.9125,36.329],[139.9112,36.3099],[139.9096,36.3006],[139.904,36.2983],[139.8954,36.3008],[139.8989,36.3066],[139.8913,36.3095],[139.8842,36.3116],[139.8788,36.3146],[139.8826,36.3214],[139.8747,36.3231],[139.8724,36.3172],[139.8673,36.3139],[139.8576,36.3105],[139.8487,36.3113],[139.8354,36.2935],[139.8413,36.2754],[139.8343,36.2688],[139.8289,36.2538],[139.8217,36.2398],[139.7865,36.228],[139.7574,36.2175],[139.7468,36.2109],[139.7274,36.2016],[139.7202,36.2085],[139.7149,36.2101],[139.7071,36.2107],[139.7064,36.2019],[139.6974,36.2063],[139.6914,36.2061],[139.6861,36.2037],[139.6777,36.2014],[139.6743,36.2091],[139.6648,36.2072],[139.6693,36.2125],[139.6655,36.2231],[139.6596,36.2209],[139.6596,36.2281],[139.6551,36.2313],[139.6513,36.2386],[139.646,36.2404],[139.6425,36.2357],[139.6339,36.2532],[139.6362,36.2609],[139.6407,36.2635],[139.6341,36.2701],[139.627,36.2715],[139.6218,36.2737],[139.6101,36.2685],[139.5897,36.2686],[139.5803,36.2678],[139.5719,36.2673],[139.563,36.267],[139.5543,36.2733],[139.5536,36.2794],[139.5447,36.2764],[139.5365,36.2818],[139.5266,36.2846],[139.5212,36.2814],[139.5132,36.2784],[139.5041,36.2811],[139.5002,36.2761],[139.4937,36.274],[139.4875,36.2758],[139.4826,36.2721],[139.4776,36.2723],[139.4727,36.2761],[139.4724,36.2711],[139.4644,36.2715],[139.4591,36.2759],[139.4656,36.2791],[139.4588,36.2886],[139.4437,36.2883],[139.4436,36.2939],[139.4379,36.2971],[139.4358,36.2921],[139.4317,36.2951],[139.4315,36.3011],[139.427,36.3037],[139.4242,36.3079],[139.4184,36.3133],[139.4182,36.3216],[139.4246,36.3239],[139.418,36.3365],[139.3936,36.3477],[139.3889,36.3542],[139.3718,36.365],[139.3674,36.3715],[139.3667,36.3781],[139.3611,36.3838],[139.3686,36.3949],[139.3766,36.4079],[139.3805,36.416],[139.3854,36.4199],[139.3918,36.4248],[139.3946,36.4338],[139.4014,36.4367],[139.4044,36.4415],[139.4109,36.4493],[139.4094,36.4571],[139.4145,36.4618],[139.4202,36.4573],[139.431,36.4576],[139.4351,36.4642],[139.4381,36.475],[139.4319,36.4713],[139.43,36.4807],[139.428,36.4901],[139.4223,36.4905],[139.419,36.4949],[139.4192,36.5009],[139.4236,36.5059],[139.4278,36.5108],[139.4349,36.5213],[139.4389,36.5255],[139.4429,36.5318],[139.4348,36.5329],[139.4372,36.5404],[139.4383,36.5482],[139.4419,36.5523],[139.451,36.5499],[139.4573,36.5532],[139.4657,36.5626],[139.474,36.5667],[139.474,36.5725],[139.4827,36.5783],[139.4778,36.5865],[139.4745,36.5919],[139.4711,36.602],[139.4653,36.6065],[139.459,36.6059],[139.4535,36.6037],[139.4469,36.6072],[139.4376,36.6027],[139.428,36.6011],[139.4207,36.6041],[139.413,36.6079],[139.404,36.6089],[139.3979,36.6023],[139.3886,36.6106],[139.3816,36.6125],[139.3718,36.6119],[139.3627,36.6142],[139.355,36.6145],[139.3488,36.6186],[139.3458,36.6251],[139.3393,36.6266],[139.3309,36.6272],[139.3279,36.6336],[139.3297,36.6407],[139.3281,36.6485],[139.3273,36.6563],[139.3296,36.6613],[139.3353,36.6699],[139.3389,36.6783],[139.3391,36.6849],[139.337,36.6921],[139.3452,36.698],[139.3542,36.7057],[139.3605,36.7137],[139.3632,36.7185],[139.3669,36.7257],[139.3682,36.74],[139.3718,36.7457],[139.358,36.7499],[139.3551,36.7599],[139.3509,36.7635],[139.3536,36.7678],[139.3531,36.7737],[139.3581,36.7745],[139.3622,36.7796],[139.3674,36.7837],[139.3764,36.7886],[139.376,36.7973],[139.378,36.8037],[139.3865,36.8052],[139.3935,36.8097],[139.3935,36.8171],[139.4006,36.8215],[139.4049,36.8254],[139.3987,36.8343],[139.3928,36.8346],[139.3832,36.8365],[139.3779,36.8387],[139.3718,36.8403],[139.3664,36.8414],[139.3639,36.8471],[139.3565,36.8481],[139.3487,36.8527],[139.3539,36.8569],[139.3575,36.8686],[139.3564,36.8781],[139.361,36.8743],[139.369,36.8779],[139.3718,36.8829],[139.3707,36.8878],[139.3762,36.8958],[139.3896,36.9018],[139.3953,36.9053],[139.3934,36.9109],[139.3989,36.9199],[139.4098,36.9272],[139.422,36.9247],[139.4285,36.925],[139.4315,36.9314],[139.4348,36.9375],[139.4358,36.9425],[139.4417,36.9463],[139.4527,36.9508],[139.4573,36.9561],[139.4581,36.9613],[139.4599,36.9697],[139.4656,36.9714],[139.4769,36.9728],[139.4848,36.9751],[139.4947,36.9682],[139.5058,36.9712],[139.5169,36.9781],[139.5256,36.9814],[139.5336,36.9818],[139.5423,36.9878],[139.5487,36.9936],[139.5546,36.9927],[139.5583,36.9971],[139.5648,36.9971],[139.5743,37.002],[139.5801,37.0087],[139.5831,37.0154],[139.5888,37.0149],[139.5972,37.0121],[139.6035,37.0157],[139.6113,37.0138],[139.6192,37.0173],[139.625,37.0273],[139.6268,37.0336],[139.6387,37.0322],[139.6438,37.0361],[139.6523,37.0379],[139.6568,37.0417],[139.6651,37.0406],[139.669,37.045],[139.6735,37.0579],[139.6848,37.0605],[139.6928,37.0626],[139.7013,37.0602],[139.7066,37.0643],[139.7147,37.0687],[139.7274,37.0693],[139.7363,37.0706],[139.746,37.0711],[139.7529,37.0711],[139.7634,37.0766],[139.7688,37.0829],[139.7724,37.0865],[139.7758,37.0917],[139.7893,37.0903],[139.8049,37.0865],[139.8097,37.0849],[139.8153,37.086],[139.822,37.0855],[139.819,37.1005],[139.8204,37.1095],[139.8163,37.1182],[139.8227,37.1235],[139.8286,37.127],[139.831,37.1324],[139.8393,37.1341],[139.8477,37.1395],[139.8538,37.1377],[139.8604,37.1407],[139.8664,37.1474],[139.8718,37.1469],[139.8776,37.1463],[139.8977,37.1536],[139.9091,37.1486],[139.9166,37.1479],[139.9245,37.1521],[139.9306,37.1519],[139.9353,37.1539],[139.9447,37.1535],[139.9549,37.155],[139.9614,37.1535]]]}},{"type":"Feature","properties":{"nam":"Yamanashi Ken","nam_ja":"\u5c71\u68a8\u770c","id":19},"geometry":{"type":"Polygon","coordinates":[[[138.3703,35.9715],[138.3778,35.9717],[138.3828,35.9704],[138.3981,35.9644],[138.4143,35.9594],[138.4196,35.9599],[138.4403,35.9523],[138.4485,35.9461],[138.4541,35.9391],[138.4484,35.9301],[138.4453,35.9232],[138.4472,35.9142],[138.4544,35.9003],[138.4591,35.9037],[138.4711,35.8967],[138.4819,35.8987],[138.4874,35.8963],[138.4945,35.9021],[138.4947,35.9116],[138.5066,35.9199],[138.5168,35.9199],[138.529,35.9147],[138.5393,35.9144],[138.5475,35.9163],[138.554,35.9191],[138.5631,35.917],[138.5689,35.9142],[138.5762,35.9115],[138.5828,35.9181],[138.5878,35.9178],[138.5946,35.9174],[138.5996,35.9139],[138.6055,35.9087],[138.6117,35.9094],[138.6073,35.8967],[138.6066,35.8806],[138.6105,35.8742],[138.6215,35.8704],[138.6279,35.8733],[138.6341,35.8702],[138.6418,35.8741],[138.6484,35.8734],[138.656,35.8759],[138.6611,35.8737],[138.6713,35.8708],[138.6847,35.8893],[138.6905,35.8955],[138.7014,35.9033],[138.7076,35.9094],[138.7135,35.9087],[138.7193,35.9081],[138.7275,35.9093],[138.7348,35.9039],[138.7397,35.9056],[138.7468,35.9028],[138.7582,35.9023],[138.7675,35.8993],[138.7782,35.9001],[138.7911,35.8913],[138.7924,35.8804],[138.793,35.8751],[138.8029,35.8703],[138.8086,35.8696],[138.8136,35.8623],[138.8204,35.8653],[138.8299,35.8652],[138.844,35.8663],[138.8567,35.8641],[138.859,35.8575],[138.8659,35.8585],[138.8718,35.8549],[138.88,35.8468],[138.8865,35.8464],[138.8929,35.8399],[138.8997,35.8469],[138.9099,35.8519],[138.915,35.8525],[138.9282,35.8493],[138.9339,35.8511],[138.944,35.8547],[138.9483,35.8493],[138.9481,35.8417],[138.9533,35.8365],[138.9638,35.8293],[138.9697,35.8313],[138.9697,35.8157],[138.9719,35.8107],[138.9709,35.8038],[138.9733,35.7977],[138.9759,35.7921],[138.9788,35.7879],[138.9846,35.7846],[138.986,35.779],[138.9837,35.7695],[138.9927,35.7571],[138.9968,35.7523],[139.0032,35.7503],[139.0119,35.739],[139.0201,35.7283],[139.0256,35.7193],[139.0323,35.7162],[139.0442,35.7093],[139.0499,35.7077],[139.0545,35.704],[139.0637,35.6999],[139.0715,35.6967],[139.0829,35.6947],[139.0924,35.6907],[139.1,35.6921],[139.1085,35.6896],[139.115,35.6841],[139.1218,35.6787],[139.1295,35.6742],[139.1287,35.6673],[139.124,35.6631],[139.1196,35.6585],[139.1178,35.6531],[139.1218,35.6476],[139.1262,35.6427],[139.1243,35.6324],[139.1239,35.6239],[139.1312,35.618],[139.1279,35.6125],[139.1331,35.6068],[139.1282,35.5936],[139.1218,35.5884],[139.1278,35.5804],[139.1283,35.5707],[139.1291,35.5637],[139.1218,35.5566],[139.115,35.5537],[139.1127,35.5469],[139.1124,35.5408],[139.1088,35.5323],[139.1027,35.526],[139.0909,35.5189],[139.0852,35.5121],[139.0795,35.5123],[139.0726,35.5102],[139.0597,35.5075],[139.0524,35.5097],[139.0461,35.5097],[139.0446,35.5032],[139.0419,35.4973],[139.0365,35.4908],[139.0295,35.487],[139.0266,35.4808],[139.0205,35.4791],[139.0136,35.4793],[139.007,35.4746],[139.0017,35.4748],[138.9944,35.474],[138.9855,35.4698],[138.9787,35.4639],[138.9681,35.4637],[138.9543,35.4599],[138.9377,35.4489],[138.928,35.4368],[138.9272,35.4303],[138.9305,35.4255],[138.9243,35.4143],[138.9174,35.41],[138.9162,35.4005],[138.9055,35.3969],[138.8992,35.3925],[138.8942,35.3908],[138.8879,35.3864],[138.8797,35.3859],[138.8732,35.3815],[138.8624,35.3901],[138.8567,35.388],[138.8521,35.3902],[138.8336,35.3837],[138.83,35.3795],[138.8218,35.3741],[138.8028,35.3763],[138.7865,35.3743],[138.7468,35.3674],[138.73,35.3645],[138.7177,35.3649],[138.7007,35.3627],[138.6804,35.3577],[138.6711,35.3928],[138.6635,35.3983],[138.6389,35.3982],[138.6218,35.3953],[138.6096,35.3932],[138.601,35.4199],[138.5979,35.4308],[138.5942,35.4345],[138.5891,35.4366],[138.5819,35.4457],[138.5778,35.4419],[138.5664,35.4361],[138.5589,35.4341],[138.5567,35.4279],[138.548,35.4199],[138.5422,35.4151],[138.5334,35.4106],[138.533,35.3981],[138.5358,35.3899],[138.528,35.3789],[138.5299,35.3585],[138.5293,35.3499],[138.533,35.343],[138.5346,35.3365],[138.5349,35.3306],[138.529,35.327],[138.5256,35.3228],[138.5125,35.3141],[138.5133,35.3043],[138.5165,35.2967],[138.5205,35.2856],[138.5203,35.2728],[138.5168,35.2675],[138.5214,35.2532],[138.5265,35.235],[138.5322,35.2234],[138.5274,35.2167],[138.5312,35.211],[138.5329,35.2015],[138.5223,35.1991],[138.5144,35.1966],[138.5142,35.1916],[138.5075,35.1864],[138.502,35.1782],[138.4968,35.1747],[138.4928,35.1699],[138.4874,35.1699],[138.482,35.1739],[138.4778,35.1773],[138.4724,35.1761],[138.4623,35.1787],[138.4422,35.1793],[138.4292,35.1819],[138.4189,35.1983],[138.4094,35.2025],[138.3986,35.2003],[138.3954,35.2062],[138.3921,35.2163],[138.3913,35.2227],[138.3882,35.2371],[138.3857,35.2452],[138.3802,35.2532],[138.3718,35.2651],[138.3673,35.2721],[138.368,35.2781],[138.3667,35.2894],[138.3718,35.2977],[138.3654,35.3117],[138.3595,35.3133],[138.3524,35.3159],[138.3466,35.3163],[138.3355,35.3265],[138.3283,35.3275],[138.3175,35.3241],[138.3089,35.3185],[138.2969,35.3165],[138.2856,35.3046],[138.2778,35.3066],[138.2712,35.3133],[138.2613,35.3152],[138.2562,35.3186],[138.2524,35.3257],[138.2488,35.3315],[138.2549,35.3365],[138.2553,35.3415],[138.255,35.3483],[138.2511,35.3623],[138.2468,35.3671],[138.2409,35.3675],[138.233,35.3708],[138.2328,35.3762],[138.2386,35.3859],[138.2433,35.3894],[138.2468,35.3938],[138.2468,35.4],[138.2571,35.4067],[138.2585,35.4199],[138.2596,35.4259],[138.2573,35.4379],[138.2556,35.4443],[138.2499,35.4463],[138.2443,35.4558],[138.2468,35.4634],[138.2526,35.4653],[138.2572,35.4752],[138.2602,35.5032],[138.2677,35.5135],[138.2631,35.5257],[138.2584,35.5297],[138.2584,35.5377],[138.2594,35.5519],[138.2551,35.5546],[138.2468,35.5606],[138.245,35.5691],[138.2396,35.5831],[138.2434,35.5914],[138.2404,35.6045],[138.236,35.6123],[138.2367,35.6207],[138.2288,35.6251],[138.2318,35.639],[138.2283,35.646],[138.2186,35.6445],[138.2101,35.6528],[138.207,35.6613],[138.1973,35.6699],[138.1938,35.6755],[138.1921,35.6865],[138.194,35.6949],[138.1895,35.7029],[138.1803,35.7128],[138.184,35.7199],[138.195,35.7258],[138.2028,35.7348],[138.2181,35.7453],[138.2267,35.7532],[138.2356,35.7575],[138.2336,35.7621],[138.2263,35.7655],[138.2194,35.7712],[138.2135,35.775],[138.2059,35.7827],[138.2006,35.7808],[138.1942,35.7831],[138.1857,35.7903],[138.1915,35.8039],[138.1987,35.8122],[138.2051,35.8154],[138.204,35.8232],[138.2118,35.8365],[138.2176,35.8461],[138.2253,35.8566],[138.2309,35.8721],[138.2379,35.8822],[138.2468,35.8855],[138.2605,35.8783],[138.2673,35.8721],[138.2772,35.862],[138.2835,35.8595],[138.2922,35.8667],[138.3067,35.8863],[138.3249,35.9028],[138.3349,35.9199],[138.3415,35.9253],[138.3439,35.9306],[138.3451,35.9411],[138.3562,35.9507],[138.36,35.9569],[138.3615,35.9624],[138.3678,35.9664],[138.3701,35.9709],[138.3703,35.9715]]]}},{"type":"Feature","properties":{"nam":"Shiga Ken","nam_ja":"\u6ecb\u8cc0\u770c","id":25},"geometry":{"type":"Polygon","coordinates":[[[136.15,35.6978],[136.1571,35.7002],[136.1632,35.6962],[136.168,35.7028],[136.1746,35.7035],[136.1812,35.7017],[136.1911,35.7013],[136.1952,35.6958],[136.1993,35.6895],[136.2052,35.6871],[136.2127,35.6822],[136.2182,35.6845],[136.2273,35.6805],[136.232,35.6826],[136.2367,35.6799],[136.245,35.674],[136.2505,35.676],[136.2582,35.6713],[136.2647,35.6705],[136.271,35.6661],[136.2804,35.6611],[136.2759,35.6533],[136.2828,35.6433],[136.2789,35.6369],[136.2833,35.6317],[136.2869,35.6261],[136.2887,35.6203],[136.2989,35.618],[136.3049,35.6207],[136.3102,35.6233],[136.3154,35.6233],[136.3233,35.6163],[136.3163,35.6071],[136.32,35.6013],[136.3231,35.5865],[136.3215,35.5687],[136.3173,35.5601],[136.3169,35.5535],[136.3178,35.5469],[136.3254,35.5462],[136.3319,35.5505],[136.3377,35.5494],[136.3402,35.5419],[136.3457,35.536],[136.3563,35.5399],[136.3633,35.559],[136.3718,35.5597],[136.3749,35.5548],[136.3794,35.5467],[136.3817,35.5373],[136.3849,35.5329],[136.3968,35.5317],[136.4008,35.5263],[136.3998,35.5205],[136.4053,35.5135],[136.3997,35.5135],[136.3944,35.5067],[136.3876,35.4956],[136.3872,35.4879],[136.3934,35.4844],[136.3987,35.4782],[136.4012,35.4716],[136.4136,35.4669],[136.4197,35.4665],[136.4226,35.4543],[136.4255,35.4477],[136.4221,35.4407],[136.417,35.4341],[136.4182,35.4271],[136.4114,35.421],[136.4206,35.4114],[136.4242,35.4059],[136.4296,35.3999],[136.4364,35.3968],[136.4433,35.3898],[136.4355,35.3785],[136.4248,35.3737],[136.4178,35.3733],[136.4123,35.3685],[136.4113,35.3585],[136.4114,35.3521],[136.4166,35.3545],[136.4206,35.3466],[136.415,35.3365],[136.4111,35.3278],[136.4108,35.3138],[136.4067,35.3091],[136.4047,35.3039],[136.3979,35.2974],[136.3908,35.2878],[136.3955,35.2787],[136.3942,35.259],[136.3931,35.2532],[136.3849,35.2483],[136.3788,35.2451],[136.385,35.2371],[136.3925,35.2334],[136.3988,35.2273],[136.41,35.2219],[136.4149,35.2177],[136.4157,35.2072],[136.4124,35.1955],[136.4102,35.1892],[136.4186,35.1834],[136.4366,35.1745],[136.4408,35.1715],[136.4456,35.1659],[136.4522,35.1657],[136.4532,35.1582],[136.4538,35.152],[136.449,35.1495],[136.4436,35.1431],[136.4374,35.1353],[136.436,35.1301],[136.4478,35.1235],[136.4407,35.1169],[136.4411,35.1119],[136.4414,35.1007],[136.4391,35.095],[136.4419,35.0867],[136.4356,35.0827],[136.4386,35.0763],[136.4412,35.0651],[136.4336,35.0603],[136.4278,35.0564],[136.4205,35.0507],[136.4167,35.0422],[136.4187,35.03],[136.4241,35.029],[136.4198,35.0206],[136.4175,35.0091],[136.4194,35.0032],[136.413,34.9953],[136.4148,34.9847],[136.4143,34.9796],[136.4028,34.9681],[136.3952,34.9517],[136.39,34.9515],[136.373,34.9418],[136.3718,34.9344],[136.3718,34.9273],[136.3666,34.9204],[136.367,34.9141],[136.3656,34.9049],[136.3571,34.9005],[136.3496,34.8985],[136.3455,34.8952],[136.3393,34.8953],[136.3288,34.8906],[136.3205,34.8897],[136.3129,34.8862],[136.3122,34.8803],[136.3032,34.8749],[136.291,34.8704],[136.277,34.8742],[136.2722,34.8691],[136.2663,34.8639],[136.2503,34.8578],[136.2432,34.8587],[136.2369,34.8598],[136.2319,34.8613],[136.2254,34.8616],[136.2182,34.8656],[136.2052,34.8687],[136.1966,34.871],[136.1897,34.8745],[136.1817,34.8781],[136.1794,34.8837],[136.1669,34.8877],[136.1591,34.8858],[136.1519,34.8833],[136.1367,34.8883],[136.1326,34.8837],[136.1229,34.8887],[136.1187,34.8922],[136.1146,34.8953],[136.1106,34.9019],[136.1051,34.8991],[136.0999,34.8925],[136.0956,34.8888],[136.087,34.8905],[136.0887,34.8818],[136.0852,34.8777],[136.0951,34.8734],[136.1009,34.8703],[136.1086,34.8698],[136.1141,34.8702],[136.1192,34.8711],[136.1257,34.8699],[136.1266,34.8618],[136.1218,34.8601],[136.116,34.8556],[136.1073,34.8519],[136.1056,34.8431],[136.0987,34.839],[136.0909,34.8365],[136.0857,34.8375],[136.0892,34.8322],[136.0922,34.821],[136.0903,34.8139],[136.0818,34.8082],[136.0714,34.8043],[136.0634,34.8016],[136.0568,34.8035],[136.0515,34.7991],[136.0422,34.7987],[136.0369,34.7937],[136.0263,34.7907],[136.018,34.7932],[136.0113,34.7956],[136.0104,34.8007],[136.0185,34.8127],[136.0252,34.8145],[136.0281,34.8192],[136.0173,34.8282],[136.0125,34.8254],[136.0068,34.8263],[136.0023,34.8365],[136.005,34.8427],[135.9968,34.8437],[135.9902,34.842],[135.9828,34.8399],[135.9707,34.8384],[135.9718,34.8457],[135.9632,34.8502],[135.9554,34.8537],[135.9457,34.8517],[135.9414,34.8631],[135.9417,34.869],[135.943,34.8781],[135.9407,34.8855],[135.9405,34.8932],[135.9336,34.8885],[135.9233,34.8838],[135.913,34.8833],[135.9079,34.8765],[135.898,34.8712],[135.8873,34.8755],[135.8866,34.8831],[135.8768,34.8865],[135.8664,34.8923],[135.8625,34.9029],[135.8664,34.9065],[135.8709,34.9105],[135.8685,34.9199],[135.871,34.9251],[135.8788,34.9341],[135.8762,34.9425],[135.8782,34.9475],[135.8751,34.9533],[135.8652,34.9571],[135.8598,34.9632],[135.8561,34.9685],[135.8545,34.9751],[135.8554,34.9839],[135.8499,34.9845],[135.8493,34.991],[135.8438,34.9903],[135.8268,34.9911],[135.8316,35],[135.8326,35.0093],[135.8252,35.0084],[135.8199,35.0129],[135.8347,35.0128],[135.8334,35.0223],[135.8268,35.0223],[135.8275,35.0276],[135.8231,35.0359],[135.8168,35.0399],[135.815,35.0461],[135.8204,35.0493],[135.8253,35.0533],[135.8305,35.0528],[135.8355,35.059],[135.8315,35.0713],[135.8374,35.0789],[135.8395,35.0865],[135.8353,35.0909],[135.8415,35.1015],[135.8443,35.1138],[135.8483,35.119],[135.8497,35.124],[135.8514,35.131],[135.8485,35.1413],[135.852,35.1469],[135.8557,35.1533],[135.8558,35.1595],[135.8481,35.1613],[135.8439,35.1699],[135.8424,35.1781],[135.8411,35.1873],[135.8352,35.2047],[135.8318,35.2098],[135.8291,35.2207],[135.8368,35.2258],[135.8373,35.2347],[135.8342,35.2411],[135.8392,35.2453],[135.8436,35.2514],[135.8447,35.2564],[135.8491,35.2679],[135.8547,35.2727],[135.8604,35.283],[135.8581,35.2891],[135.8532,35.2868],[135.8493,35.2805],[135.8421,35.2783],[135.8351,35.2743],[135.8252,35.2829],[135.8206,35.2895],[135.8203,35.2979],[135.8146,35.3059],[135.809,35.3161],[135.7949,35.3212],[135.7905,35.3252],[135.7818,35.3365],[135.7637,35.3445],[135.7681,35.3533],[135.7723,35.3625],[135.7788,35.3725],[135.7863,35.3778],[135.7905,35.3867],[135.7964,35.3869],[135.8071,35.3853],[135.8095,35.3919],[135.812,35.4117],[135.8215,35.4136],[135.8274,35.4143],[135.8355,35.412],[135.8508,35.4106],[135.8549,35.407],[135.8544,35.4004],[135.8616,35.3951],[135.8679,35.3955],[135.8874,35.4029],[135.8932,35.4173],[135.9011,35.4272],[135.9131,35.4314],[135.9137,35.4388],[135.9119,35.4457],[135.9143,35.4525],[135.9164,35.4696],[135.9213,35.4768],[135.9228,35.4839],[135.9241,35.4895],[135.93,35.4929],[135.934,35.5032],[135.9398,35.5204],[135.9465,35.5207],[135.9517,35.5085],[135.9575,35.5057],[135.9634,35.5015],[135.9684,35.5024],[135.9749,35.4959],[135.9815,35.4868],[135.9907,35.4925],[136.0059,35.4916],[136.0108,35.4987],[136.0157,35.5123],[136.025,35.5213],[136.0261,35.5296],[136.0402,35.5323],[136.046,35.5303],[136.0491,35.5346],[136.0571,35.5325],[136.0628,35.5283],[136.0699,35.5266],[136.0773,35.5318],[136.0831,35.5404],[136.0935,35.5371],[136.0983,35.5341],[136.1051,35.5288],[136.1067,35.5393],[136.1087,35.5459],[136.1066,35.5531],[136.1101,35.5613],[136.1086,35.5691],[136.1123,35.5755],[136.1133,35.5829],[136.1178,35.5775],[136.134,35.5751],[136.1395,35.575],[136.1452,35.5706],[136.1524,35.5727],[136.1584,35.5717],[136.1678,35.5655],[136.1693,35.5769],[136.1668,35.5835],[136.1767,35.5961],[136.1659,35.6188],[136.1598,35.6264],[136.1584,35.6354],[136.1558,35.6417],[136.1509,35.6497],[136.15,35.6551],[136.1477,35.6625],[136.1358,35.666],[136.1415,35.6791],[136.147,35.6873],[136.1498,35.6942],[136.15,35.6978]]]}},{"type":"Feature","properties":{"nam":"Gunma Ken","nam_ja":"\u7fa4\u99ac\u770c","id":10},"geometry":{"type":"Polygon","coordinates":[[[138.6443,36.4115],[138.6345,36.4177],[138.6283,36.4162],[138.6218,36.4164],[138.6124,36.4228],[138.6044,36.4223],[138.5922,36.4245],[138.5879,36.4207],[138.575,36.4199],[138.5664,36.4199],[138.5556,36.4181],[138.5414,36.4038],[138.5334,36.4023],[138.5197,36.4069],[138.5067,36.414],[138.4968,36.4143],[138.4892,36.4095],[138.4898,36.4016],[138.4787,36.4039],[138.4603,36.4046],[138.4576,36.4117],[138.4571,36.4199],[138.448,36.4199],[138.4172,36.4306],[138.4009,36.4347],[138.4008,36.4405],[138.4034,36.4521],[138.4001,36.4613],[138.4005,36.4718],[138.4005,36.4803],[138.3972,36.4887],[138.4032,36.5032],[138.4044,36.5115],[138.4039,36.5209],[138.4107,36.5267],[138.4135,36.5341],[138.4124,36.5415],[138.4173,36.5431],[138.4285,36.5556],[138.428,36.5623],[138.4282,36.5689],[138.421,36.5735],[138.4265,36.5865],[138.4274,36.5961],[138.4338,36.5997],[138.4401,36.5997],[138.4415,36.6107],[138.448,36.6107],[138.4534,36.6133],[138.4599,36.6275],[138.458,36.6333],[138.4638,36.6372],[138.4728,36.6435],[138.4809,36.6453],[138.4879,36.6417],[138.4968,36.6433],[138.5074,36.648],[138.5252,36.6515],[138.5292,36.6565],[138.5344,36.6664],[138.5255,36.6699],[138.5188,36.6757],[138.5195,36.6823],[138.5198,36.6889],[138.514,36.6903],[138.5204,36.6929],[138.5295,36.6971],[138.536,36.6972],[138.5434,36.7039],[138.5582,36.7066],[138.5638,36.7059],[138.569,36.7059],[138.5738,36.7074],[138.5829,36.7015],[138.5908,36.7083],[138.5955,36.7147],[138.6044,36.7091],[138.6098,36.7065],[138.6152,36.7105],[138.6218,36.7204],[138.6299,36.7197],[138.642,36.7239],[138.6468,36.7261],[138.6556,36.7276],[138.6655,36.729],[138.6746,36.7311],[138.6837,36.7356],[138.6957,36.7386],[138.7026,36.7369],[138.7119,36.7388],[138.7144,36.7435],[138.7196,36.7478],[138.7221,36.7532],[138.7216,36.7584],[138.7263,36.7638],[138.735,36.7629],[138.7405,36.7595],[138.7468,36.7583],[138.7555,36.7532],[138.7613,36.7492],[138.7672,36.7466],[138.7736,36.7473],[138.7807,36.7472],[138.7894,36.745],[138.7929,36.7532],[138.8012,36.7619],[138.8099,36.7653],[138.8163,36.7619],[138.8209,36.7641],[138.8261,36.7717],[138.8272,36.7793],[138.8288,36.7898],[138.8248,36.8067],[138.8215,36.8171],[138.8279,36.818],[138.8346,36.8159],[138.8462,36.8148],[138.8549,36.8119],[138.86,36.8139],[138.8718,36.8184],[138.8792,36.8233],[138.8858,36.8256],[138.9009,36.8273],[138.9125,36.8293],[138.9284,36.8326],[138.9251,36.8464],[138.9187,36.8489],[138.9224,36.8628],[138.9176,36.8698],[138.923,36.8835],[138.9295,36.8867],[138.9321,36.8937],[138.9397,36.8951],[138.9488,36.894],[138.9653,36.8918],[138.9715,36.8874],[138.979,36.8911],[138.9797,36.9038],[138.9747,36.9125],[138.9771,36.9199],[138.9677,36.9302],[138.9657,36.9439],[138.9649,36.9557],[138.9666,36.9709],[138.9665,36.9789],[138.9921,36.9799],[139.0089,36.9841],[139.015,36.9882],[139.0295,36.9844],[139.036,36.9849],[139.047,36.9875],[139.0504,36.9937],[139.0541,36.9983],[139.0639,37.0032],[139.0729,37.0079],[139.0809,37.0099],[139.0902,37.0196],[139.0897,37.0275],[139.0903,37.0367],[139.0904,37.0437],[139.097,37.0588],[139.1103,37.0553],[139.1137,37.0496],[139.1218,37.0477],[139.1265,37.0391],[139.1319,37.0267],[139.1423,37.0219],[139.1498,37.0103],[139.1655,37.0032],[139.1792,36.9914],[139.1753,36.9737],[139.1803,36.9647],[139.1864,36.9601],[139.1918,36.9613],[139.198,36.9581],[139.2052,36.9563],[139.2147,36.958],[139.2218,36.9614],[139.2283,36.9613],[139.2373,36.9471],[139.232,36.9406],[139.2389,36.9343],[139.2468,36.9309],[139.2576,36.9341],[139.2665,36.9413],[139.2765,36.9337],[139.2836,36.9317],[139.295,36.9345],[139.3047,36.9259],[139.3151,36.9269],[139.3342,36.9249],[139.3414,36.9279],[139.3463,36.9221],[139.3496,36.9141],[139.3552,36.9165],[139.3631,36.9175],[139.3682,36.9179],[139.3792,36.9155],[139.3841,36.9116],[139.3934,36.9109],[139.3953,36.9053],[139.3896,36.9018],[139.3762,36.8958],[139.3718,36.8901],[139.3718,36.8842],[139.3695,36.8795],[139.3616,36.8767],[139.3564,36.8781],[139.3575,36.8686],[139.3539,36.8569],[139.3487,36.8527],[139.3565,36.8481],[139.3639,36.8471],[139.3664,36.8414],[139.3718,36.8403],[139.3832,36.8365],[139.3921,36.8329],[139.3987,36.8343],[139.4064,36.8296],[139.4006,36.8215],[139.3935,36.8171],[139.3916,36.8121],[139.3865,36.8052],[139.378,36.8037],[139.376,36.7973],[139.3764,36.7886],[139.3701,36.7831],[139.3622,36.7796],[139.3581,36.7745],[139.3531,36.7737],[139.3536,36.7678],[139.3509,36.7635],[139.3551,36.7599],[139.3548,36.7532],[139.3708,36.7469],[139.3682,36.74],[139.3654,36.7279],[139.3632,36.7185],[139.3605,36.7137],[139.3561,36.7092],[139.3452,36.698],[139.337,36.6921],[139.3391,36.6849],[139.3389,36.6783],[139.3349,36.6741],[139.333,36.6648],[139.3273,36.6563],[139.3281,36.6485],[139.3297,36.6407],[139.3279,36.6336],[139.3309,36.6272],[139.3393,36.6266],[139.3458,36.6251],[139.3488,36.6186],[139.355,36.6145],[139.3627,36.6142],[139.3688,36.6129],[139.3816,36.6125],[139.3886,36.6106],[139.3979,36.6023],[139.4067,36.6055],[139.413,36.6079],[139.4207,36.6041],[139.426,36.6028],[139.4376,36.6027],[139.4422,36.6057],[139.4517,36.6052],[139.459,36.6059],[139.4653,36.6065],[139.4711,36.602],[139.4745,36.5919],[139.4834,36.5824],[139.474,36.5725],[139.474,36.5667],[139.4657,36.5626],[139.4598,36.5531],[139.451,36.5499],[139.4419,36.5523],[139.4383,36.5482],[139.4372,36.5404],[139.4367,36.5342],[139.4429,36.5318],[139.4389,36.5255],[139.4349,36.5213],[139.4278,36.5108],[139.4219,36.5087],[139.4212,36.5032],[139.419,36.4949],[139.428,36.4901],[139.4269,36.4839],[139.4319,36.4713],[139.4381,36.475],[139.4351,36.4642],[139.4298,36.461],[139.4246,36.4591],[139.4164,36.4614],[139.4097,36.4585],[139.4118,36.4537],[139.4066,36.4458],[139.4014,36.4367],[139.3946,36.4338],[139.3918,36.4248],[139.3859,36.4209],[139.3805,36.416],[139.3766,36.4079],[139.3741,36.3993],[139.3686,36.3949],[139.3611,36.3838],[139.3667,36.3781],[139.3674,36.3715],[139.3695,36.3667],[139.3889,36.3542],[139.3936,36.3477],[139.4147,36.3383],[139.4267,36.3257],[139.4184,36.3264],[139.4156,36.3181],[139.4184,36.3133],[139.4242,36.3079],[139.4291,36.3058],[139.4315,36.3011],[139.4317,36.2951],[139.4358,36.2921],[139.4379,36.2971],[139.4436,36.2939],[139.4437,36.2883],[139.4588,36.2886],[139.4651,36.282],[139.4591,36.2759],[139.4644,36.2715],[139.4724,36.2711],[139.4727,36.2761],[139.4776,36.2723],[139.4826,36.2721],[139.4875,36.2758],[139.4968,36.2755],[139.5041,36.2811],[139.5132,36.2784],[139.5212,36.2814],[139.5266,36.2846],[139.5353,36.2791],[139.5403,36.2795],[139.5447,36.2764],[139.5494,36.2802],[139.5559,36.2767],[139.563,36.267],[139.5719,36.2673],[139.5803,36.2678],[139.5867,36.269],[139.6101,36.2685],[139.617,36.2741],[139.627,36.2715],[139.6341,36.2701],[139.6377,36.2642],[139.6428,36.2667],[139.6362,36.2609],[139.6309,36.2545],[139.6422,36.2399],[139.6499,36.2382],[139.6549,36.2332],[139.6629,36.23],[139.661,36.2237],[139.6686,36.2158],[139.6641,36.2084],[139.6606,36.2147],[139.65,36.2113],[139.651,36.2013],[139.6406,36.1974],[139.6281,36.1946],[139.6249,36.1866],[139.6099,36.1969],[139.601,36.2055],[139.5879,36.2104],[139.5747,36.2048],[139.5583,36.2014],[139.5419,36.1955],[139.5258,36.1913],[139.513,36.1928],[139.4968,36.1928],[139.4733,36.1893],[139.4572,36.1906],[139.4442,36.1969],[139.4251,36.2105],[139.4191,36.2167],[139.4079,36.2231],[139.3899,36.2297],[139.3829,36.238],[139.3771,36.2441],[139.3718,36.2457],[139.3595,36.2532],[139.3546,36.2519],[139.3471,36.2532],[139.3404,36.2465],[139.3353,36.2431],[139.3278,36.2399],[139.3291,36.2335],[139.3235,36.2297],[139.31,36.2333],[139.3054,36.2402],[139.297,36.2434],[139.2727,36.2493],[139.267,36.2437],[139.2567,36.2455],[139.2468,36.2448],[139.2381,36.2461],[139.2299,36.2532],[139.2239,36.2585],[139.2116,36.2563],[139.2086,36.2623],[139.198,36.2623],[139.1714,36.2739],[139.1639,36.279],[139.136,36.2785],[139.1293,36.2834],[139.1218,36.2731],[139.1162,36.2683],[139.1075,36.2615],[139.1078,36.2532],[139.0964,36.2383],[139.0827,36.2169],[139.0632,36.1959],[139.0645,36.1879],[139.0576,36.1837],[139.0574,36.1699],[139.0637,36.159],[139.0621,36.1531],[139.0485,36.1524],[139.0431,36.1485],[139.0413,36.1409],[139.0428,36.1296],[139.037,36.1263],[139.0266,36.1301],[139.0204,36.1312],[139.016,36.1338],[139.0043,36.1331],[139.0022,36.1256],[138.9968,36.1257],[138.9908,36.1211],[138.986,36.116],[138.9764,36.1173],[138.9733,36.1219],[138.9651,36.1258],[138.9595,36.1241],[138.9567,36.1161],[138.9578,36.1079],[138.95,36.1009],[138.9458,36.0963],[138.9312,36.0883],[138.9171,36.0935],[138.9097,36.0912],[138.904,36.0918],[138.8966,36.0894],[138.8896,36.0865],[138.8772,36.0825],[138.8718,36.0795],[138.8661,36.0777],[138.859,36.0699],[138.8528,36.0689],[138.8474,36.0671],[138.8454,36.0618],[138.838,36.0504],[138.829,36.0413],[138.8202,36.0363],[138.8141,36.0338],[138.807,36.0339],[138.7908,36.0295],[138.7836,36.0335],[138.7754,36.0378],[138.7704,36.0383],[138.7643,36.0368],[138.755,36.0346],[138.7523,36.0262],[138.7486,36.0183],[138.7439,36.0111],[138.7379,36.0069],[138.7277,35.9959],[138.7173,35.9932],[138.7127,35.9853],[138.7041,35.9877],[138.6976,35.9903],[138.6886,35.9918],[138.6868,35.9983],[138.6829,36.0032],[138.6808,36.0107],[138.6756,36.0115],[138.6624,36.0115],[138.6562,36.0172],[138.6471,36.0199],[138.6379,36.027],[138.6402,36.0439],[138.6438,36.0507],[138.6424,36.065],[138.6405,36.0736],[138.6339,36.0799],[138.6304,36.0865],[138.6378,36.0969],[138.645,36.0989],[138.6467,36.1052],[138.644,36.1111],[138.6406,36.1168],[138.645,36.1197],[138.6383,36.1239],[138.6346,36.1336],[138.6218,36.1318],[138.6155,36.1337],[138.609,36.1357],[138.602,36.1359],[138.595,36.1449],[138.5929,36.1515],[138.5875,36.1605],[138.581,36.1619],[138.5773,36.1681],[138.5825,36.1785],[138.5897,36.1785],[138.5896,36.1699],[138.5971,36.1656],[138.6093,36.1614],[138.6114,36.1676],[138.6177,36.1699],[138.6302,36.1723],[138.6352,36.171],[138.6303,36.1831],[138.6228,36.197],[138.6347,36.2056],[138.6324,36.2168],[138.6218,36.215],[138.615,36.2258],[138.6125,36.2409],[138.6074,36.2451],[138.6031,36.2479],[138.6038,36.2532],[138.6048,36.2593],[138.6051,36.2657],[138.6031,36.2735],[138.6004,36.2785],[138.6088,36.281],[138.6122,36.2853],[138.6218,36.287],[138.6328,36.2906],[138.6399,36.2936],[138.6482,36.2986],[138.6535,36.3031],[138.6481,36.3141],[138.6519,36.3225],[138.6519,36.3305],[138.6503,36.3365],[138.6503,36.3426],[138.6499,36.3519],[138.6537,36.3571],[138.6571,36.3687],[138.6515,36.3731],[138.6505,36.3821],[138.6516,36.3939],[138.6483,36.4075],[138.6443,36.4115]]]}},{"type":"Feature","properties":{"nam":"Miyagi Ken","nam_ja":"\u5bae\u57ce\u770c","id":4},"geometry":{"type":"MultiPolygon","coordinates":[[[[141.4839,38.9785],[141.4855,38.9834],[141.491,38.9985],[141.4968,38.9989],[141.5054,39.0004],[141.5103,39.0029],[141.5186,39.0011],[141.5242,38.9917],[141.5377,38.9957],[141.5498,38.9959],[141.5564,38.9959],[141.5623,38.9947],[141.5681,38.9957],[141.5769,38.9871],[141.5824,38.9883],[141.5894,38.9883],[141.6056,38.9853],[141.6218,38.9732],[141.6309,38.971],[141.635,38.9681],[141.6329,38.9632],[141.6434,38.9562],[141.6324,38.9585],[141.6337,38.9515],[141.6398,38.9484],[141.64,38.9429],[141.6477,38.9431],[141.6437,38.9391],[141.6441,38.9335],[141.6354,38.9317],[141.6392,38.9275],[141.6443,38.927],[141.6497,38.9217],[141.6515,38.9133],[141.6526,38.9073],[141.6558,38.9006],[141.6617,38.8969],[141.6692,38.8896],[141.6639,38.8899],[141.6638,38.8813],[141.6679,38.8769],[141.6697,38.8703],[141.6746,38.8667],[141.6746,38.8605],[141.6675,38.8617],[141.6628,38.8635],[141.6568,38.8667],[141.6519,38.869],[141.6497,38.8755],[141.6437,38.879],[141.6378,38.8852],[141.6416,38.8889],[141.6364,38.8892],[141.6345,38.8961],[141.6377,38.9019],[141.6302,38.8962],[141.6248,38.9001],[141.6293,38.8946],[141.6241,38.8928],[141.6164,38.8883],[141.6133,38.8815],[141.612,38.8865],[141.6095,38.8812],[141.6041,38.8855],[141.5979,38.8937],[141.589,38.8947],[141.5871,38.9094],[141.5798,38.9069],[141.5796,38.9004],[141.5854,38.8942],[141.594,38.8903],[141.5938,38.8852],[141.5906,38.8772],[141.5875,38.8688],[141.583,38.8522],[141.5905,38.8365],[141.5994,38.8337],[141.6035,38.8304],[141.5955,38.8288],[141.5917,38.8228],[141.5854,38.8249],[141.5763,38.8212],[141.5761,38.8159],[141.5718,38.8091],[141.5624,38.8133],[141.557,38.8107],[141.5558,38.8017],[141.5511,38.7991],[141.5442,38.7978],[141.5326,38.7945],[141.5257,38.7907],[141.5182,38.7794],[141.5165,38.7718],[141.5171,38.7657],[141.5216,38.7603],[141.5283,38.7571],[141.5316,38.7517],[141.535,38.7473],[141.5411,38.7443],[141.5443,38.7396],[141.5504,38.7353],[141.5577,38.7377],[141.5642,38.7405],[141.5655,38.7339],[141.5669,38.7262],[141.5595,38.7241],[141.5588,38.7153],[141.5659,38.7123],[141.5648,38.7054],[141.5611,38.6963],[141.5609,38.6905],[141.5545,38.6956],[141.5579,38.7],[141.5547,38.7085],[141.5465,38.7118],[141.5391,38.7095],[141.5309,38.7174],[141.5256,38.7167],[141.5264,38.7096],[141.521,38.709],[141.5208,38.7009],[141.5173,38.6953],[141.5132,38.6879],[141.5052,38.6913],[141.4994,38.6958],[141.4968,38.6905],[141.4938,38.6845],[141.4943,38.6741],[141.4888,38.6782],[141.4823,38.6749],[141.4754,38.6801],[141.4691,38.6735],[141.4611,38.6713],[141.4493,38.6743],[141.446,38.6699],[141.4504,38.6579],[141.443,38.6489],[141.4447,38.6432],[141.4522,38.6443],[141.457,38.6421],[141.4637,38.6477],[141.4695,38.6453],[141.4756,38.6454],[141.4849,38.6418],[141.4908,38.6425],[141.4968,38.6453],[141.5039,38.6421],[141.5085,38.6394],[141.5148,38.6392],[141.5202,38.6375],[141.5294,38.6374],[141.5288,38.6306],[141.5272,38.6199],[141.5251,38.6106],[141.5179,38.6049],[141.5095,38.6043],[141.5094,38.5987],[141.5046,38.6027],[141.5044,38.5961],[141.4988,38.5922],[141.4928,38.5896],[141.4874,38.5839],[141.4812,38.5825],[141.4724,38.5835],[141.4673,38.5823],[141.4604,38.5795],[141.4622,38.568],[141.4673,38.5614],[141.4759,38.5604],[141.4809,38.559],[141.4841,38.5542],[141.4858,38.546],[141.492,38.5353],[141.4968,38.5326],[141.5062,38.5339],[141.5152,38.5447],[141.5206,38.5395],[141.5265,38.547],[141.5322,38.5491],[141.5344,38.5421],[141.5316,38.5374],[141.5361,38.5328],[141.5424,38.5255],[141.5396,38.5167],[141.5397,38.5117],[141.5371,38.5062],[141.5427,38.5032],[141.5395,38.4985],[141.5343,38.4967],[141.5369,38.4916],[141.5273,38.4899],[141.5165,38.4929],[141.5154,38.5032],[141.5137,38.5132],[141.5068,38.5121],[141.5,38.511],[141.4935,38.5103],[141.4887,38.5147],[141.484,38.5197],[141.479,38.5202],[141.4705,38.5215],[141.4654,38.5146],[141.4723,38.5179],[141.4851,38.5103],[141.4885,38.5052],[141.4895,38.4992],[141.4968,38.4961],[141.4916,38.4885],[141.4964,38.4804],[141.4883,38.4692],[141.4771,38.4683],[141.4817,38.463],[141.4915,38.4627],[141.4968,38.461],[141.4948,38.4529],[141.5011,38.4505],[141.5087,38.4497],[141.5096,38.4447],[141.504,38.4451],[141.4968,38.4443],[141.4938,38.4375],[141.4889,38.4431],[141.4858,38.4382],[141.4805,38.4394],[141.4718,38.4401],[141.4649,38.4378],[141.4605,38.4463],[141.454,38.4456],[141.4489,38.4459],[141.453,38.4416],[141.4582,38.4369],[141.466,38.4311],[141.4634,38.4245],[141.4716,38.4257],[141.4752,38.4199],[141.4748,38.4144],[141.4716,38.4077],[141.4667,38.3999],[141.4724,38.3941],[141.4755,38.3989],[141.4808,38.3987],[141.4848,38.4043],[141.491,38.4061],[141.4931,38.412],[141.4997,38.4155],[141.5039,38.4107],[141.5015,38.4063],[141.5034,38.4013],[141.5111,38.3997],[141.5141,38.3931],[141.5209,38.3943],[141.5265,38.3974],[141.5338,38.4019],[141.5401,38.3965],[141.5406,38.3903],[141.5353,38.3871],[141.5303,38.3821],[141.5269,38.3887],[141.5168,38.3867],[141.5101,38.3909],[141.5068,38.3839],[141.4968,38.3815],[141.4897,38.382],[141.4825,38.3769],[141.4856,38.3702],[141.4912,38.3677],[141.4948,38.3715],[141.5023,38.3713],[141.5075,38.3711],[141.5145,38.371],[141.5193,38.3668],[141.5243,38.3553],[141.5247,38.3485],[141.5338,38.3413],[141.5315,38.3337],[141.5263,38.3274],[141.5322,38.3216],[141.5405,38.317],[141.5411,38.3068],[141.538,38.3015],[141.531,38.301],[141.5265,38.2895],[141.5254,38.2813],[141.5247,38.2739],[141.5142,38.2752],[141.5104,38.2836],[141.5099,38.2905],[141.5083,38.2984],[141.4968,38.2926],[141.4948,38.3009],[141.4907,38.3087],[141.4811,38.3068],[141.4746,38.3117],[141.4705,38.3153],[141.4707,38.3086],[141.4609,38.3101],[141.4533,38.3153],[141.4591,38.3227],[141.4657,38.3228],[141.4687,38.3269],[141.4748,38.3308],[141.4682,38.3348],[141.4627,38.3515],[141.4575,38.3485],[141.4521,38.3419],[141.4489,38.3499],[141.4433,38.3509],[141.4376,38.3426],[141.432,38.3476],[141.4263,38.3465],[141.418,38.3473],[141.4164,38.3546],[141.423,38.3561],[141.4302,38.365],[141.4397,38.3655],[141.4433,38.3701],[141.455,38.3725],[141.4421,38.3757],[141.438,38.3728],[141.4386,38.3815],[141.4287,38.3806],[141.4233,38.3855],[141.4279,38.3899],[141.4335,38.3965],[141.4243,38.3957],[141.416,38.392],[141.4096,38.404],[141.404,38.4005],[141.4013,38.3959],[141.3943,38.3907],[141.3906,38.3871],[141.382,38.3841],[141.3741,38.3837],[141.3643,38.3899],[141.3703,38.4],[141.3691,38.4073],[141.3647,38.4102],[141.3589,38.4138],[141.3444,38.4138],[141.3275,38.4123],[141.3159,38.4121],[141.3098,38.4141],[141.2977,38.4145],[141.2744,38.4109],[141.2861,38.4164],[141.2754,38.4187],[141.2666,38.4199],[141.2672,38.4125],[141.2633,38.4085],[141.2487,38.4059],[141.2074,38.392],[141.1745,38.3756],[141.1606,38.3653],[141.1591,38.3553],[141.1548,38.3481],[141.1577,38.3437],[141.1625,38.3407],[141.1592,38.3504],[141.1639,38.3523],[141.1642,38.347],[141.1687,38.3399],[141.1675,38.332],[141.1723,38.3255],[141.1787,38.3246],[141.1736,38.3234],[141.1669,38.3272],[141.1617,38.3278],[141.1564,38.3223],[141.1511,38.3251],[141.1462,38.3307],[141.1388,38.3306],[141.1452,38.3274],[141.1387,38.3221],[141.1364,38.3297],[141.1328,38.3377],[141.1374,38.3401],[141.1426,38.3421],[141.1483,38.3389],[141.1438,38.3484],[141.1409,38.3549],[141.1464,38.3568],[141.1531,38.3566],[141.1438,38.3601],[141.1336,38.3605],[141.1377,38.3708],[141.1333,38.3775],[141.1265,38.38],[141.1167,38.3813],[141.1067,38.3863],[141.1089,38.3801],[141.1078,38.3706],[141.1032,38.3728],[141.0962,38.3763],[141.0892,38.3812],[141.082,38.3791],[141.0704,38.3713],[141.0628,38.3697],[141.0618,38.3616],[141.0626,38.3553],[141.0664,38.3515],[141.0602,38.353],[141.0516,38.3505],[141.0588,38.3484],[141.0531,38.3439],[141.0479,38.3479],[141.0426,38.349],[141.0367,38.3399],[141.0396,38.3355],[141.0469,38.3394],[141.0524,38.3334],[141.0425,38.3237],[141.037,38.3223],[141.0251,38.3201],[141.0353,38.3199],[141.0449,38.3193],[141.0361,38.3072],[141.0457,38.3131],[141.0525,38.3139],[141.0589,38.3131],[141.0654,38.3218],[141.0766,38.3199],[141.0799,38.3149],[141.0815,38.3062],[141.089,38.3023],[141.0869,38.2959],[141.079,38.2953],[141.0661,38.2895],[141.0639,38.2825],[141.0542,38.2809],[141.0435,38.2771],[141.041,38.2721],[141.0299,38.2757],[141.0315,38.2811],[141.0256,38.2729],[141.0059,38.2739],[140.9991,38.2733],[141.0232,38.2681],[141.0153,38.2532],[140.9968,38.232],[140.9863,38.2177],[140.9654,38.1849],[140.9624,38.1742],[140.9597,38.1699],[140.9417,38.1319],[140.9281,38.0865],[140.922,38.0471],[140.9218,38.0339],[140.9155,38.0032],[140.9145,37.9937],[140.9152,37.9814],[140.9231,37.9199],[140.9265,37.9049],[140.9301,37.9009],[140.9257,37.8957],[140.92,37.8927],[140.916,37.8975],[140.9013,37.8978],[140.9006,37.9037],[140.8928,37.9025],[140.8847,37.8995],[140.8718,37.8968],[140.8567,37.8913],[140.8567,37.8848],[140.8606,37.8799],[140.8551,37.8749],[140.8591,37.8691],[140.862,37.8627],[140.8564,37.8543],[140.8509,37.8513],[140.8545,37.8421],[140.8545,37.8365],[140.8527,37.8316],[140.854,37.8235],[140.8585,37.8147],[140.8541,37.808],[140.8574,37.8041],[140.8526,37.7958],[140.8451,37.7956],[140.8318,37.7953],[140.8257,37.7975],[140.8204,37.7989],[140.8114,37.7961],[140.8043,37.798],[140.7896,37.8021],[140.7842,37.8042],[140.7751,37.8065],[140.7663,37.7991],[140.7718,37.7977],[140.779,37.7921],[140.7863,37.7894],[140.7946,37.7819],[140.8026,37.7804],[140.7929,37.7734],[140.7771,37.7813],[140.7623,37.7848],[140.7497,37.7855],[140.7414,37.788],[140.728,37.7817],[140.724,37.7909],[140.7135,37.7995],[140.7071,37.8023],[140.6945,37.8035],[140.6914,37.8113],[140.6864,37.8149],[140.6846,37.8304],[140.6794,37.8365],[140.6871,37.8424],[140.6907,37.8496],[140.6926,37.8589],[140.6866,37.8665],[140.6831,37.8743],[140.6832,37.8798],[140.6906,37.8837],[140.6671,37.8954],[140.6613,37.9007],[140.6485,37.8991],[140.6251,37.9003],[140.6218,37.9054],[140.6188,37.9127],[140.6122,37.9156],[140.6058,37.912],[140.5985,37.9079],[140.5921,37.9063],[140.5875,37.9097],[140.5775,37.9141],[140.5697,37.9199],[140.5637,37.9199],[140.5624,37.9114],[140.5526,37.9101],[140.5347,37.9066],[140.5272,37.9077],[140.5212,37.9083],[140.5159,37.9037],[140.5046,37.9058],[140.4968,37.9003],[140.4882,37.8999],[140.4771,37.9071],[140.4696,37.9199],[140.4681,37.9377],[140.475,37.947],[140.462,37.9525],[140.4495,37.9511],[140.4449,37.9571],[140.4321,37.9544],[140.4239,37.9579],[140.416,37.9625],[140.4096,37.9639],[140.4078,37.9735],[140.3968,37.9741],[140.387,37.9675],[140.3855,37.9531],[140.3718,37.9565],[140.3652,37.9587],[140.3567,37.9583],[140.356,37.9528],[140.3513,37.9505],[140.3461,37.9513],[140.3362,37.9554],[140.3287,37.9586],[140.3162,37.9586],[140.3149,37.9643],[140.3086,37.9642],[140.3025,37.9691],[140.2918,37.9712],[140.287,37.9729],[140.2801,37.9769],[140.2752,37.9821],[140.2765,37.9925],[140.2853,38.0032],[140.2896,38.0073],[140.2814,38.0231],[140.2763,38.0287],[140.2762,38.0351],[140.2808,38.0442],[140.2834,38.0499],[140.2772,38.0565],[140.2818,38.0596],[140.2879,38.0594],[140.2921,38.0565],[140.2984,38.0565],[140.3027,38.0539],[140.3079,38.0575],[140.315,38.0587],[140.3201,38.0557],[140.3309,38.0562],[140.3366,38.0553],[140.3433,38.0541],[140.3507,38.055],[140.3547,38.0583],[140.3637,38.0572],[140.3718,38.0572],[140.382,38.0636],[140.3807,38.0689],[140.3934,38.0704],[140.4,38.0705],[140.4156,38.0792],[140.4211,38.0865],[140.4177,38.1031],[140.4257,38.1149],[140.4293,38.1257],[140.4439,38.1301],[140.4432,38.1357],[140.4445,38.1419],[140.4515,38.15],[140.4619,38.1557],[140.4677,38.1617],[140.4697,38.1699],[140.4795,38.1807],[140.4791,38.1867],[140.4785,38.1986],[140.4742,38.2037],[140.4712,38.2135],[140.4742,38.2233],[140.4715,38.2277],[140.4678,38.2325],[140.4694,38.2434],[140.4729,38.2526],[140.4722,38.2602],[140.4714,38.2697],[140.4868,38.2745],[140.4916,38.2784],[140.4968,38.2831],[140.4935,38.2904],[140.4927,38.302],[140.503,38.3061],[140.5045,38.3143],[140.5103,38.3129],[140.5199,38.3098],[140.5293,38.3208],[140.5252,38.3365],[140.5218,38.35],[140.5268,38.3581],[140.5354,38.3624],[140.5444,38.3643],[140.5482,38.3694],[140.5555,38.3777],[140.5636,38.3775],[140.5668,38.3838],[140.5783,38.3931],[140.5744,38.4016],[140.5715,38.4133],[140.5778,38.4199],[140.5806,38.4274],[140.5807,38.4376],[140.5863,38.4408],[140.5921,38.4412],[140.5973,38.4372],[140.6055,38.4446],[140.6134,38.4538],[140.6197,38.455],[140.6092,38.4583],[140.6083,38.4695],[140.6033,38.4774],[140.6045,38.4823],[140.5982,38.4875],[140.5851,38.4912],[140.5785,38.4946],[140.5688,38.5009],[140.564,38.5109],[140.5705,38.5166],[140.5718,38.5255],[140.5649,38.5272],[140.5565,38.5301],[140.5553,38.5425],[140.5655,38.5483],[140.5699,38.5553],[140.5672,38.5596],[140.5789,38.5685],[140.5757,38.5744],[140.5713,38.5806],[140.5722,38.5865],[140.5699,38.5939],[140.559,38.5979],[140.562,38.6047],[140.5525,38.6137],[140.5498,38.6198],[140.544,38.6241],[140.5425,38.6296],[140.538,38.6341],[140.5413,38.6409],[140.5467,38.6501],[140.5548,38.6474],[140.5608,38.6484],[140.5692,38.6399],[140.5755,38.6394],[140.5884,38.6343],[140.5959,38.6381],[140.6007,38.6399],[140.6045,38.6471],[140.6093,38.6602],[140.6147,38.6699],[140.6189,38.673],[140.6218,38.6813],[140.6243,38.6918],[140.6238,38.6997],[140.6071,38.7037],[140.6074,38.7207],[140.6128,38.726],[140.6218,38.7334],[140.6218,38.7405],[140.6264,38.7434],[140.6321,38.7532],[140.6348,38.7604],[140.6417,38.7648],[140.6463,38.7688],[140.643,38.7745],[140.638,38.7775],[140.6292,38.7745],[140.6218,38.7759],[140.616,38.7777],[140.6053,38.7833],[140.6035,38.788],[140.5993,38.7995],[140.5976,38.8083],[140.5992,38.8173],[140.599,38.8257],[140.594,38.8278],[140.5912,38.8353],[140.5833,38.84],[140.5775,38.8416],[140.5661,38.8484],[140.5599,38.8477],[140.5569,38.8551],[140.5515,38.8601],[140.5411,38.8618],[140.5398,38.8684],[140.5407,38.8748],[140.5472,38.8807],[140.5473,38.8895],[140.5515,38.8851],[140.5539,38.8775],[140.5617,38.8741],[140.5712,38.8767],[140.5792,38.8815],[140.5853,38.8804],[140.5903,38.8891],[140.5963,38.8859],[140.607,38.887],[140.6094,38.8917],[140.6147,38.8944],[140.6218,38.8906],[140.6286,38.8893],[140.6336,38.8875],[140.6385,38.8833],[140.6439,38.8879],[140.6543,38.8893],[140.6626,38.8946],[140.6701,38.8971],[140.673,38.9025],[140.6797,38.9114],[140.6843,38.9165],[140.6944,38.9199],[140.7004,38.9241],[140.7076,38.9207],[140.7123,38.9259],[140.7195,38.9309],[140.7234,38.9361],[140.727,38.9403],[140.7303,38.9475],[140.7359,38.9508],[140.7468,38.9569],[140.7559,38.9585],[140.7621,38.9576],[140.7718,38.9586],[140.7796,38.959],[140.7944,38.9643],[140.8026,38.9627],[140.8137,38.9644],[140.8262,38.9635],[140.8382,38.9571],[140.8431,38.9497],[140.8615,38.9422],[140.8665,38.94],[140.8718,38.9361],[140.8774,38.931],[140.886,38.928],[140.8976,38.928],[140.9055,38.9289],[140.9124,38.9259],[140.914,38.9207],[140.9211,38.9156],[140.9238,38.9199],[140.9312,38.92],[140.9383,38.9154],[140.9451,38.9133],[140.958,38.9085],[140.9618,38.9044],[140.9667,38.9009],[140.9713,38.8934],[140.9781,38.8853],[140.9844,38.8805],[140.9865,38.8755],[140.9968,38.8809],[141.0028,38.8813],[141.0108,38.8816],[141.0208,38.8866],[141.0238,38.8811],[141.0307,38.8833],[141.0343,38.8779],[141.044,38.8773],[141.0482,38.8815],[141.0586,38.8826],[141.0703,38.8819],[141.0755,38.88],[141.087,38.8839],[141.0939,38.8881],[141.1007,38.8852],[141.1044,38.8803],[141.1146,38.8793],[141.1349,38.8777],[141.1401,38.8779],[141.1456,38.8699],[141.1467,38.8594],[141.1344,38.846],[141.1301,38.8407],[141.1234,38.8365],[141.1165,38.8365],[141.1083,38.8379],[141.1039,38.8287],[141.1059,38.8232],[141.117,38.8231],[141.1217,38.8265],[141.1254,38.8209],[141.1289,38.8159],[141.1368,38.8135],[141.1424,38.8111],[141.1397,38.79],[141.1483,38.7846],[141.1576,38.7829],[141.1631,38.7822],[141.1694,38.7778],[141.1801,38.7831],[141.1918,38.7776],[141.1975,38.7757],[141.2047,38.7703],[141.2078,38.7652],[141.2091,38.755],[141.217,38.7495],[141.2348,38.7484],[141.2295,38.7532],[141.2379,38.756],[141.2468,38.7592],[141.253,38.7612],[141.2566,38.7722],[141.261,38.7782],[141.2631,38.7877],[141.2691,38.7885],[141.27,38.7938],[141.2771,38.7943],[141.2858,38.7978],[141.2939,38.7954],[141.3035,38.7933],[141.3029,38.8009],[141.305,38.8066],[141.3079,38.8203],[141.3174,38.8229],[141.3262,38.8151],[141.3328,38.8111],[141.3419,38.8073],[141.3494,38.8116],[141.3581,38.8114],[141.3632,38.8086],[141.3718,38.8068],[141.3803,38.7964],[141.3887,38.8002],[141.3945,38.7997],[141.3981,38.7922],[141.4078,38.7876],[141.415,38.7857],[141.4146,38.7784],[141.4106,38.7721],[141.4157,38.7694],[141.4233,38.7729],[141.4223,38.7803],[141.4293,38.7813],[141.4383,38.7833],[141.4329,38.7946],[141.4368,38.8041],[141.4335,38.8079],[141.437,38.8128],[141.448,38.8114],[141.4537,38.8116],[141.4589,38.8148],[141.4533,38.819],[141.4538,38.8251],[141.4502,38.8365],[141.4566,38.8494],[141.4651,38.8548],[141.4525,38.8623],[141.4514,38.8767],[141.4645,38.885],[141.4665,38.8937],[141.4727,38.8975],[141.4894,38.9075],[141.4916,38.9159],[141.4909,38.9239],[141.4861,38.9351],[141.4917,38.9485],[141.4938,38.9562],[141.4878,38.9707],[141.4839,38.9785]]]]}},{"type":"Feature","properties":{"nam":"Shizuoka Ken","nam_ja":"\u9759\u5ca1\u770c","id":22},"geometry":{"type":"MultiPolygon","coordinates":[[[[138.2186,35.6445],[138.2283,35.646],[138.2318,35.639],[138.2288,35.6251],[138.2367,35.6207],[138.2342,35.6147],[138.2362,35.6061],[138.2434,35.5914],[138.2393,35.5865],[138.2422,35.5723],[138.2455,35.5616],[138.2551,35.5546],[138.2594,35.5519],[138.2584,35.5377],[138.2584,35.5297],[138.2631,35.5257],[138.268,35.5157],[138.2603,35.5047],[138.2572,35.4752],[138.2526,35.4653],[138.2468,35.4634],[138.2443,35.4558],[138.2468,35.4501],[138.2556,35.4443],[138.2573,35.4379],[138.2596,35.4259],[138.2585,35.4199],[138.2571,35.4067],[138.2468,35.4],[138.2468,35.3938],[138.2433,35.3894],[138.2386,35.3859],[138.2328,35.3762],[138.233,35.3708],[138.2409,35.3675],[138.2511,35.3623],[138.2538,35.3527],[138.2553,35.3415],[138.2488,35.3315],[138.2524,35.3257],[138.2562,35.3186],[138.2613,35.3152],[138.2712,35.3133],[138.2778,35.3066],[138.2856,35.3046],[138.2952,35.3147],[138.3089,35.3185],[138.3175,35.3241],[138.3283,35.3275],[138.3355,35.3265],[138.3466,35.3163],[138.3524,35.3159],[138.3586,35.3173],[138.3654,35.3117],[138.3715,35.3011],[138.3667,35.2894],[138.368,35.2781],[138.3673,35.2721],[138.3718,35.2651],[138.3793,35.2534],[138.3857,35.2452],[138.3882,35.2371],[138.3913,35.2227],[138.3921,35.2163],[138.3954,35.2062],[138.3986,35.2003],[138.4094,35.2025],[138.4189,35.1983],[138.4292,35.1819],[138.4404,35.1779],[138.4588,35.1787],[138.4724,35.1761],[138.4778,35.1773],[138.482,35.1739],[138.4874,35.1699],[138.4962,35.1738],[138.502,35.1782],[138.5075,35.1864],[138.5142,35.1916],[138.5162,35.1967],[138.5211,35.1979],[138.5295,35.1981],[138.5312,35.211],[138.5274,35.2167],[138.5322,35.2234],[138.5291,35.2311],[138.5218,35.2499],[138.5146,35.2632],[138.5203,35.2728],[138.5205,35.2856],[138.5165,35.2967],[138.5133,35.3043],[138.5125,35.3141],[138.5256,35.3228],[138.529,35.327],[138.5349,35.3306],[138.5346,35.3365],[138.533,35.343],[138.5293,35.3499],[138.5299,35.3585],[138.5294,35.3777],[138.5358,35.3899],[138.533,35.3981],[138.5316,35.4062],[138.5422,35.4151],[138.548,35.4199],[138.5567,35.4279],[138.5589,35.4341],[138.5664,35.4361],[138.5736,35.4404],[138.5819,35.4457],[138.5891,35.4366],[138.5942,35.4345],[138.5979,35.4308],[138.601,35.4199],[138.6096,35.3932],[138.6218,35.3953],[138.6389,35.3982],[138.6635,35.3983],[138.6711,35.3928],[138.6804,35.3577],[138.6993,35.3603],[138.7177,35.3649],[138.7255,35.3648],[138.7468,35.3674],[138.7865,35.3743],[138.8028,35.3763],[138.8199,35.3757],[138.83,35.3795],[138.8336,35.3837],[138.8474,35.3889],[138.8567,35.388],[138.8624,35.3901],[138.8718,35.3818],[138.8797,35.3859],[138.8879,35.3864],[138.8942,35.3908],[138.8992,35.3925],[138.9055,35.3969],[138.9125,35.3989],[138.9314,35.401],[138.9399,35.3995],[138.946,35.3997],[138.9524,35.4015],[138.9669,35.4019],[138.9826,35.4035],[138.9954,35.4031],[139.0017,35.3988],[138.9994,35.3818],[139.0057,35.3743],[139.0085,35.3595],[139.0086,35.3498],[139.0107,35.3422],[139.0118,35.3373],[139.0187,35.3298],[139.0146,35.3205],[139.0101,35.3113],[139.0057,35.294],[138.9968,35.288],[138.9821,35.2726],[138.9752,35.2617],[138.9747,35.2532],[138.9759,35.2449],[138.978,35.24],[138.9789,35.2312],[138.983,35.2235],[138.9872,35.2131],[138.9876,35.2012],[138.9968,35.1944],[139.0015,35.1897],[139.0118,35.1822],[139.0215,35.1817],[139.0261,35.1755],[139.0287,35.1666],[139.0274,35.1616],[139.0287,35.1506],[139.0437,35.1499],[139.0504,35.1485],[139.0599,35.1463],[139.0672,35.1445],[139.0768,35.1445],[139.086,35.1409],[139.1024,35.1407],[139.1115,35.1413],[139.1083,35.1295],[139.0985,35.1187],[139.0894,35.1139],[139.0869,35.1089],[139.0825,35.1013],[139.0746,35.0927],[139.0815,35.0865],[139.0744,35.0803],[139.0793,35.0693],[139.0746,35.0614],[139.0687,35.0568],[139.0739,35.0468],[139.0861,35.0447],[139.0921,35.0495],[139.0995,35.0461],[139.0985,35.0314],[139.0977,35.0189],[139.0996,35.0109],[139.0925,35.0079],[139.0835,35.0032],[139.0917,34.9909],[139.094,34.9811],[139.0957,34.9756],[139.1049,34.9701],[139.1116,34.9731],[139.1218,34.9719],[139.1276,34.9691],[139.1298,34.963],[139.1291,34.9571],[139.1345,34.9515],[139.1437,34.9559],[139.1461,34.9473],[139.1479,34.9361],[139.1402,34.9199],[139.1401,34.9121],[139.1366,34.905],[139.1324,34.8963],[139.1383,34.8947],[139.1342,34.8861],[139.1314,34.8789],[139.1243,34.8756],[139.1185,34.8724],[139.1108,34.8705],[139.1027,34.8695],[139.0997,34.8634],[139.0982,34.8578],[139.088,34.8582],[139.0848,34.8539],[139.0779,34.8429],[139.0775,34.8365],[139.0753,34.831],[139.0793,34.8252],[139.0778,34.8191],[139.0713,34.814],[139.0628,34.8016],[139.0623,34.7955],[139.0583,34.7848],[139.0539,34.7806],[139.0418,34.7737],[139.0475,34.7709],[139.0391,34.7657],[139.0292,34.7678],[139.0258,34.7641],[139.0211,34.7548],[139.0144,34.7532],[139.0063,34.7525],[138.9975,34.7425],[139,34.7366],[138.9968,34.7293],[138.9917,34.7234],[138.9925,34.7176],[138.9857,34.7135],[138.9787,34.7087],[138.9734,34.6907],[138.9749,34.6859],[138.9802,34.6816],[138.9728,34.6759],[138.9779,34.6699],[138.9838,34.6684],[138.9872,34.6579],[138.9786,34.6539],[138.9717,34.6543],[138.9665,34.6533],[138.9609,34.6543],[138.9571,34.6591],[138.9609,34.6699],[138.9587,34.6753],[138.953,34.6752],[138.9478,34.6737],[138.9468,34.6657],[138.9387,34.6667],[138.9413,34.6623],[138.9363,34.6594],[138.9253,34.6562],[138.9193,34.6531],[138.9169,34.648],[138.9153,34.6413],[138.9125,34.6356],[138.9079,34.6323],[138.8977,34.6333],[138.89,34.6335],[138.8886,34.6285],[138.8796,34.6242],[138.8718,34.6175],[138.8667,34.6195],[138.859,34.6151],[138.8523,34.6119],[138.8478,34.6045],[138.8432,34.6081],[138.8415,34.6024],[138.8361,34.6054],[138.8287,34.6054],[138.8247,34.6119],[138.8183,34.6142],[138.8138,34.6211],[138.81,34.6277],[138.801,34.6245],[138.7951,34.6222],[138.7938,34.6333],[138.7889,34.6391],[138.7822,34.6377],[138.7723,34.6477],[138.7734,34.655],[138.7785,34.6546],[138.7844,34.6613],[138.7902,34.6593],[138.7897,34.6664],[138.7841,34.6677],[138.7771,34.6699],[138.7698,34.6812],[138.7573,34.6909],[138.7468,34.6885],[138.7392,34.6899],[138.7431,34.6933],[138.7432,34.7001],[138.7402,34.7045],[138.7419,34.715],[138.7417,34.7227],[138.7419,34.7277],[138.7468,34.7333],[138.7538,34.7329],[138.7558,34.7396],[138.7609,34.7406],[138.7562,34.7441],[138.7643,34.7517],[138.7738,34.7532],[138.776,34.7589],[138.7734,34.7689],[138.7634,34.7701],[138.7702,34.7732],[138.7669,34.7816],[138.7624,34.7861],[138.76,34.7909],[138.7562,34.7951],[138.7528,34.7999],[138.7565,34.8036],[138.7625,34.8023],[138.7646,34.8073],[138.7592,34.8117],[138.7517,34.8192],[138.7567,34.8265],[138.7655,34.8284],[138.7665,34.8218],[138.7677,34.8299],[138.7617,34.8365],[138.7605,34.8431],[138.7653,34.8469],[138.7746,34.8497],[138.7753,34.8563],[138.7674,34.8579],[138.7599,34.8612],[138.7538,34.8678],[138.7561,34.8845],[138.7678,34.8967],[138.7804,34.8997],[138.7815,34.9054],[138.7897,34.908],[138.7871,34.9127],[138.7859,34.9199],[138.779,34.9256],[138.7758,34.939],[138.7677,34.949],[138.7631,34.9626],[138.7632,34.9751],[138.7717,34.9699],[138.7744,34.9789],[138.77,34.9853],[138.7732,34.9936],[138.7787,35],[138.7785,35.008],[138.7797,35.0174],[138.7829,35.0225],[138.7874,35.0302],[138.7868,35.0239],[138.7942,35.0236],[138.8,35.0211],[138.8107,35.0192],[138.8214,35.0239],[138.8296,35.0214],[138.835,35.0189],[138.8416,35.0181],[138.8456,35.0139],[138.8512,35.0161],[138.856,35.02],[138.8677,35.0217],[138.8758,35.0249],[138.8787,35.0192],[138.8827,35.0247],[138.8856,35.0185],[138.8946,35.0189],[138.8985,35.0245],[138.8924,35.0311],[138.8979,35.0375],[138.8979,35.0434],[138.9063,35.0479],[138.897,35.05],[138.8919,35.0514],[138.8871,35.0465],[138.883,35.0549],[138.8718,35.0708],[138.8635,35.0721],[138.8539,35.0801],[138.8516,35.0848],[138.8453,35.0944],[138.8278,35.107],[138.7939,35.1209],[138.7525,35.1311],[138.7468,35.1321],[138.6977,35.1367],[138.7004,35.1423],[138.6891,35.1435],[138.6919,35.1392],[138.698,35.1345],[138.6843,35.133],[138.677,35.1301],[138.6656,35.1251],[138.6393,35.1149],[138.6218,35.1152],[138.6065,35.1149],[138.5737,35.1102],[138.5566,35.0997],[138.5491,35.0865],[138.5415,35.0679],[138.533,35.0553],[138.5173,35.0458],[138.5159,35.0381],[138.513,35.0431],[138.5126,35.0364],[138.5083,35.0437],[138.5085,35.0334],[138.5028,35.0364],[138.5025,35.0311],[138.4968,35.0339],[138.4991,35.0266],[138.4968,35.0205],[138.4908,35.0223],[138.4956,35.0168],[138.4964,35.0115],[138.4973,35.0032],[138.4975,34.9961],[138.5017,34.9921],[138.5029,34.9859],[138.5083,34.9867],[138.5115,34.9945],[138.5077,34.9981],[138.5013,35.0014],[138.5061,35.0037],[138.5041,35.0153],[138.5128,35.0149],[138.5177,35.008],[138.5151,35.0207],[138.5239,35.0193],[138.5332,35.0131],[138.5284,35.0032],[138.5148,34.9835],[138.4968,34.9717],[138.4745,34.9617],[138.4136,34.9423],[138.3979,34.9298],[138.3718,34.9224],[138.3669,34.9199],[138.3573,34.9151],[138.3545,34.9095],[138.3483,34.8985],[138.3397,34.8888],[138.3385,34.8824],[138.3314,34.8743],[138.3333,34.8688],[138.3274,34.8691],[138.3242,34.8532],[138.3289,34.8498],[138.3263,34.8447],[138.3302,34.8491],[138.3356,34.8434],[138.338,34.8365],[138.3249,34.8119],[138.2995,34.7785],[138.2958,34.7832],[138.2892,34.7817],[138.2945,34.7764],[138.3021,34.777],[138.3006,34.7709],[138.2949,34.7667],[138.2696,34.7532],[138.2468,34.7408],[138.2292,34.7275],[138.2235,34.722],[138.2195,34.7173],[138.2135,34.7031],[138.2076,34.6892],[138.1976,34.6699],[138.1936,34.654],[138.1942,34.6376],[138.1998,34.6297],[138.206,34.6205],[138.2128,34.6164],[138.2164,34.6126],[138.2201,34.6077],[138.2321,34.6045],[138.2331,34.5995],[138.2267,34.5946],[138.21,34.5992],[138.1931,34.6001],[138.1846,34.604],[138.1604,34.6128],[138.1535,34.6147],[138.1377,34.6215],[138.1218,34.6276],[138.0781,34.6422],[138.0614,34.6466],[138.0631,34.6577],[138.0593,34.6501],[138.0273,34.6555],[137.9968,34.6616],[137.9699,34.6654],[137.9605,34.6662],[137.9115,34.667],[137.9046,34.6657],[137.8969,34.6657],[137.8718,34.6613],[137.8571,34.6588],[137.8471,34.6569],[137.8274,34.6523],[137.7986,34.6447],[137.7793,34.6477],[137.767,34.6499],[137.7483,34.6565],[137.7513,34.6661],[137.7444,34.6677],[137.7489,34.6634],[137.7468,34.657],[137.6782,34.6699],[137.627,34.6758],[137.6218,34.6761],[137.5995,34.6763],[137.5855,34.6789],[137.5322,34.6781],[137.4968,34.6753],[137.4839,34.6738],[137.4844,34.6829],[137.4875,34.6869],[137.491,34.7001],[137.4881,34.7152],[137.4828,34.7195],[137.4808,34.7301],[137.4784,34.7345],[137.4799,34.7403],[137.4756,34.7471],[137.4748,34.7532],[137.4768,34.763],[137.4787,34.7707],[137.481,34.781],[137.486,34.7835],[137.4928,34.7867],[137.492,34.7938],[137.4934,34.7995],[137.4868,34.8114],[137.4936,34.8161],[137.4968,34.8205],[137.4987,34.8267],[137.502,34.8328],[137.519,34.8365],[137.529,34.8425],[137.5383,34.8418],[137.5434,34.8433],[137.5493,34.8488],[137.5559,34.8517],[137.5652,34.8521],[137.5733,34.8507],[137.5868,34.8499],[137.5933,34.8571],[137.5961,34.8666],[137.5971,34.8722],[137.609,34.8751],[137.6144,34.875],[137.6218,34.8799],[137.634,34.8865],[137.6398,34.8921],[137.641,34.8971],[137.6426,34.9079],[137.6466,34.9162],[137.6521,34.9249],[137.6508,34.9318],[137.6563,34.9391],[137.6614,34.9457],[137.669,34.9482],[137.6752,34.9454],[137.6828,34.9549],[137.6883,34.9563],[137.6905,34.9626],[137.6961,34.9714],[137.7041,34.9699],[137.7003,34.9837],[137.7042,34.9905],[137.7073,34.9952],[137.7022,35],[137.7047,35.0147],[137.7106,35.0221],[137.7145,35.0255],[137.7172,35.035],[137.7228,35.0387],[137.7279,35.0399],[137.7327,35.0465],[137.7365,35.0525],[137.7468,35.0604],[137.7565,35.0659],[137.7647,35.0724],[137.7746,35.0771],[137.7738,35.0865],[137.7782,35.0995],[137.7904,35.0952],[137.7946,35.1022],[137.8002,35.1053],[137.7997,35.1123],[137.7987,35.1254],[137.7931,35.1277],[137.7925,35.1344],[137.7995,35.1319],[137.8098,35.1372],[137.8144,35.1402],[137.8145,35.1525],[137.8213,35.1481],[137.8265,35.1505],[137.8211,35.1583],[137.8257,35.1661],[137.8182,35.1745],[137.8084,35.1763],[137.803,35.1832],[137.8074,35.1877],[137.819,35.1957],[137.822,35.2039],[137.8307,35.2049],[137.8278,35.2114],[137.838,35.2125],[137.8413,35.2165],[137.8481,35.2215],[137.8614,35.2231],[137.8718,35.2188],[137.8803,35.2266],[137.8841,35.2378],[137.8825,35.2433],[137.8899,35.2532],[137.8946,35.2559],[137.9127,35.2533],[137.9191,35.2552],[137.9247,35.2619],[137.9274,35.2691],[137.9305,35.2757],[137.9457,35.2769],[137.9525,35.2831],[137.9611,35.2834],[137.9748,35.2934],[137.9829,35.293],[137.9895,35.2994],[137.9948,35.3022],[138.0066,35.3042],[138.0178,35.3015],[138.0276,35.3117],[138.0266,35.3207],[138.0392,35.3267],[138.0378,35.3332],[138.0465,35.3352],[138.052,35.3365],[138.0554,35.3423],[138.0632,35.3471],[138.0717,35.3465],[138.0799,35.3418],[138.0844,35.3379],[138.0943,35.3425],[138.094,35.3513],[138.0983,35.3551],[138.1077,35.3606],[138.1218,35.3671],[138.1293,35.3652],[138.1419,35.3707],[138.1436,35.3757],[138.1494,35.3891],[138.1521,35.3981],[138.143,35.4062],[138.1344,35.4091],[138.1359,35.4142],[138.1387,35.4232],[138.124,35.4278],[138.1215,35.4329],[138.1218,35.4423],[138.1193,35.4479],[138.1204,35.4547],[138.1324,35.4537],[138.1439,35.4591],[138.1504,35.4595],[138.1602,35.47],[138.1564,35.4748],[138.1599,35.4882],[138.1645,35.4939],[138.1547,35.4954],[138.1456,35.5005],[138.14,35.4997],[138.1438,35.5093],[138.1462,35.5185],[138.1381,35.5219],[138.1471,35.5313],[138.1594,35.5451],[138.156,35.5499],[138.1504,35.5533],[138.1423,35.5555],[138.1468,35.5589],[138.1518,35.5703],[138.1593,35.5754],[138.1628,35.5815],[138.1696,35.5823],[138.1798,35.5745],[138.1852,35.5737],[138.1899,35.5787],[138.1932,35.5865],[138.1975,35.5969],[138.2058,35.609],[138.2027,35.6204],[138.2043,35.6325],[138.2118,35.6359],[138.2186,35.6445]]]]}},{"type":"Feature","properties":{"nam":"Ibaraki Ken","nam_ja":"\u8328\u57ce\u770c","id":8},"geometry":{"type":"MultiPolygon","coordinates":[[[[140.5682,36.9375],[140.574,36.9397],[140.5834,36.9433],[140.5918,36.9383],[140.5934,36.9279],[140.6009,36.9223],[140.6095,36.9118],[140.6144,36.9084],[140.6164,36.9035],[140.6218,36.9033],[140.6271,36.9025],[140.6374,36.8977],[140.6468,36.9],[140.6525,36.9003],[140.657,36.8974],[140.6664,36.8953],[140.6736,36.8933],[140.6811,36.8928],[140.6882,36.8888],[140.6992,36.8837],[140.7062,36.8785],[140.7123,36.8746],[140.7182,36.8724],[140.7236,36.8715],[140.7311,36.8735],[140.7415,36.8755],[140.7468,36.8715],[140.7562,36.869],[140.7621,36.8703],[140.7647,36.8633],[140.7708,36.8627],[140.7794,36.8666],[140.7852,36.8624],[140.7863,36.8563],[140.7912,36.8575],[140.7976,36.854],[140.7973,36.8443],[140.801,36.8399],[140.8033,36.8333],[140.7981,36.8269],[140.7919,36.8299],[140.7863,36.8295],[140.7789,36.8258],[140.7705,36.8199],[140.7562,36.7946],[140.7468,36.7807],[140.7354,36.7532],[140.7334,36.7486],[140.7312,36.7423],[140.7292,36.7232],[140.7269,36.7178],[140.7169,36.6927],[140.7146,36.6699],[140.7164,36.6624],[140.709,36.6556],[140.7005,36.6526],[140.6941,36.6441],[140.6919,36.6327],[140.6891,36.6216],[140.683,36.6168],[140.6713,36.5982],[140.6666,36.5947],[140.6631,36.5865],[140.6629,36.5815],[140.6554,36.576],[140.6447,36.5511],[140.6466,36.5446],[140.6408,36.5403],[140.6331,36.5149],[140.6296,36.5032],[140.6281,36.4951],[140.6218,36.4956],[140.6176,36.4907],[140.6121,36.4877],[140.6223,36.4836],[140.6162,36.4831],[140.612,36.4779],[140.6111,36.4671],[140.6094,36.4615],[140.6084,36.4545],[140.6085,36.4471],[140.6081,36.4406],[140.6149,36.4416],[140.627,36.4414],[140.6269,36.4312],[140.6192,36.4313],[140.6104,36.4314],[140.609,36.4228],[140.6088,36.4141],[140.6157,36.411],[140.6098,36.4106],[140.6097,36.4053],[140.6154,36.4053],[140.6113,36.4012],[140.6145,36.3904],[140.6215,36.3831],[140.6268,36.3813],[140.6243,36.3721],[140.6218,36.3623],[140.6125,36.3545],[140.6056,36.3446],[140.6011,36.3397],[140.5942,36.3374],[140.5939,36.3201],[140.5875,36.3124],[140.5812,36.3097],[140.5686,36.3084],[140.5596,36.2917],[140.5597,36.2558],[140.5605,36.2465],[140.572,36.1846],[140.5765,36.1699],[140.5862,36.1428],[140.61,36.0865],[140.6218,36.0625],[140.649,36.0123],[140.6535,36.0032],[140.6572,35.9959],[140.6736,35.9689],[140.681,35.9709],[140.7011,35.9377],[140.6936,35.9344],[140.6784,35.9199],[140.6654,35.9238],[140.6629,35.9286],[140.6629,35.9234],[140.6673,35.9199],[140.6736,35.9127],[140.6748,35.897],[140.6872,35.8818],[140.68,35.8997],[140.6773,35.912],[140.691,35.9199],[140.7001,35.9257],[140.7048,35.9239],[140.7091,35.9199],[140.7381,35.8793],[140.7417,35.8745],[140.7441,35.8652],[140.765,35.8365],[140.775,35.8233],[140.8318,35.7532],[140.8383,35.7485],[140.8462,35.7464],[140.8519,35.7439],[140.8467,35.74],[140.8204,35.7396],[140.7958,35.7532],[140.7468,35.7818],[140.7295,35.7962],[140.7208,35.8135],[140.7175,35.8227],[140.7061,35.8365],[140.6821,35.8495],[140.648,35.8556],[140.6318,35.8589],[140.6218,35.8739],[140.6125,35.8901],[140.6,35.9021],[140.5884,35.9063],[140.5831,35.9134],[140.5769,35.9199],[140.5554,35.9313],[140.5333,35.9413],[140.5287,35.946],[140.5113,35.9587],[140.5012,35.9466],[140.4968,35.9329],[140.4905,35.9319],[140.4872,35.9281],[140.4895,35.9199],[140.4968,35.9105],[140.5028,35.9058],[140.4968,35.9065],[140.4841,35.9099],[140.471,35.9199],[140.4585,35.9261],[140.4523,35.9199],[140.4486,35.9152],[140.4349,35.9117],[140.4205,35.9064],[140.4109,35.9084],[140.3988,35.9093],[140.379,35.9031],[140.3718,35.9015],[140.3665,35.9002],[140.3557,35.8945],[140.3502,35.8856],[140.3353,35.8726],[140.3176,35.8644],[140.3082,35.8645],[140.2894,35.8714],[140.2812,35.8741],[140.2731,35.8723],[140.2468,35.8573],[140.2325,35.8541],[140.2137,35.862],[140.2064,35.8614],[140.1915,35.8546],[140.1679,35.8455],[140.1548,35.8426],[140.1466,35.8456],[140.1376,35.8557],[140.1272,35.8709],[140.1218,35.8736],[140.1027,35.8807],[140.089,35.8841],[140.0762,35.877],[140.0705,35.8784],[140.0608,35.8883],[140.0486,35.8918],[140.0306,35.9009],[140.0242,35.9063],[140.017,35.9106],[140,35.9094],[139.9931,35.9103],[139.9808,35.9199],[139.966,35.9265],[139.9521,35.9357],[139.9392,35.9403],[139.9321,35.9497],[139.9382,35.9619],[139.9341,35.9684],[139.9237,35.9706],[139.9171,35.9703],[139.9008,35.9769],[139.8842,35.9889],[139.8795,36.0032],[139.8718,36.0145],[139.8663,36.0203],[139.8591,36.0275],[139.846,36.0347],[139.8202,36.0573],[139.8106,36.066],[139.8039,36.0865],[139.8012,36.0919],[139.7868,36.1041],[139.7775,36.098],[139.7762,36.0909],[139.772,36.0865],[139.7703,36.0812],[139.761,36.0813],[139.7482,36.0865],[139.7368,36.0865],[139.7271,36.1075],[139.7154,36.1243],[139.7101,36.1359],[139.7031,36.1451],[139.6986,36.1521],[139.692,36.1699],[139.6944,36.1903],[139.6896,36.1945],[139.6879,36.1998],[139.6914,36.2061],[139.7001,36.2035],[139.7064,36.2019],[139.7076,36.2089],[139.7149,36.2101],[139.7202,36.2085],[139.7272,36.206],[139.7468,36.2109],[139.7574,36.2175],[139.7856,36.2277],[139.8217,36.2398],[139.8288,36.2532],[139.8343,36.2688],[139.8413,36.2754],[139.8354,36.2935],[139.8487,36.3113],[139.8576,36.3105],[139.8644,36.3152],[139.8718,36.315],[139.8744,36.3209],[139.8826,36.3214],[139.8788,36.3146],[139.8842,36.3116],[139.8913,36.3095],[139.8964,36.3098],[139.8954,36.3044],[139.8994,36.3012],[139.9096,36.3006],[139.9151,36.3095],[139.9125,36.329],[139.9131,36.3351],[139.922,36.3413],[139.934,36.3436],[139.9451,36.3484],[139.96,36.3511],[139.9653,36.3641],[139.9675,36.3695],[139.9733,36.3785],[139.9791,36.3703],[139.9885,36.3675],[139.9968,36.3697],[140.0035,36.3702],[140.0005,36.3766],[140.0089,36.3744],[140.0144,36.3773],[140.0219,36.3757],[140.027,36.3759],[140.0398,36.3751],[140.0449,36.3751],[140.0611,36.3809],[140.0692,36.3889],[140.0663,36.3943],[140.0665,36.4038],[140.079,36.4036],[140.0839,36.402],[140.0886,36.3983],[140.0928,36.4013],[140.0981,36.3981],[140.1111,36.3989],[140.1101,36.4075],[140.1156,36.4113],[140.1218,36.4133],[140.1304,36.4147],[140.1406,36.4121],[140.1561,36.3984],[140.1644,36.3995],[140.1772,36.3981],[140.1853,36.3983],[140.189,36.4033],[140.1962,36.4106],[140.2024,36.4199],[140.2032,36.4289],[140.203,36.4405],[140.2055,36.4471],[140.2028,36.4543],[140.2073,36.4579],[140.2094,36.4651],[140.2135,36.473],[140.219,36.4803],[140.2276,36.4874],[140.2303,36.4934],[140.2301,36.5008],[140.2357,36.5032],[140.2424,36.5073],[140.2477,36.5139],[140.2603,36.5176],[140.2547,36.5225],[140.2488,36.5329],[140.2479,36.5461],[140.2516,36.5545],[140.2468,36.5597],[140.2468,36.5647],[140.243,36.5739],[140.2446,36.5825],[140.2468,36.5948],[140.2484,36.6063],[140.2468,36.6133],[140.2399,36.6244],[140.2339,36.6341],[140.2425,36.6364],[140.2399,36.6444],[140.2384,36.6541],[140.2295,36.6622],[140.2316,36.6699],[140.2216,36.6743],[140.2245,36.6803],[140.2271,36.6932],[140.2321,36.7001],[140.2416,36.6981],[140.2468,36.7023],[140.2552,36.7028],[140.2674,36.7026],[140.2743,36.7079],[140.2799,36.7074],[140.2848,36.7118],[140.2926,36.7127],[140.2885,36.7174],[140.2874,36.7245],[140.2837,36.7333],[140.2702,36.7427],[140.2639,36.748],[140.2592,36.7532],[140.2555,36.7645],[140.2609,36.7673],[140.2546,36.7739],[140.2539,36.7837],[140.2598,36.7862],[140.2652,36.7887],[140.2654,36.7944],[140.2641,36.8094],[140.267,36.8236],[140.264,36.8308],[140.2628,36.8365],[140.2556,36.8407],[140.257,36.8469],[140.2525,36.8505],[140.2538,36.8614],[140.2559,36.8721],[140.2542,36.8825],[140.2538,36.8895],[140.2519,36.8969],[140.2501,36.907],[140.2497,36.913],[140.2489,36.9199],[140.2524,36.9277],[140.2594,36.9331],[140.274,36.9307],[140.2793,36.9327],[140.2877,36.9343],[140.2941,36.9319],[140.303,36.9257],[140.3075,36.9211],[140.318,36.9129],[140.3224,36.9053],[140.3257,36.8928],[140.3472,36.8853],[140.3523,36.8863],[140.3631,36.8851],[140.3678,36.8807],[140.3718,36.8715],[140.3686,36.8654],[140.3711,36.8551],[140.3764,36.8458],[140.3773,36.838],[140.3862,36.8354],[140.3955,36.8326],[140.4017,36.8326],[140.4083,36.8319],[140.4153,36.832],[140.419,36.8266],[140.4246,36.8209],[140.4299,36.8189],[140.4385,36.8216],[140.4485,36.8093],[140.4534,36.8045],[140.4581,36.7984],[140.4637,36.7918],[140.4715,36.7945],[140.4785,36.7977],[140.4823,36.8044],[140.4879,36.8091],[140.4879,36.8182],[140.4936,36.8191],[140.5022,36.8187],[140.5051,36.8233],[140.5116,36.8223],[140.5172,36.8279],[140.5191,36.8333],[140.5283,36.8407],[140.5293,36.8491],[140.5354,36.8525],[140.5394,36.8592],[140.5476,36.8588],[140.5551,36.8613],[140.5619,36.8633],[140.5729,36.8652],[140.5808,36.8673],[140.589,36.8747],[140.5926,36.8813],[140.5866,36.8864],[140.5814,36.8933],[140.58,36.8993],[140.5807,36.9046],[140.5742,36.9098],[140.5674,36.9139],[140.5679,36.9199],[140.57,36.9324],[140.5676,36.9369],[140.5682,36.9375]]]]}},{"type":"Feature","properties":{"nam":"Okinawa Ken","nam_ja":"\u6c96\u7e04\u770c","id":47},"geometry":{"type":"MultiPolygon","coordinates":[[[[128.1534,26.7166],[128.1594,26.7277],[128.154,26.7397],[128.1515,26.7451],[128.1658,26.7437],[128.1769,26.7475],[128.1865,26.7532],[128.1881,26.7585],[128.1967,26.7665],[128.2026,26.7665],[128.2039,26.7745],[128.215,26.7825],[128.2195,26.7875],[128.2249,26.7966],[128.2294,26.8013],[128.2325,26.8099],[128.2406,26.8214],[128.2432,26.8303],[128.2468,26.8339],[128.2503,26.8386],[128.252,26.8493],[128.2468,26.8535],[128.2429,26.8577],[128.2468,26.8686],[128.2561,26.8748],[128.2641,26.8721],[128.2605,26.8669],[128.2645,26.8634],[128.2768,26.8553],[128.285,26.8463],[128.2889,26.8427],[128.2948,26.8438],[128.3036,26.8445],[128.305,26.8365],[128.3035,26.8313],[128.3074,26.8255],[128.313,26.8207],[128.3174,26.8131],[128.3167,26.8069],[128.3202,26.796],[128.3203,26.7881],[128.3237,26.7829],[128.3239,26.7765],[128.3211,26.7712],[128.3239,26.7668],[128.3214,26.7605],[128.3233,26.7534],[128.3228,26.7483],[128.3176,26.7432],[128.3177,26.735],[128.3077,26.7305],[128.3019,26.7209],[128.2928,26.7173],[128.2968,26.7099],[128.2897,26.7067],[128.2924,26.7021],[128.288,26.6985],[128.2806,26.6964],[128.2776,26.6819],[128.273,26.6704],[128.2633,26.6671],[128.2618,26.6587],[128.2564,26.6583],[128.2509,26.6523],[128.2504,26.6458],[128.244,26.6398],[128.2408,26.6359],[128.2341,26.6299],[128.2225,26.6286],[128.2173,26.6283],[128.2009,26.6249],[128.1842,26.6236],[128.1784,26.6242],[128.1658,26.6278],[128.1604,26.6289],[128.1487,26.6291],[128.1447,26.6237],[128.1493,26.6131],[128.1528,26.6044],[128.1502,26.5977],[128.1443,26.5973],[128.138,26.6001],[128.1308,26.6002],[128.1229,26.6025],[128.1274,26.592],[128.1346,26.5865],[128.1435,26.5713],[128.1497,26.5679],[128.1381,26.5663],[128.1373,26.5529],[128.1274,26.5541],[128.1218,26.5535],[128.1096,26.5503],[128.0994,26.5431],[128.0948,26.5408],[128.0939,26.534],[128.088,26.5359],[128.0828,26.5389],[128.076,26.545],[128.0686,26.5487],[128.0565,26.5501],[128.0498,26.5469],[128.0441,26.5475],[128.0416,26.5588],[128.0364,26.5513],[128.0408,26.538],[128.0442,26.5321],[128.0486,26.5247],[128.0519,26.5201],[128.0438,26.5203],[128.0336,26.5186],[128.0312,26.513],[128.0251,26.5105],[128.0128,26.5123],[128.0039,26.5107],[128.0024,26.5048],[127.9988,26.51],[127.9905,26.5032],[127.9968,26.4949],[128.0011,26.485],[127.9968,26.4806],[127.9917,26.4803],[127.9899,26.4753],[127.9786,26.4708],[127.9645,26.4676],[127.961,26.4717],[127.9502,26.4721],[127.95,26.4667],[127.9455,26.464],[127.9489,26.4557],[127.9437,26.4537],[127.9424,26.4425],[127.9479,26.4375],[127.9416,26.4407],[127.9277,26.4392],[127.9172,26.4446],[127.9104,26.4466],[127.8989,26.4487],[127.8903,26.454],[127.8747,26.4544],[127.8686,26.4569],[127.8585,26.4526],[127.8515,26.4501],[127.8473,26.4425],[127.8417,26.4366],[127.8425,26.431],[127.8391,26.4263],[127.8302,26.4311],[127.829,26.4238],[127.8334,26.4169],[127.8398,26.4051],[127.8472,26.4018],[127.8573,26.3973],[127.8669,26.3884],[127.8718,26.3855],[127.8768,26.3786],[127.8738,26.3681],[127.8718,26.3611],[127.8815,26.3466],[127.8851,26.342],[127.8919,26.3365],[127.9015,26.3291],[127.9075,26.3282],[127.9162,26.3311],[127.9111,26.3238],[127.9173,26.3166],[127.9179,26.3107],[127.921,26.3013],[127.9202,26.2954],[127.9134,26.2973],[127.9068,26.3025],[127.899,26.3047],[127.893,26.3099],[127.8876,26.3152],[127.8744,26.3292],[127.8664,26.3399],[127.861,26.3441],[127.8557,26.3423],[127.847,26.3365],[127.8401,26.3331],[127.8357,26.3292],[127.8328,26.3212],[127.8389,26.3216],[127.8446,26.3187],[127.8429,26.3139],[127.8365,26.3136],[127.8288,26.3125],[127.8252,26.3082],[127.8277,26.3033],[127.8158,26.3045],[127.8098,26.2975],[127.8131,26.2894],[127.8169,26.2834],[127.8162,26.2774],[127.8116,26.2741],[127.8045,26.2713],[127.7994,26.2681],[127.792,26.2532],[127.7874,26.2399],[127.7862,26.2311],[127.7839,26.2252],[127.78,26.2215],[127.775,26.2149],[127.7687,26.214],[127.7651,26.2061],[127.7715,26.2024],[127.7604,26.2033],[127.7685,26.2004],[127.7706,26.1923],[127.7759,26.1886],[127.7772,26.1818],[127.7775,26.1753],[127.7882,26.1699],[127.7895,26.1754],[127.7927,26.1824],[127.7975,26.1862],[127.8069,26.1889],[127.8134,26.1903],[127.8206,26.1915],[127.8211,26.1829],[127.8276,26.1795],[127.8303,26.1683],[127.8256,26.1659],[127.8187,26.1581],[127.814,26.1563],[127.803,26.1473],[127.7986,26.1421],[127.794,26.1368],[127.7885,26.1331],[127.7836,26.1321],[127.7772,26.1346],[127.7672,26.131],[127.7608,26.1253],[127.7549,26.1198],[127.7468,26.1184],[127.74,26.1099],[127.7334,26.0991],[127.7274,26.0967],[127.7245,26.0911],[127.7134,26.0865],[127.7078,26.0893],[127.6976,26.0865],[127.6884,26.0825],[127.6806,26.0755],[127.674,26.0759],[127.6621,26.0802],[127.656,26.0865],[127.6577,26.1005],[127.6641,26.1155],[127.6673,26.1249],[127.6658,26.1313],[127.6578,26.1312],[127.6511,26.1342],[127.6469,26.1444],[127.6576,26.1476],[127.6681,26.1513],[127.6496,26.1498],[127.6446,26.1549],[127.6536,26.1615],[127.6518,26.1684],[127.6479,26.1731],[127.642,26.1728],[127.6425,26.1882],[127.6354,26.1977],[127.6401,26.2023],[127.6439,26.211],[127.6506,26.2171],[127.6597,26.2127],[127.6706,26.2049],[127.6647,26.2118],[127.6631,26.2179],[127.67,26.2205],[127.6773,26.2254],[127.678,26.2394],[127.6732,26.2335],[127.6713,26.2435],[127.673,26.2501],[127.6785,26.2433],[127.6838,26.2422],[127.684,26.2478],[127.6894,26.2465],[127.6823,26.2493],[127.6844,26.2558],[127.6907,26.2547],[127.6959,26.2599],[127.7,26.265],[127.7069,26.273],[127.7138,26.2739],[127.7187,26.2701],[127.7298,26.2739],[127.731,26.281],[127.7368,26.2827],[127.7468,26.2891],[127.7557,26.2944],[127.7588,26.3086],[127.7522,26.3147],[127.7542,26.3205],[127.7492,26.3201],[127.7414,26.3329],[127.7445,26.3419],[127.7436,26.348],[127.7395,26.3559],[127.7386,26.362],[127.7259,26.3843],[127.7167,26.3995],[127.7136,26.4091],[127.7125,26.4199],[127.7158,26.4317],[127.7117,26.438],[127.7224,26.4398],[127.731,26.4285],[127.7354,26.4216],[127.7468,26.4272],[127.7554,26.4309],[127.7624,26.4364],[127.7696,26.4449],[127.7771,26.4393],[127.7835,26.4343],[127.7907,26.4357],[127.7968,26.4361],[127.8026,26.4439],[127.804,26.4542],[127.8115,26.4624],[127.8207,26.4665],[127.828,26.4693],[127.834,26.4783],[127.8443,26.4804],[127.8442,26.4858],[127.8381,26.4952],[127.8427,26.5032],[127.8483,26.5042],[127.8536,26.4988],[127.8576,26.5032],[127.8649,26.5089],[127.8712,26.5112],[127.8766,26.5065],[127.8872,26.5032],[127.8896,26.51],[127.9009,26.5141],[127.9066,26.5191],[127.9142,26.5156],[127.9199,26.5277],[127.9279,26.5307],[127.9334,26.5384],[127.9387,26.5353],[127.9499,26.5435],[127.9563,26.5459],[127.9601,26.5403],[127.9654,26.548],[127.9753,26.5589],[127.9807,26.5724],[127.9823,26.5795],[127.9797,26.5865],[127.9705,26.5904],[127.9643,26.591],[127.9552,26.5945],[127.9449,26.6013],[127.9362,26.6023],[127.9294,26.6062],[127.9215,26.6089],[127.9124,26.6006],[127.8989,26.6049],[127.8932,26.6121],[127.8866,26.6232],[127.8861,26.6282],[127.8794,26.637],[127.8782,26.6469],[127.878,26.653],[127.8843,26.6588],[127.8931,26.6593],[127.8882,26.6699],[127.8848,26.6754],[127.8747,26.683],[127.8766,26.6976],[127.8784,26.7085],[127.8854,26.7054],[127.8982,26.7006],[127.9119,26.7022],[127.9244,26.7028],[127.9301,26.7038],[127.941,26.7053],[127.9477,26.7076],[127.967,26.7023],[127.9647,26.6972],[127.9709,26.6925],[127.9758,26.6969],[127.9968,26.6901],[128.0021,26.6879],[128.0071,26.6837],[128.0002,26.6787],[127.9915,26.6699],[127.9911,26.6619],[127.9884,26.6557],[127.9845,26.6504],[127.9873,26.6459],[127.9968,26.6427],[128.0025,26.6371],[128.0061,26.6294],[128.0113,26.6311],[128.0234,26.6265],[128.0325,26.6329],[128.0378,26.6357],[128.047,26.6337],[128.0706,26.6435],[128.0765,26.6435],[128.0829,26.6481],[128.0952,26.6609],[128.1015,26.6628],[128.1099,26.6675],[128.1106,26.6609],[128.1154,26.6587],[128.1218,26.6595],[128.1218,26.6651],[128.1132,26.6699],[128.1081,26.6715],[128.1,26.6779],[128.1052,26.687],[128.117,26.7023],[128.1405,26.7071],[128.1449,26.7115],[128.1534,26.7166]]],[[[125.306,24.7115],[125.2974,24.7171],[125.2875,24.7217],[125.279,24.7253],[125.2727,24.7275],[125.2671,24.7315],[125.2604,24.7345],[125.2582,24.7402],[125.2516,24.7532],[125.2561,24.7616],[125.2589,24.7681],[125.2583,24.7607],[125.2631,24.7532],[125.2691,24.749],[125.2751,24.7491],[125.2813,24.7509],[125.2809,24.7594],[125.2762,24.7703],[125.2661,24.7825],[125.2579,24.7837],[125.2546,24.7881],[125.2552,24.7949],[125.2597,24.7999],[125.2656,24.8028],[125.2728,24.8055],[125.2749,24.8116],[125.279,24.8163],[125.2767,24.8291],[125.2752,24.8365],[125.2798,24.8411],[125.2887,24.8377],[125.2922,24.8418],[125.288,24.8558],[125.2823,24.8622],[125.2784,24.8699],[125.2729,24.8767],[125.2704,24.8828],[125.2695,24.8907],[125.2637,24.8972],[125.2595,24.9029],[125.2529,24.9098],[125.2624,24.9021],[125.2681,24.9076],[125.2791,24.8936],[125.2815,24.8848],[125.2936,24.8767],[125.3026,24.8651],[125.3043,24.8485],[125.3111,24.8365],[125.3219,24.8296],[125.3332,24.8218],[125.3288,24.8111],[125.3324,24.7991],[125.3416,24.7956],[125.3526,24.7886],[125.3612,24.7885],[125.3657,24.7917],[125.3718,24.7902],[125.3854,24.7841],[125.3887,24.7759],[125.4002,24.766],[125.4099,24.7633],[125.4165,24.7633],[125.4228,24.7601],[125.4296,24.7608],[125.439,24.7532],[125.4408,24.7468],[125.4521,24.7348],[125.4569,24.7279],[125.4499,24.7301],[125.4446,24.7247],[125.4399,24.7283],[125.4309,24.7291],[125.4242,24.7263],[125.4172,24.7271],[125.4052,24.7288],[125.3966,24.7289],[125.3901,24.7286],[125.3817,24.7254],[125.3755,24.7249],[125.3689,24.7289],[125.3633,24.7257],[125.3561,24.7236],[125.349,24.7215],[125.3404,24.7191],[125.327,24.7193],[125.3224,24.7167],[125.3157,24.7135],[125.306,24.7115]]],[[[124.173,24.3279],[124.1621,24.3306],[124.1538,24.3356],[124.1445,24.3352],[124.1464,24.3414],[124.1421,24.3457],[124.1344,24.3513],[124.1218,24.3545],[124.1082,24.3632],[124.11,24.3685],[124.1174,24.3761],[124.1316,24.3816],[124.1378,24.3904],[124.1363,24.3971],[124.1393,24.4032],[124.1399,24.4111],[124.1311,24.413],[124.1286,24.4199],[124.1218,24.4253],[124.1199,24.4309],[124.113,24.4323],[124.1094,24.4281],[124.0988,24.4309],[124.084,24.4199],[124.0818,24.4139],[124.0765,24.4199],[124.0678,24.4257],[124.0683,24.4348],[124.0762,24.4463],[124.0738,24.4512],[124.0794,24.4501],[124.0885,24.4514],[124.0966,24.4507],[124.1016,24.4463],[124.1045,24.4421],[124.1161,24.4446],[124.1132,24.4605],[124.1183,24.4629],[124.1215,24.4693],[124.1155,24.4742],[124.1126,24.48],[124.1218,24.4764],[124.1266,24.4747],[124.1343,24.4705],[124.1404,24.4617],[124.1359,24.4521],[124.131,24.4459],[124.1365,24.4401],[124.1496,24.4519],[124.1707,24.4467],[124.1824,24.4519],[124.1889,24.4551],[124.1954,24.4548],[124.2062,24.4528],[124.2116,24.4535],[124.2181,24.4527],[124.2221,24.4641],[124.2175,24.4664],[124.2195,24.4747],[124.2252,24.4851],[124.2252,24.4971],[124.2348,24.4963],[124.2423,24.5032],[124.2468,24.5098],[124.253,24.5175],[124.2618,24.5135],[124.2673,24.5065],[124.2712,24.5032],[124.2745,24.5111],[124.2803,24.5251],[124.2821,24.5325],[124.2861,24.5375],[124.2907,24.5435],[124.2877,24.5487],[124.2816,24.5535],[124.2839,24.5621],[124.2924,24.5668],[124.2979,24.5763],[124.3056,24.5865],[124.3081,24.6069],[124.3174,24.6058],[124.3355,24.6027],[124.3334,24.5957],[124.3359,24.5865],[124.3333,24.5747],[124.3279,24.5664],[124.3195,24.5589],[124.3117,24.5549],[124.3004,24.5431],[124.301,24.5333],[124.3033,24.5259],[124.2932,24.5143],[124.2868,24.5101],[124.2786,24.5032],[124.2777,24.4857],[124.2697,24.4843],[124.2619,24.4794],[124.2489,24.4651],[124.2474,24.4503],[124.2542,24.4445],[124.2521,24.4379],[124.2468,24.4306],[124.2515,24.4199],[124.2543,24.4114],[124.2494,24.3957],[124.2498,24.3794],[124.2468,24.3663],[124.2465,24.357],[124.2345,24.3434],[124.2251,24.3433],[124.2142,24.3503],[124.2074,24.353],[124.1958,24.3513],[124.1979,24.3431],[124.1922,24.3365],[124.1883,24.3321],[124.1817,24.3299],[124.173,24.3279]]],[[[123.8718,24.2544],[123.8629,24.2549],[123.8483,24.2633],[123.8324,24.2709],[123.8139,24.2696],[123.8053,24.2691],[123.7826,24.2754],[123.7771,24.2741],[123.7545,24.2787],[123.7468,24.2837],[123.7392,24.2882],[123.7358,24.2929],[123.7204,24.2986],[123.719,24.2878],[123.7172,24.2775],[123.7056,24.2773],[123.6953,24.2824],[123.6797,24.2819],[123.6602,24.3071],[123.6683,24.3126],[123.6767,24.3116],[123.68,24.3069],[123.6851,24.3095],[123.6819,24.3204],[123.6832,24.3313],[123.6889,24.3289],[123.6973,24.3254],[123.7019,24.3199],[123.7013,24.3129],[123.707,24.3127],[123.7067,24.3225],[123.6999,24.3365],[123.6985,24.3455],[123.7043,24.34],[123.7091,24.3315],[123.713,24.3278],[123.7135,24.3339],[123.7183,24.3365],[123.723,24.3421],[123.7275,24.3365],[123.7277,24.3284],[123.7346,24.3303],[123.7388,24.3198],[123.7468,24.3107],[123.7468,24.3192],[123.7468,24.3321],[123.7435,24.3411],[123.7468,24.3467],[123.7535,24.3471],[123.751,24.3577],[123.7413,24.3673],[123.7468,24.3695],[123.7512,24.3743],[123.7468,24.3809],[123.7446,24.3875],[123.7416,24.3929],[123.7468,24.3903],[123.7525,24.3943],[123.7494,24.4018],[123.7558,24.4067],[123.7595,24.4134],[123.7698,24.4165],[123.7714,24.4247],[123.7667,24.4274],[123.7626,24.4304],[123.7687,24.4361],[123.7786,24.4365],[123.791,24.4261],[123.7986,24.4199],[123.8105,24.4095],[123.8087,24.4004],[123.8135,24.3983],[123.8148,24.3909],[123.8208,24.3953],[123.8263,24.3975],[123.8283,24.4039],[123.8414,24.4018],[123.8519,24.4021],[123.8596,24.3942],[123.8666,24.4033],[123.8718,24.4029],[123.8792,24.3992],[123.8791,24.3914],[123.8855,24.383],[123.8898,24.3867],[123.8969,24.3833],[123.9056,24.3836],[123.9144,24.3781],[123.9166,24.3727],[123.9206,24.3659],[123.9378,24.3643],[123.9379,24.3583],[123.9363,24.3532],[123.9328,24.3474],[123.926,24.3434],[123.9263,24.3365],[123.9281,24.3267],[123.923,24.3241],[123.926,24.3194],[123.9155,24.3237],[123.9102,24.3243],[123.9048,24.3121],[123.8997,24.3044],[123.8987,24.2962],[123.9017,24.2835],[123.9028,24.2746],[123.8961,24.2757],[123.8896,24.2791],[123.8811,24.2798],[123.8772,24.2762],[123.8819,24.2701],[123.8802,24.265],[123.8789,24.2555],[123.8718,24.2544]]]]}},{"type":"Feature","properties":{"nam":"Yamagata Ken","nam_ja":"\u5c71\u5f62\u770c","id":6},"geometry":{"type":"MultiPolygon","coordinates":[[[[139.8698,39.1186],[139.9065,39.1193],[139.9457,39.1133],[139.9483,39.1176],[139.9947,39.1059],[139.9968,39.1129],[140.0079,39.1234],[140.0626,39.1339],[140.0617,39.1137],[140.0669,39.0977],[140.0627,39.0933],[140.076,39.0865],[140.1009,39.0841],[140.115,39.0777],[140.1183,39.0687],[140.1283,39.0634],[140.1349,39.0649],[140.144,39.061],[140.1509,39.0495],[140.1581,39.0503],[140.1624,39.0546],[140.1713,39.0518],[140.1754,39.0578],[140.1884,39.0594],[140.1963,39.0615],[140.2018,39.0593],[140.2045,39.0516],[140.203,39.0383],[140.2142,39.0329],[140.2193,39.0327],[140.2283,39.0275],[140.2384,39.0287],[140.2459,39.0313],[140.2517,39.0283],[140.2608,39.0356],[140.2676,39.0317],[140.289,39.0269],[140.2942,39.0202],[140.3022,39.0176],[140.3071,39.0148],[140.3189,39.0268],[140.3294,39.0352],[140.3329,39.031],[140.3417,39.028],[140.355,39.0243],[140.3625,39.026],[140.3615,39.0195],[140.367,39.0062],[140.3716,39.0032],[140.3765,38.9948],[140.3873,38.9947],[140.3941,38.9918],[140.4076,38.9931],[140.4141,38.9905],[140.4251,38.9927],[140.4322,38.9923],[140.4391,38.9819],[140.4463,38.9803],[140.4476,38.9734],[140.4509,38.9661],[140.4538,38.9585],[140.4521,38.9492],[140.4516,38.9431],[140.4523,38.9379],[140.4587,38.934],[140.4605,38.9275],[140.4625,38.9221],[140.4725,38.9154],[140.48,38.9153],[140.487,38.9113],[140.4926,38.9067],[140.4946,38.8993],[140.5024,38.8952],[140.5165,38.9005],[140.5258,38.8991],[140.5368,38.9009],[140.5477,38.8899],[140.5462,38.8837],[140.5407,38.8748],[140.5398,38.8684],[140.5411,38.8618],[140.5515,38.8601],[140.5569,38.8551],[140.5599,38.8477],[140.5661,38.8484],[140.5775,38.8416],[140.5833,38.84],[140.5912,38.8353],[140.594,38.8278],[140.599,38.8257],[140.5992,38.8173],[140.5955,38.8109],[140.5967,38.8021],[140.6006,38.7911],[140.6053,38.7833],[140.6135,38.7817],[140.6218,38.7759],[140.6292,38.7745],[140.638,38.7775],[140.643,38.7745],[140.6463,38.7688],[140.6417,38.7648],[140.6348,38.7604],[140.6321,38.7532],[140.631,38.747],[140.6264,38.7434],[140.6218,38.7405],[140.6218,38.7334],[140.6128,38.726],[140.6074,38.7207],[140.6086,38.7074],[140.6218,38.7005],[140.6243,38.6918],[140.6236,38.6861],[140.6218,38.6813],[140.6189,38.673],[140.6147,38.6699],[140.6126,38.6627],[140.6048,38.6501],[140.6007,38.6399],[140.5959,38.6381],[140.5884,38.6343],[140.5784,38.6372],[140.5722,38.6381],[140.563,38.6483],[140.5548,38.6474],[140.5467,38.6501],[140.5413,38.6409],[140.538,38.6341],[140.5425,38.6296],[140.544,38.6241],[140.5498,38.6198],[140.5525,38.6137],[140.5611,38.609],[140.5587,38.6024],[140.5699,38.5939],[140.5722,38.5865],[140.5713,38.5806],[140.5757,38.5744],[140.5682,38.5615],[140.5699,38.5553],[140.5655,38.5483],[140.5601,38.5425],[140.5557,38.5341],[140.5649,38.5272],[140.5718,38.5255],[140.5679,38.5196],[140.564,38.5109],[140.5695,38.5046],[140.5739,38.4958],[140.5851,38.4912],[140.5982,38.4875],[140.6045,38.4823],[140.6033,38.4774],[140.6083,38.4695],[140.6073,38.4606],[140.6201,38.4555],[140.6134,38.4538],[140.6075,38.4445],[140.5973,38.4372],[140.5921,38.4412],[140.5807,38.4376],[140.5806,38.4274],[140.5778,38.4199],[140.5715,38.4133],[140.5744,38.4016],[140.5755,38.3967],[140.5668,38.3838],[140.5636,38.3775],[140.5555,38.3777],[140.5502,38.3733],[140.5444,38.3643],[140.5393,38.3626],[140.5268,38.3581],[140.5218,38.35],[140.5252,38.3365],[140.5287,38.3273],[140.5293,38.3208],[140.522,38.3135],[140.5103,38.3129],[140.5045,38.3143],[140.503,38.3061],[140.4927,38.302],[140.4935,38.2904],[140.4968,38.2842],[140.4916,38.2784],[140.4868,38.2745],[140.4752,38.2721],[140.4722,38.2602],[140.4723,38.2532],[140.4694,38.2434],[140.4705,38.2343],[140.4715,38.2277],[140.4742,38.2233],[140.4712,38.2135],[140.4731,38.2085],[140.4785,38.1986],[140.4791,38.1867],[140.4795,38.1807],[140.4697,38.1699],[140.4677,38.1617],[140.4667,38.1565],[140.4515,38.15],[140.4461,38.1437],[140.4432,38.1357],[140.4459,38.1301],[140.4293,38.1257],[140.4242,38.1188],[140.4177,38.1031],[140.4211,38.0865],[140.4156,38.0792],[140.4041,38.0733],[140.3934,38.0704],[140.3826,38.0713],[140.382,38.0636],[140.3726,38.0573],[140.3637,38.0572],[140.3547,38.0583],[140.3507,38.055],[140.3433,38.0541],[140.3309,38.0562],[140.323,38.056],[140.315,38.0587],[140.3027,38.0539],[140.2984,38.0565],[140.2879,38.0594],[140.2772,38.0565],[140.2834,38.0499],[140.2808,38.0442],[140.2762,38.0351],[140.2763,38.0287],[140.2814,38.0231],[140.2885,38.0082],[140.2853,38.0032],[140.2765,37.9925],[140.2752,37.9821],[140.2801,37.9769],[140.2724,37.9689],[140.2734,37.9571],[140.2781,37.9531],[140.2755,37.9476],[140.2811,37.9418],[140.2786,37.9319],[140.272,37.9199],[140.2673,37.9179],[140.265,37.9065],[140.2703,37.8915],[140.2653,37.8865],[140.2652,37.8811],[140.2696,37.8741],[140.2701,37.8672],[140.266,37.8628],[140.2674,37.8481],[140.2625,37.8413],[140.2692,37.825],[140.2752,37.8213],[140.2871,37.8148],[140.2935,37.8124],[140.2988,37.809],[140.2899,37.8013],[140.2835,37.799],[140.2828,37.7935],[140.2781,37.7881],[140.2771,37.7827],[140.2665,37.7794],[140.2637,37.7745],[140.2576,37.77],[140.2468,37.7598],[140.2402,37.7532],[140.2373,37.7467],[140.2213,37.7461],[140.2101,37.7486],[140.2003,37.7521],[140.1832,37.7555],[140.172,37.7561],[140.167,37.7573],[140.151,37.7532],[140.1406,37.7389],[140.1352,37.7389],[140.1284,37.735],[140.1218,37.7343],[140.1079,37.7381],[140.0999,37.7405],[140.0963,37.7467],[140.0905,37.7532],[140.0869,37.7582],[140.0809,37.7566],[140.0692,37.7581],[140.0662,37.7659],[140.0603,37.7707],[140.0539,37.771],[140.0527,37.7789],[140.045,37.7745],[140.0354,37.7676],[140.0246,37.7664],[140.02,37.7626],[140.0141,37.7625],[140.0023,37.7597],[139.9927,37.7589],[139.9843,37.763],[139.9782,37.7665],[139.9789,37.773],[139.9747,37.776],[139.9682,37.7832],[139.9665,37.7911],[139.9599,37.797],[139.9622,37.8035],[139.9585,37.8141],[139.9534,37.8159],[139.9426,37.8213],[139.9374,37.8285],[139.9284,37.8279],[139.9256,37.8139],[139.9149,37.8142],[139.9072,37.8155],[139.8998,37.8112],[139.8911,37.8107],[139.8859,37.8099],[139.8805,37.8103],[139.8767,37.8173],[139.8683,37.8217],[139.8585,37.827],[139.8478,37.821],[139.8384,37.815],[139.827,37.8123],[139.814,37.8055],[139.8055,37.8055],[139.8031,37.8148],[139.7957,37.8175],[139.7891,37.8243],[139.7836,37.8319],[139.7722,37.8298],[139.7654,37.8274],[139.7572,37.8235],[139.7468,37.821],[139.7387,37.8248],[139.7318,37.8311],[139.7253,37.8365],[139.7204,37.843],[139.7164,37.8538],[139.7075,37.8562],[139.698,37.8499],[139.6901,37.8481],[139.6811,37.8472],[139.6574,37.8637],[139.6576,37.8699],[139.6506,37.8759],[139.6413,37.8791],[139.6294,37.894],[139.6319,37.8991],[139.6274,37.9075],[139.6249,37.9187],[139.6289,37.9255],[139.6372,37.9332],[139.64,37.9383],[139.6425,37.9463],[139.6409,37.9518],[139.6444,37.9617],[139.6383,37.9699],[139.6439,37.9789],[139.6396,37.9845],[139.6441,37.9911],[139.6504,37.9966],[139.6547,38.0001],[139.6541,38.0111],[139.6526,38.0205],[139.6558,38.0281],[139.6555,38.0343],[139.6594,38.0389],[139.6671,38.0403],[139.6794,38.0433],[139.6818,38.0488],[139.6892,38.0529],[139.6928,38.0572],[139.6864,38.0649],[139.6911,38.0705],[139.6868,38.0767],[139.6723,38.0771],[139.6732,38.0865],[139.6749,38.0918],[139.6829,38.1083],[139.689,38.1116],[139.6933,38.1155],[139.689,38.1307],[139.6917,38.1494],[139.6907,38.1547],[139.6848,38.1597],[139.6826,38.1699],[139.688,38.1825],[139.6949,38.1851],[139.6984,38.1931],[139.7022,38.1985],[139.6992,38.2027],[139.7127,38.2066],[139.718,38.2051],[139.7299,38.2016],[139.7422,38.2001],[139.7468,38.1966],[139.7559,38.1931],[139.7624,38.1989],[139.7694,38.1979],[139.7808,38.195],[139.7867,38.1929],[139.7919,38.1987],[139.799,38.2024],[139.8022,38.2063],[139.8098,38.2103],[139.8196,38.214],[139.8321,38.2203],[139.8399,38.2241],[139.8605,38.2317],[139.8645,38.2379],[139.8687,38.2471],[139.876,38.2532],[139.8765,38.2611],[139.8864,38.2675],[139.9001,38.2761],[139.8988,38.2925],[139.8893,38.2999],[139.8807,38.3031],[139.8752,38.317],[139.8694,38.3205],[139.8658,38.3253],[139.8586,38.3307],[139.8537,38.3333],[139.8484,38.3365],[139.8489,38.343],[139.8286,38.3448],[139.8258,38.3502],[139.817,38.3559],[139.8047,38.3553],[139.7912,38.3492],[139.7795,38.3535],[139.7718,38.3535],[139.7623,38.3611],[139.7531,38.3597],[139.7468,38.3619],[139.7326,38.3719],[139.7294,38.3793],[139.7284,38.3851],[139.7261,38.3906],[139.7225,38.3943],[139.7124,38.3871],[139.7061,38.3919],[139.7042,38.3975],[139.7056,38.4075],[139.7151,38.4199],[139.7179,38.4246],[139.7175,38.4309],[139.7193,38.45],[139.7171,38.4579],[139.7156,38.4627],[139.7135,38.4701],[139.7125,38.4797],[139.7245,38.4848],[139.7211,38.4925],[139.7141,38.4986],[139.7035,38.4997],[139.6933,38.5071],[139.6843,38.5059],[139.6695,38.5069],[139.6582,38.508],[139.6491,38.5096],[139.6379,38.5119],[139.6346,38.518],[139.6316,38.5221],[139.6218,38.5257],[139.6148,38.5263],[139.6088,38.525],[139.6016,38.5227],[139.5882,38.5319],[139.5779,38.5395],[139.5717,38.5388],[139.5654,38.5428],[139.557,38.5455],[139.5515,38.5523],[139.5451,38.5575],[139.5486,38.5611],[139.5489,38.567],[139.5579,38.5762],[139.5598,38.5865],[139.5642,38.595],[139.5692,38.5995],[139.5712,38.6044],[139.5747,38.6095],[139.5841,38.6211],[139.59,38.6335],[139.5952,38.6394],[139.5955,38.6471],[139.6011,38.6536],[139.6058,38.6602],[139.6103,38.6643],[139.614,38.6704],[139.6218,38.6803],[139.6272,38.6878],[139.6328,38.6849],[139.639,38.688],[139.6435,38.6925],[139.653,38.7027],[139.6596,38.7044],[139.6626,38.7133],[139.6717,38.7193],[139.6767,38.7178],[139.6851,38.7231],[139.6928,38.7267],[139.6982,38.7302],[139.6991,38.7373],[139.7055,38.7445],[139.7079,38.7495],[139.7114,38.7532],[139.717,38.7557],[139.7244,38.7601],[139.729,38.7635],[139.7407,38.7721],[139.7468,38.7755],[139.7617,38.8005],[139.7788,38.8365],[139.8049,38.9067],[139.808,38.9199],[139.81,38.9287],[139.8175,38.9425],[139.8117,38.9451],[139.8143,38.9506],[139.8213,38.9486],[139.8285,38.9544],[139.8337,38.9541],[139.8376,38.9631],[139.8318,38.9586],[139.8258,38.9576],[139.819,38.9609],[139.826,38.9751],[139.8318,38.9735],[139.8404,38.9855],[139.8473,39.0032],[139.8718,39.0687],[139.8682,39.0729],[139.8718,39.0771],[139.8731,39.0865],[139.879,39.0978],[139.8784,39.1047],[139.8718,39.1111],[139.8698,39.1186]]]]}},{"type":"Feature","properties":{"nam":"Wakayama Ken","nam_ja":"\u548c\u6b4c\u5c71\u770c","id":30},"geometry":{"type":"MultiPolygon","coordinates":[[[[135.5287,34.3513],[135.5347,34.3525],[135.5407,34.3576],[135.547,34.3565],[135.5614,34.3668],[135.567,34.3718],[135.5795,34.3764],[135.5941,34.3753],[135.5974,34.3804],[135.6039,34.3773],[135.614,34.3771],[135.6196,34.3844],[135.6384,34.382],[135.6507,34.3832],[135.6553,34.3678],[135.6621,34.3569],[135.6613,34.3461],[135.6599,34.3365],[135.6594,34.33],[135.6676,34.3254],[135.6676,34.3143],[135.6676,34.3072],[135.6679,34.3009],[135.6703,34.2963],[135.6746,34.2881],[135.673,34.2807],[135.6779,34.2743],[135.6887,34.2714],[135.6925,34.2778],[135.7005,34.2753],[135.7048,34.2715],[135.715,34.2655],[135.7189,34.2601],[135.7198,34.2532],[135.7248,34.2373],[135.729,34.2338],[135.7297,34.2283],[135.7257,34.2205],[135.7145,34.2143],[135.7093,34.2087],[135.6999,34.2122],[135.6929,34.2173],[135.6859,34.2188],[135.6816,34.2215],[135.6755,34.2233],[135.6678,34.2241],[135.6613,34.2182],[135.6537,34.2165],[135.6475,34.2187],[135.6405,34.2127],[135.6343,34.2037],[135.6347,34.1975],[135.6434,34.1907],[135.6394,34.1821],[135.6278,34.1761],[135.623,34.1699],[135.6218,34.1631],[135.6151,34.1559],[135.6042,34.1543],[135.5921,34.1489],[135.5878,34.1457],[135.5851,34.1391],[135.5824,34.1295],[135.5766,34.115],[135.5665,34.1128],[135.5569,34.1077],[135.5502,34.101],[135.5486,34.0947],[135.5488,34.0865],[135.5426,34.0811],[135.5396,34.075],[135.5477,34.0681],[135.5535,34.0647],[135.5633,34.063],[135.5667,34.0573],[135.5772,34.0581],[135.5875,34.0467],[135.5945,34.0402],[135.5989,34.0315],[135.5945,34.0269],[135.5911,34.0191],[135.5955,34.0115],[135.6088,34.0129],[135.614,34.0095],[135.6218,34.0094],[135.624,33.9999],[135.6288,33.9964],[135.6307,33.9909],[135.6381,33.9817],[135.6378,33.9745],[135.6397,33.9658],[135.6358,33.9592],[135.6362,33.9503],[135.6284,33.9493],[135.6235,33.9517],[135.6156,33.9472],[135.6181,33.9413],[135.6153,33.9368],[135.6098,33.9311],[135.6135,33.9267],[135.6113,33.9199],[135.6093,33.9125],[135.5996,33.9081],[135.6011,33.9031],[135.6069,33.8991],[135.6204,33.8987],[135.6256,33.8874],[135.6231,33.8799],[135.6177,33.8731],[135.6291,33.8735],[135.639,33.8773],[135.6475,33.8768],[135.6527,33.8807],[135.6588,33.8862],[135.6612,33.8978],[135.6695,33.8999],[135.679,33.8981],[135.6834,33.9011],[135.7103,33.9036],[135.7165,33.9026],[135.7224,33.9025],[135.728,33.9011],[135.7337,33.8957],[135.7425,33.8899],[135.7517,33.8892],[135.7557,33.8851],[135.7625,33.8873],[135.7674,33.8908],[135.7741,33.8893],[135.7877,33.8928],[135.8013,33.8957],[135.8044,33.9038],[135.8169,33.905],[135.8273,33.8995],[135.8371,33.8953],[135.8425,33.8969],[135.8479,33.8956],[135.8518,33.8924],[135.853,33.8825],[135.8535,33.8763],[135.8576,33.8729],[135.8572,33.8655],[135.8531,33.861],[135.8556,33.8543],[135.8602,33.8488],[135.8554,33.8365],[135.8584,33.8289],[135.8563,33.818],[135.8648,33.8101],[135.8718,33.8088],[135.8837,33.8013],[135.89,33.8019],[135.8978,33.7901],[135.9011,33.7806],[135.9071,33.7667],[135.917,33.7661],[135.922,33.7573],[135.9302,33.7539],[135.937,33.7575],[135.9412,33.7351],[135.9533,33.7286],[135.9659,33.7238],[135.9762,33.7233],[135.9745,33.7292],[135.9736,33.7357],[135.9835,33.736],[135.9968,33.7303],[136.0091,33.7255],[135.9968,33.7078],[135.9922,33.6963],[135.9864,33.6886],[135.9851,33.6818],[135.974,33.6785],[135.9721,33.6709],[135.9758,33.6629],[135.9819,33.6607],[135.9868,33.6639],[135.9859,33.6571],[135.9822,33.6525],[135.975,33.6572],[135.9691,33.6551],[135.9593,33.6539],[135.9517,33.6495],[135.9448,33.6471],[135.9394,33.6459],[135.9358,33.6402],[135.9407,33.6338],[135.9459,33.6333],[135.9523,33.6281],[135.9517,33.6192],[135.9497,33.6258],[135.9445,33.6278],[135.9422,33.6223],[135.9447,33.6171],[135.938,33.6171],[135.935,33.6126],[135.9276,33.6089],[135.9292,33.6019],[135.9306,33.5967],[135.936,33.5975],[135.9435,33.6041],[135.9461,33.5995],[135.9484,33.5922],[135.9609,33.595],[135.9589,33.5865],[135.9519,33.5777],[135.9432,33.5785],[135.9393,33.5741],[135.9295,33.5763],[135.9227,33.5759],[135.9158,33.5708],[135.907,33.5655],[135.9004,33.5629],[135.8954,33.5583],[135.89,33.5559],[135.8959,33.5565],[135.9082,33.5616],[135.9156,33.5621],[135.9238,33.5593],[135.9161,33.5577],[135.916,33.5527],[135.909,33.5491],[135.9018,33.5455],[135.8949,33.5425],[135.8885,33.5397],[135.8826,33.5353],[135.8796,33.5303],[135.8718,33.5331],[135.867,33.5296],[135.8598,33.5262],[135.8533,33.5221],[135.8495,33.5184],[135.8424,33.5171],[135.8389,33.5124],[135.8319,33.5133],[135.8231,33.5135],[135.8182,33.5078],[135.8121,33.5032],[135.8044,33.5018],[135.7982,33.4989],[135.795,33.4893],[135.7891,33.4827],[135.784,33.4711],[135.7815,33.4665],[135.7857,33.4621],[135.7904,33.4557],[135.7961,33.4503],[135.7978,33.4451],[135.7907,33.4482],[135.7876,33.44],[135.7793,33.4452],[135.7699,33.4467],[135.7665,33.4392],[135.7636,33.4351],[135.7571,33.4356],[135.7524,33.4377],[135.7558,33.4433],[135.7511,33.4469],[135.7609,33.4561],[135.7746,33.4602],[135.7759,33.4651],[135.7717,33.4749],[135.7663,33.4729],[135.7671,33.4811],[135.7621,33.4813],[135.755,33.4823],[135.7468,33.4821],[135.7391,33.4766],[135.7375,33.4833],[135.7276,33.4779],[135.7169,33.4811],[135.7107,33.4844],[135.708,33.4781],[135.7092,33.4845],[135.7015,33.491],[135.6965,33.4883],[135.6865,33.4885],[135.6795,33.4895],[135.6711,33.4905],[135.6637,33.4905],[135.6593,33.4963],[135.6548,33.4992],[135.6403,33.5023],[135.6351,33.5063],[135.6302,33.5086],[135.6262,33.504],[135.6179,33.5041],[135.6123,33.5077],[135.6044,33.5092],[135.6011,33.5043],[135.5951,33.5064],[135.5903,33.5032],[135.5924,33.498],[135.5849,33.5073],[135.5792,33.507],[135.5749,33.5143],[135.5659,33.5157],[135.5609,33.5143],[135.5481,33.5157],[135.5441,33.5203],[135.536,33.5205],[135.5304,33.52],[135.5232,33.5227],[135.511,33.5252],[135.5141,33.5299],[135.5095,33.5342],[135.5014,33.535],[135.4994,33.5401],[135.4898,33.5407],[135.4937,33.5445],[135.4876,33.5503],[135.4808,33.5448],[135.4764,33.5511],[135.4682,33.5465],[135.4629,33.5478],[135.4585,33.5529],[135.4518,33.5485],[135.4463,33.5491],[135.4485,33.5561],[135.4493,33.5611],[135.436,33.5667],[135.4296,33.5698],[135.4233,33.5707],[135.4171,33.5758],[135.4117,33.5757],[135.4059,33.5809],[135.4035,33.5865],[135.3954,33.5865],[135.3918,33.5907],[135.3924,33.5974],[135.3872,33.6],[135.3882,33.6066],[135.3933,33.6137],[135.3957,33.6181],[135.3898,33.6171],[135.3939,33.6247],[135.3965,33.6292],[135.391,33.6323],[135.393,33.6393],[135.3849,33.6467],[135.3807,33.6511],[135.3718,33.6519],[135.3637,33.6557],[135.3518,33.6555],[135.3437,33.6586],[135.3381,33.6632],[135.3313,33.6667],[135.3317,33.6735],[135.3363,33.6767],[135.3424,33.6779],[135.3403,33.6838],[135.3445,33.6875],[135.3388,33.6909],[135.3335,33.6923],[135.3409,33.6936],[135.3498,33.6934],[135.3547,33.6951],[135.3546,33.6875],[135.3602,33.6857],[135.3596,33.677],[135.3648,33.6797],[135.3659,33.6858],[135.3757,33.6827],[135.3722,33.6896],[135.3809,33.6909],[135.3796,33.6958],[135.3832,33.7029],[135.3823,33.6964],[135.387,33.6997],[135.3955,33.7031],[135.3932,33.7107],[135.3973,33.7184],[135.3894,33.7152],[135.3837,33.7182],[135.3786,33.7226],[135.374,33.7283],[135.3653,33.7281],[135.359,33.7294],[135.3539,33.7262],[135.351,33.7337],[135.3566,33.7379],[135.3476,33.7469],[135.3359,33.7454],[135.3281,33.7415],[135.3239,33.751],[135.3204,33.7645],[135.311,33.7693],[135.3057,33.7673],[135.2991,33.7643],[135.2949,33.7709],[135.2881,33.7728],[135.2813,33.7776],[135.2719,33.7818],[135.2657,33.7828],[135.2468,33.7811],[135.2344,33.7813],[135.2333,33.7881],[135.235,33.7983],[135.2215,33.8045],[135.2166,33.8141],[135.2078,33.8087],[135.1988,33.8128],[135.186,33.8191],[135.1845,33.8258],[135.1758,33.8305],[135.1741,33.8365],[135.1625,33.8453],[135.1649,33.8504],[135.1589,33.858],[135.1581,33.8676],[135.1519,33.8752],[135.1438,33.8834],[135.1218,33.8914],[135.1133,33.8933],[135.1027,33.8897],[135.0936,33.8881],[135.0841,33.887],[135.0747,33.8875],[135.0687,33.8825],[135.0572,33.8797],[135.0564,33.8875],[135.061,33.8902],[135.0588,33.9006],[135.0608,33.9057],[135.0674,33.9055],[135.0731,33.904],[135.0832,33.9111],[135.0784,33.9129],[135.0816,33.9193],[135.0758,33.9168],[135.0793,33.9241],[135.0717,33.9239],[135.0652,33.9263],[135.068,33.9309],[135.0747,33.9329],[135.0834,33.9348],[135.0807,33.941],[135.0874,33.9425],[135.0881,33.9489],[135.094,33.9479],[135.1024,33.9542],[135.1136,33.957],[135.108,33.9616],[135.1028,33.9636],[135.0961,33.9584],[135.0844,33.9574],[135.074,33.9589],[135.0824,33.9614],[135.0852,33.9685],[135.0755,33.9745],[135.0675,33.9761],[135.0781,33.979],[135.0866,33.9792],[135.0892,33.9856],[135.0923,33.9927],[135.1012,33.9927],[135.1058,33.989],[135.111,33.9897],[135.1117,33.9948],[135.1192,33.9991],[135.125,33.9974],[135.1312,33.9999],[135.1399,34.0032],[135.1448,34.0048],[135.15,34.0065],[135.1461,34.0133],[135.1375,34.0165],[135.1477,34.0181],[135.1514,34.0236],[135.1564,34.0245],[135.164,34.0281],[135.1695,34.026],[135.1734,34.0319],[135.1681,34.0358],[135.1617,34.0365],[135.1589,34.0467],[135.1526,34.0449],[135.1463,34.045],[135.1457,34.0563],[135.1385,34.0567],[135.1358,34.0643],[135.1254,34.0645],[135.1129,34.0682],[135.105,34.0709],[135.0937,34.0678],[135.0875,34.0683],[135.0789,34.0734],[135.085,34.0726],[135.0904,34.0736],[135.0952,34.0793],[135.0947,34.0865],[135.0973,34.094],[135.1023,34.0957],[135.1075,34.0974],[135.1119,34.1062],[135.1117,34.1128],[135.1153,34.1199],[135.1218,34.1177],[135.1351,34.1129],[135.1413,34.1098],[135.1438,34.1149],[135.1394,34.1185],[135.1309,34.1215],[135.134,34.1289],[135.1322,34.1338],[135.1268,34.1279],[135.1218,34.1297],[135.1243,34.1359],[135.1352,34.1387],[135.154,34.1391],[135.1589,34.1358],[135.1644,34.137],[135.1686,34.1334],[135.1775,34.1407],[135.1856,34.1423],[135.193,34.1445],[135.1991,34.1467],[135.2087,34.1494],[135.2018,34.1515],[135.1838,34.1483],[135.1864,34.1557],[135.1866,34.1563],[135.182,34.1699],[135.1773,34.1789],[135.1795,34.1865],[135.1729,34.1883],[135.1769,34.1754],[135.1667,34.1869],[135.1607,34.1873],[135.1563,34.1845],[135.1507,34.1843],[135.1461,34.1893],[135.139,34.1901],[135.1366,34.201],[135.1471,34.1945],[135.1496,34.2001],[135.143,34.2025],[135.1446,34.2075],[135.1395,34.2119],[135.1438,34.2147],[135.1389,34.219],[135.138,34.2253],[135.1218,34.2247],[135.1066,34.2283],[135.1,34.2357],[135.1175,34.2343],[135.1218,34.2304],[135.1277,34.2272],[135.1322,34.2297],[135.1218,34.2411],[135.1158,34.2463],[135.1181,34.2405],[135.0955,34.2532],[135.088,34.2607],[135.0663,34.2613],[135.0611,34.2635],[135.0669,34.2753],[135.073,34.2769],[135.0723,34.2842],[135.0675,34.2912],[135.0735,34.3041],[135.0781,34.3077],[135.0836,34.3064],[135.0931,34.3117],[135.0974,34.3079],[135.1031,34.3104],[135.1026,34.3017],[135.0965,34.2959],[135.0992,34.2884],[135.1086,34.2829],[135.1076,34.2778],[135.1112,34.272],[135.1181,34.2735],[135.126,34.2767],[135.1325,34.2725],[135.1375,34.2745],[135.1401,34.2818],[135.148,34.2835],[135.1545,34.2807],[135.1531,34.2742],[135.1602,34.2777],[135.1722,34.2802],[135.1794,34.2795],[135.1844,34.2794],[135.1878,34.2831],[135.1932,34.2869],[135.2048,34.2888],[135.205,34.3005],[135.2076,34.3081],[135.2225,34.303],[135.2353,34.3043],[135.2468,34.3131],[135.2573,34.3155],[135.2622,34.3126],[135.2707,34.3122],[135.2822,34.3178],[135.2861,34.3115],[135.2894,34.302],[135.2966,34.3009],[135.3013,34.3041],[135.3035,34.3127],[135.3111,34.3136],[135.3255,34.3191],[135.33,34.3167],[135.328,34.3241],[135.3353,34.3267],[135.3388,34.331],[135.3463,34.3309],[135.3541,34.3328],[135.3593,34.3326],[135.3688,34.3306],[135.376,34.3303],[135.381,34.3289],[135.3868,34.3297],[135.3924,34.3317],[135.4011,34.3327],[135.4064,34.3353],[135.4088,34.3419],[135.4175,34.3401],[135.4261,34.3407],[135.4311,34.3473],[135.4438,34.3476],[135.4504,34.3493],[135.4582,34.3473],[135.4637,34.348],[135.4731,34.3532],[135.4791,34.3582],[135.485,34.3627],[135.4908,34.3548],[135.4968,34.3525],[135.5031,34.3464],[135.5036,34.3389],[135.5227,34.3477],[135.5287,34.3513]]]]}},{"type":"Feature","properties":{"nam":"Nagasaki Ken","nam_ja":"\u9577\u5d0e\u770c","id":42},"geometry":{"type":"MultiPolygon","coordinates":[[[[129.3831,34.4243],[129.379,34.4296],[129.374,34.4347],[129.3699,34.4391],[129.3663,34.4336],[129.3648,34.4272],[129.3645,34.4199],[129.3703,34.423],[129.3679,34.4278],[129.3719,34.4247],[129.377,34.4199],[129.3786,34.4122],[129.375,34.408],[129.3718,34.4041],[129.3653,34.4019],[129.3611,34.3958],[129.3567,34.3931],[129.351,34.3867],[129.3553,34.3895],[129.3632,34.3907],[129.3718,34.3951],[129.3769,34.3983],[129.383,34.3958],[129.386,34.4012],[129.3899,34.4055],[129.3968,34.4118],[129.3938,34.4016],[129.3917,34.3965],[129.3899,34.3917],[129.3894,34.3837],[129.3824,34.3853],[129.3736,34.3895],[129.3792,34.3804],[129.3821,34.3721],[129.3718,34.3697],[129.3807,34.3671],[129.3835,34.3715],[129.3862,34.3644],[129.393,34.3618],[129.3897,34.3576],[129.3874,34.3507],[129.377,34.3462],[129.3718,34.3462],[129.3654,34.3469],[129.3754,34.3432],[129.3831,34.3424],[129.392,34.3365],[129.3892,34.329],[129.3862,34.3365],[129.3811,34.3333],[129.3759,34.3363],[129.3696,34.3383],[129.3646,34.3387],[129.3707,34.3325],[129.3643,34.3316],[129.3718,34.3313],[129.3762,34.327],[129.3761,34.3198],[129.3778,34.3141],[129.3697,34.3209],[129.3683,34.3159],[129.3671,34.3161],[129.3698,34.3111],[129.3637,34.3135],[129.3648,34.306],[129.3561,34.2997],[129.3517,34.2958],[129.3522,34.3067],[129.3466,34.3029],[129.3418,34.3087],[129.335,34.3049],[129.338,34.3115],[129.3356,34.3165],[129.3394,34.3204],[129.3442,34.3227],[129.3522,34.3193],[129.347,34.3247],[129.3474,34.3305],[129.3443,34.3346],[129.3504,34.338],[129.3559,34.3365],[129.3547,34.3416],[129.3484,34.3423],[129.3523,34.3464],[129.3466,34.3458],[129.3493,34.3527],[129.3442,34.3521],[129.3404,34.359],[129.3468,34.3627],[129.3473,34.3709],[129.352,34.3731],[129.3475,34.3771],[129.3421,34.3721],[129.3402,34.3663],[129.3331,34.3634],[129.3323,34.3703],[129.337,34.3755],[129.3369,34.3807],[129.3314,34.3743],[129.3289,34.3684],[129.3219,34.3695],[129.3242,34.3629],[129.3276,34.3591],[129.3222,34.3621],[129.3246,34.3519],[129.32,34.3568],[129.3189,34.3487],[129.3173,34.3536],[129.3139,34.3413],[129.3077,34.3369],[129.3103,34.3458],[129.3055,34.3408],[129.3007,34.3439],[129.2998,34.3509],[129.305,34.3517],[129.3112,34.3604],[129.3055,34.3547],[129.3028,34.3645],[129.2981,34.3702],[129.304,34.3714],[129.3077,34.3778],[129.3073,34.3831],[129.3129,34.3835],[129.3101,34.3886],[129.3053,34.384],[129.2996,34.3818],[129.2961,34.3777],[129.2894,34.3792],[129.2884,34.3854],[129.2848,34.3779],[129.2917,34.3728],[129.2882,34.3669],[129.2815,34.3685],[129.2781,34.3647],[129.2829,34.3599],[129.2903,34.3585],[129.2941,34.3549],[129.2877,34.3556],[129.2893,34.3499],[129.2871,34.3393],[129.2868,34.3468],[129.282,34.3506],[129.2767,34.3533],[129.2698,34.3561],[129.2624,34.3548],[129.2556,34.3527],[129.2468,34.3522],[129.2397,34.3519],[129.2344,34.3527],[129.2282,34.3586],[129.2312,34.3661],[129.2381,34.3671],[129.2443,34.3617],[129.2495,34.355],[129.2553,34.3611],[129.2505,34.3651],[129.2576,34.3664],[129.2721,34.3753],[129.2758,34.3809],[129.268,34.3853],[129.2711,34.391],[129.2724,34.4009],[129.2726,34.4096],[129.2712,34.4157],[129.2783,34.4137],[129.2837,34.4156],[129.2784,34.4171],[129.2727,34.4207],[129.27,34.4277],[129.2766,34.4275],[129.2796,34.432],[129.2739,34.4332],[129.2736,34.4404],[129.2788,34.4442],[129.2861,34.4412],[129.2886,34.4347],[129.2913,34.445],[129.2973,34.4485],[129.3013,34.4552],[129.3077,34.4528],[129.3102,34.4616],[129.3035,34.4641],[129.2984,34.4572],[129.2934,34.4528],[129.2818,34.4481],[129.2794,34.4531],[129.2773,34.4633],[129.2764,34.4725],[129.2793,34.4808],[129.2848,34.483],[129.292,34.4934],[129.2953,34.4987],[129.299,34.5095],[129.3065,34.5252],[129.3096,34.5209],[129.3133,34.5149],[129.3146,34.5239],[129.318,34.5294],[129.3195,34.5351],[129.3237,34.5323],[129.3331,34.529],[129.3364,34.5341],[129.3403,34.5286],[129.3436,34.5333],[129.3375,34.5376],[129.3321,34.5333],[129.3269,34.5381],[129.329,34.5438],[129.3268,34.5491],[129.3182,34.5481],[129.3145,34.553],[129.3125,34.5599],[129.3074,34.5647],[129.2954,34.5568],[129.2888,34.5561],[129.2868,34.5701],[129.2928,34.5722],[129.2972,34.5823],[129.3007,34.5865],[129.3059,34.5959],[129.3038,34.601],[129.3109,34.6119],[129.3133,34.6221],[129.3186,34.6324],[129.3196,34.6433],[129.3203,34.6487],[129.3286,34.6508],[129.3348,34.642],[129.3319,34.6369],[129.3402,34.6441],[129.3514,34.6496],[129.3609,34.6465],[129.3631,34.6385],[129.3718,34.6457],[129.3768,34.6431],[129.3874,34.6389],[129.3957,34.6391],[129.3893,34.6415],[129.384,34.6463],[129.389,34.6547],[129.3935,34.6514],[129.3928,34.6578],[129.3987,34.6641],[129.4031,34.6699],[129.4058,34.6767],[129.4179,34.6761],[129.4234,34.6789],[129.4273,34.6732],[129.4319,34.6782],[129.4245,34.6818],[129.4169,34.6791],[129.4179,34.6889],[129.4171,34.6942],[129.4217,34.6979],[129.4199,34.6931],[129.4263,34.6944],[129.4336,34.6925],[129.4396,34.6945],[129.4419,34.7002],[129.4455,34.7039],[129.4483,34.6997],[129.4566,34.7017],[129.4548,34.6966],[129.4602,34.6966],[129.4684,34.6952],[129.4708,34.6895],[129.4783,34.6932],[129.4787,34.6882],[129.4727,34.6884],[129.4703,34.6811],[129.4741,34.6729],[129.4775,34.6775],[129.4829,34.6755],[129.4859,34.6831],[129.4926,34.6835],[129.4875,34.6782],[129.4844,34.6699],[129.4894,34.665],[129.4955,34.6689],[129.4903,34.6635],[129.4829,34.6589],[129.4802,34.6527],[129.4712,34.6566],[129.4657,34.6547],[129.4734,34.6514],[129.474,34.6459],[129.4807,34.6454],[129.4878,34.6441],[129.4853,34.6349],[129.4807,34.6321],[129.4762,34.6289],[129.4705,34.628],[129.4731,34.6235],[129.4783,34.6195],[129.4714,34.6165],[129.4642,34.6163],[129.4571,34.6161],[129.4529,34.6259],[129.4464,34.6312],[129.4414,34.6253],[129.4506,34.6219],[129.4543,34.6149],[129.4459,34.6183],[129.4406,34.6193],[129.435,34.623],[129.4353,34.6179],[129.4358,34.6121],[129.4414,34.6142],[129.4497,34.6122],[129.4533,34.6028],[129.4557,34.6073],[129.4625,34.6062],[129.468,34.6071],[129.4703,34.6007],[129.4776,34.5949],[129.4715,34.5883],[129.471,34.576],[129.4701,34.57],[129.4698,34.5605],[129.4725,34.5562],[129.4677,34.5502],[129.4597,34.5522],[129.4582,34.5453],[129.4603,34.5399],[129.4539,34.5317],[129.4457,34.5307],[129.4501,34.524],[129.4438,34.5195],[129.4411,34.5144],[129.4346,34.5132],[129.4364,34.5085],[129.4302,34.5032],[129.4227,34.4971],[129.4127,34.4901],[129.4057,34.4877],[129.3998,34.4777],[129.3959,34.4723],[129.3897,34.4674],[129.3831,34.4615],[129.3777,34.4537],[129.3721,34.4535],[129.3718,34.4485],[129.3746,34.4426],[129.3827,34.4392],[129.381,34.433],[129.3831,34.4243]]],[[[129.2134,34.0839],[129.2148,34.0929],[129.2166,34.1003],[129.2118,34.1044],[129.2148,34.1112],[129.2089,34.1072],[129.2028,34.1039],[129.1961,34.1058],[129.1969,34.1116],[129.1865,34.1161],[129.1819,34.1181],[129.1767,34.1135],[129.1729,34.1076],[129.1677,34.1019],[129.1682,34.1074],[129.1696,34.1205],[129.1682,34.1279],[129.1674,34.1387],[129.1684,34.1455],[129.1727,34.1489],[129.1722,34.1545],[129.1717,34.1651],[129.1759,34.1695],[129.1757,34.1747],[129.1793,34.1854],[129.1794,34.2128],[129.1806,34.2259],[129.1861,34.2298],[129.1905,34.2347],[129.1873,34.2401],[129.1842,34.2465],[129.1872,34.2532],[129.1914,34.2609],[129.1953,34.2689],[129.1939,34.2738],[129.1963,34.2811],[129.1944,34.2865],[129.1952,34.2939],[129.1967,34.2996],[129.1968,34.3061],[129.1951,34.3123],[129.1975,34.3175],[129.2013,34.3223],[129.2035,34.331],[129.211,34.3275],[129.2186,34.3291],[129.2267,34.3224],[129.2243,34.3121],[129.2221,34.3043],[129.2207,34.2977],[129.225,34.2941],[129.2329,34.2931],[129.2368,34.3],[129.2432,34.2985],[129.2477,34.3034],[129.2538,34.3085],[129.2599,34.3079],[129.2547,34.3051],[129.2509,34.2987],[129.2591,34.3003],[129.2569,34.2916],[129.2614,34.2959],[129.2645,34.3031],[129.2792,34.3059],[129.2782,34.2969],[129.2845,34.2943],[129.2815,34.2849],[129.2874,34.2814],[129.2862,34.285],[129.2895,34.291],[129.2874,34.296],[129.2849,34.3047],[129.2761,34.3104],[129.2708,34.3153],[129.2651,34.3203],[129.266,34.3279],[129.2671,34.3217],[129.2758,34.3207],[129.2815,34.3157],[129.2855,34.3207],[129.2855,34.314],[129.2907,34.3177],[129.2924,34.3103],[129.2963,34.3053],[129.3013,34.3093],[129.3087,34.3077],[129.3004,34.3001],[129.3037,34.2963],[129.2982,34.2847],[129.3046,34.2772],[129.3057,34.2836],[129.308,34.2887],[129.3096,34.2832],[129.3139,34.2782],[129.3107,34.2841],[129.3163,34.2836],[129.313,34.2877],[129.3155,34.2929],[129.3224,34.294],[129.3279,34.2957],[129.3351,34.2949],[129.3398,34.293],[129.3472,34.2972],[129.3475,34.288],[129.352,34.2775],[129.3446,34.2779],[129.3393,34.2764],[129.3338,34.2714],[129.3285,34.2759],[129.325,34.2679],[129.3252,34.2622],[129.3183,34.2631],[129.3229,34.2587],[129.3176,34.2532],[129.316,34.2483],[129.3171,34.2391],[129.3224,34.2349],[129.3172,34.2315],[129.3248,34.226],[129.313,34.2214],[129.3052,34.2159],[129.3013,34.2233],[129.2948,34.2157],[129.299,34.2117],[129.2998,34.2061],[129.2981,34.1991],[129.2982,34.1941],[129.2919,34.196],[129.2831,34.1876],[129.2881,34.1899],[129.2934,34.1867],[129.2955,34.1797],[129.2879,34.1757],[129.2956,34.1738],[129.2945,34.1607],[129.2857,34.1651],[129.2836,34.1579],[129.2799,34.1542],[129.2841,34.1453],[129.2735,34.1459],[129.2785,34.1354],[129.281,34.1303],[129.2747,34.1326],[129.2646,34.1265],[129.2592,34.1284],[129.2532,34.1261],[129.2581,34.1233],[129.2598,34.1149],[129.2539,34.1101],[129.2468,34.1125],[129.2448,34.1063],[129.2383,34.1021],[129.2356,34.1097],[129.2329,34.114],[129.2301,34.1083],[129.2289,34.0957],[129.2231,34.0974],[129.2193,34.0893],[129.2134,34.0839]]],[[[129.7159,33.7044],[129.7097,33.7096],[129.6998,33.7109],[129.6921,33.7122],[129.6876,33.7173],[129.6934,33.7211],[129.6947,33.7268],[129.6901,33.7213],[129.6839,33.7232],[129.6768,33.7279],[129.6793,33.7329],[129.6842,33.7382],[129.69,33.7453],[129.6859,33.7423],[129.6802,33.7479],[129.6714,33.7533],[129.6729,33.7593],[129.6672,33.7573],[129.663,33.7503],[129.6585,33.7459],[129.6565,33.7385],[129.6525,33.7433],[129.6477,33.7505],[129.6487,33.7555],[129.6529,33.7601],[129.6482,33.7653],[129.6427,33.7675],[129.6438,33.7725],[129.6489,33.7737],[129.6539,33.7689],[129.6584,33.7712],[129.6626,33.7658],[129.6685,33.7663],[129.6743,33.765],[129.6804,33.7582],[129.6814,33.7681],[129.6768,33.7709],[129.6767,33.7759],[129.6591,33.7769],[129.655,33.7895],[129.653,33.7963],[129.6578,33.7989],[129.6663,33.7998],[129.6494,33.8065],[129.6556,33.8141],[129.6608,33.8092],[129.6667,33.8032],[129.6707,33.7999],[129.6749,33.7969],[129.6765,33.805],[129.6843,33.8062],[129.6815,33.8111],[129.6768,33.8184],[129.673,33.8251],[129.6715,33.8321],[129.6754,33.8453],[129.6783,33.8407],[129.6827,33.8444],[129.6848,33.8527],[129.6915,33.8556],[129.7012,33.8546],[129.6956,33.8574],[129.7026,33.8602],[129.7081,33.8624],[129.7106,33.855],[129.7158,33.8568],[129.7242,33.8501],[129.7311,33.8493],[129.7419,33.8473],[129.7511,33.8468],[129.7611,33.8447],[129.7667,33.8459],[129.7717,33.8428],[129.7683,33.8387],[129.7644,33.8343],[129.7642,33.8267],[129.7632,33.8197],[129.7614,33.8135],[129.7568,33.8096],[129.7477,33.8086],[129.7533,33.8063],[129.7573,33.8027],[129.7637,33.7998],[129.7744,33.7945],[129.7799,33.7919],[129.7855,33.7876],[129.7967,33.7884],[129.7951,33.7795],[129.7868,33.7835],[129.7818,33.7856],[129.7748,33.7845],[129.7695,33.7851],[129.7626,33.7833],[129.7584,33.7782],[129.765,33.7671],[129.771,33.7681],[129.7758,33.7718],[129.785,33.7695],[129.7885,33.7633],[129.7971,33.7625],[129.7966,33.7548],[129.7889,33.7565],[129.7865,33.7491],[129.7876,33.7415],[129.7823,33.743],[129.7728,33.7401],[129.7657,33.7402],[129.7606,33.7414],[129.7536,33.7434],[129.7468,33.7399],[129.7404,33.7385],[129.7349,33.7391],[129.7312,33.7336],[129.7328,33.7283],[129.7277,33.7263],[129.7206,33.7183],[129.7186,33.7128],[129.7159,33.7044]]],[[[129.3748,33.169],[129.3685,33.1699],[129.365,33.1741],[129.3476,33.1821],[129.3559,33.1875],[129.3541,33.1938],[129.3508,33.2012],[129.3548,33.207],[129.3596,33.2031],[129.3628,33.1991],[129.3688,33.1925],[129.3647,33.1878],[129.3696,33.1905],[129.3718,33.1855],[129.3769,33.1851],[129.3838,33.1871],[129.3891,33.1863],[129.3954,33.1809],[129.4022,33.1849],[129.4014,33.1901],[129.406,33.1971],[129.4011,33.199],[129.3931,33.1967],[129.389,33.2011],[129.381,33.2067],[129.3788,33.2185],[129.3815,33.2264],[129.3892,33.2303],[129.3936,33.2371],[129.3984,33.2399],[129.4052,33.2377],[129.411,33.2377],[129.4181,33.2309],[129.4239,33.2246],[129.4193,33.2392],[129.4271,33.2325],[129.4314,33.237],[129.4229,33.2405],[129.4267,33.2469],[129.4181,33.2468],[129.4104,33.2484],[129.4066,33.2532],[129.4112,33.2604],[129.4026,33.2653],[129.4038,33.2705],[129.4058,33.2781],[129.4111,33.2762],[129.4161,33.2781],[129.4223,33.2809],[129.423,33.2903],[129.4356,33.2919],[129.4459,33.2913],[129.441,33.2997],[129.4363,33.3047],[129.4358,33.3099],[129.4318,33.314],[129.4362,33.3177],[129.4362,33.3243],[129.4422,33.3303],[129.4395,33.3365],[129.4375,33.3439],[129.4408,33.3517],[129.4475,33.3497],[129.4658,33.3537],[129.4709,33.3535],[129.4799,33.3555],[129.4849,33.3547],[129.4968,33.3551],[129.5011,33.3591],[129.5048,33.3652],[129.5037,33.3734],[129.51,33.3813],[129.5177,33.3799],[129.5212,33.3757],[129.5174,33.3691],[129.5129,33.3567],[129.5197,33.3541],[129.5272,33.3657],[129.5256,33.3765],[129.5346,33.3761],[129.5406,33.3744],[129.5506,33.3805],[129.5484,33.3881],[129.5415,33.3905],[129.5333,33.3888],[129.528,33.3887],[129.5171,33.3907],[129.5251,33.392],[129.5174,33.3995],[129.5223,33.4061],[129.5284,33.4048],[129.5348,33.4033],[129.5416,33.4085],[129.5483,33.4084],[129.5579,33.4003],[129.5587,33.394],[129.5533,33.3904],[129.5568,33.3857],[129.5615,33.3823],[129.5593,33.3776],[129.5568,33.3731],[129.5584,33.3674],[129.5657,33.3589],[129.5616,33.3555],[129.5551,33.3529],[129.5503,33.3507],[129.5449,33.3487],[129.5453,33.3423],[129.5419,33.3365],[129.5438,33.331],[129.5372,33.3321],[129.5252,33.3303],[129.5215,33.3269],[129.5165,33.3303],[129.5148,33.3242],[129.5202,33.3209],[129.5233,33.3157],[129.5311,33.3123],[129.5261,33.3036],[129.5187,33.3039],[129.5101,33.3015],[129.5003,33.3003],[129.5051,33.2931],[129.5115,33.2901],[129.5048,33.2859],[129.4968,33.2841],[129.4924,33.2885],[129.4848,33.2846],[129.4889,33.2783],[129.4964,33.2781],[129.5037,33.2713],[129.5007,33.2597],[129.4939,33.2532],[129.4872,33.2514],[129.4858,33.2459],[129.4778,33.2348],[129.4723,33.2303],[129.4631,33.2144],[129.4579,33.2137],[129.4499,33.2097],[129.4449,33.2048],[129.4428,33.199],[129.4333,33.1909],[129.4236,33.1881],[129.4188,33.1842],[129.4063,33.1813],[129.3971,33.1751],[129.3771,33.1699],[129.3748,33.169]]],[[[129.6322,33.3623],[129.6293,33.3675],[129.6394,33.3669],[129.6449,33.3683],[129.6525,33.3705],[129.6557,33.3745],[129.6618,33.38],[129.6666,33.3853],[129.6646,33.3947],[129.6715,33.3995],[129.6761,33.3935],[129.6838,33.3893],[129.679,33.3839],[129.6727,33.3679],[129.6675,33.3627],[129.6734,33.3617],[129.6776,33.353],[129.6842,33.353],[129.6859,33.3615],[129.6938,33.3613],[129.6963,33.3568],[129.6925,33.3525],[129.7,33.352],[129.7043,33.3465],[129.7113,33.3489],[129.7194,33.3504],[129.7287,33.3565],[129.7344,33.3589],[129.7444,33.3671],[129.7552,33.3649],[129.7622,33.3542],[129.7699,33.3545],[129.7725,33.3607],[129.7747,33.3711],[129.7848,33.3723],[129.79,33.3693],[129.7878,33.3592],[129.7916,33.3479],[129.7899,33.3403],[129.7812,33.3365],[129.7755,33.3322],[129.7681,33.3189],[129.7665,33.3128],[129.7647,33.3065],[129.7615,33.3011],[129.7588,33.2903],[129.7668,33.2856],[129.7769,33.2701],[129.7935,33.2554],[129.8106,33.2425],[129.8132,33.2366],[129.8112,33.2317],[129.812,33.2205],[129.8066,33.2101],[129.809,33.2022],[129.8156,33.1979],[129.816,33.1873],[129.8282,33.1783],[129.8372,33.1732],[129.8433,33.1767],[129.8517,33.1767],[129.858,33.1708],[129.8708,33.167],[129.8764,33.1645],[129.8842,33.1615],[129.8877,33.1563],[129.8961,33.1593],[129.9056,33.1585],[129.9133,33.1625],[129.9201,33.1616],[129.9302,33.1637],[129.9377,33.1651],[129.9407,33.1571],[129.948,33.1345],[129.9556,33.1267],[129.9545,33.1166],[129.9504,33.1099],[129.9378,33.1125],[129.9293,33.1092],[129.9243,33.1056],[129.9251,33.0977],[129.9215,33.0904],[129.9325,33.088],[129.9357,33.0795],[129.9389,33.0727],[129.9455,33.0713],[129.9522,33.0665],[129.9657,33.0629],[129.9722,33.0605],[129.9787,33.0575],[129.9885,33.0509],[129.9948,33.0439],[129.9925,33.0389],[129.9968,33.0339],[130,33.0274],[130.0051,33.0241],[130.0087,33.019],[130.0161,33.0179],[130.0244,33.0208],[130.0273,33.0123],[130.0391,33.007],[130.0462,32.9988],[130.0503,32.993],[130.061,32.986],[130.0707,32.9868],[130.0796,32.9829],[130.0849,32.9778],[130.0903,32.9745],[130.0982,32.9743],[130.1034,32.9735],[130.1096,32.9719],[130.1148,32.9713],[130.1218,32.9707],[130.1307,32.9683],[130.1384,32.9691],[130.1437,32.9715],[130.1497,32.9625],[130.1565,32.9624],[130.167,32.9611],[130.176,32.9613],[130.1813,32.96],[130.1909,32.9591],[130.202,32.9582],[130.2006,32.9528],[130.1995,32.9424],[130.2017,32.9369],[130.2004,32.9297],[130.1941,32.9285],[130.1854,32.9235],[130.1841,32.9165],[130.1791,32.9143],[130.1742,32.9159],[130.1651,32.9141],[130.1635,32.9073],[130.1557,32.9071],[130.1527,32.9001],[130.146,32.8973],[130.14,32.8961],[130.1345,32.9001],[130.1278,32.8967],[130.133,32.8919],[130.1163,32.8823],[130.1128,32.8864],[130.1055,32.8791],[130.1011,32.8738],[130.0892,32.8673],[130.0915,32.8604],[130.1121,32.8735],[130.119,32.8739],[130.1384,32.8536],[130.126,32.8433],[130.1425,32.8504],[130.1493,32.8472],[130.1553,32.8427],[130.1603,32.8413],[130.175,32.8431],[130.1856,32.8403],[130.1927,32.8455],[130.2011,32.8518],[130.2088,32.8547],[130.2191,32.8584],[130.23,32.8656],[130.2414,32.8749],[130.259,32.8716],[130.2682,32.8741],[130.2804,32.8782],[130.2916,32.8788],[130.3032,32.8767],[130.3102,32.8741],[130.3166,32.8679],[130.3311,32.8607],[130.3385,32.8561],[130.3406,32.8514],[130.3461,32.8365],[130.3496,32.8291],[130.3579,32.8148],[130.3637,32.8127],[130.3651,32.8066],[130.3718,32.7921],[130.3763,32.7885],[130.3773,32.7782],[130.3741,32.7731],[130.3682,32.7643],[130.3718,32.7591],[130.3738,32.7532],[130.374,32.7389],[130.3655,32.7296],[130.3538,32.7174],[130.3497,32.7117],[130.3469,32.7029],[130.3564,32.6953],[130.3539,32.6881],[130.3527,32.6817],[130.3492,32.6771],[130.3436,32.6719],[130.3329,32.6709],[130.3275,32.6643],[130.3202,32.6647],[130.3092,32.6555],[130.301,32.6515],[130.2921,32.6521],[130.2858,32.6508],[130.276,32.6537],[130.2643,32.6523],[130.2589,32.6525],[130.2651,32.6482],[130.2569,32.639],[130.2548,32.6291],[130.2468,32.6261],[130.2399,32.628],[130.2304,32.615],[130.2278,32.6103],[130.2194,32.6057],[130.2123,32.6057],[130.2072,32.6043],[130.1996,32.6089],[130.1909,32.609],[130.184,32.6095],[130.1933,32.6039],[130.1892,32.6009],[130.1811,32.5933],[130.1678,32.5908],[130.1652,32.597],[130.1723,32.6021],[130.174,32.6071],[130.169,32.6153],[130.1665,32.6213],[130.1609,32.6263],[130.1535,32.6233],[130.1451,32.6349],[130.1381,32.6357],[130.13,32.6392],[130.1284,32.6461],[130.1281,32.6553],[130.1296,32.6699],[130.1322,32.6783],[130.1258,32.6843],[130.1317,32.6821],[130.1395,32.6811],[130.1504,32.6823],[130.1572,32.6853],[130.1587,32.6936],[130.1681,32.6927],[130.1702,32.7015],[130.184,32.7068],[130.188,32.7142],[130.1947,32.7164],[130.2008,32.7206],[130.2042,32.7265],[130.2087,32.7373],[130.2068,32.7532],[130.2012,32.7567],[130.1907,32.7611],[130.184,32.7627],[130.1881,32.7701],[130.1911,32.7793],[130.1793,32.7939],[130.169,32.794],[130.1504,32.7946],[130.143,32.7961],[130.1349,32.7904],[130.124,32.7879],[130.1049,32.7927],[130.0885,32.7941],[130.0835,32.7945],[130.0712,32.7889],[130.0559,32.7811],[130.0419,32.7687],[130.028,32.7647],[130.0224,32.7585],[130.0137,32.7595],[130.005,32.7575],[130,32.7608],[129.9907,32.7535],[129.9868,32.7589],[129.9795,32.7633],[129.9693,32.7641],[129.958,32.7644],[129.9486,32.7604],[129.9459,32.7561],[129.9517,32.7494],[129.9551,32.7415],[129.9525,32.7371],[129.9476,32.7359],[129.9385,32.7291],[129.9331,32.7174],[129.9297,32.7231],[129.9259,32.7163],[129.9253,32.7103],[129.9166,32.7093],[129.9106,32.7025],[129.9138,32.6947],[129.9098,32.6877],[129.9028,32.6812],[129.898,32.6699],[129.8951,32.6628],[129.8827,32.6524],[129.8765,32.6529],[129.8718,32.6511],[129.8718,32.6458],[129.8662,32.6443],[129.8583,32.6433],[129.8506,32.6388],[129.8392,32.6417],[129.8344,32.6332],[129.8344,32.6267],[129.8344,32.6197],[129.8256,32.6109],[129.8207,32.6053],[129.8088,32.596],[129.8046,32.5921],[129.794,32.5865],[129.784,32.5819],[129.7789,32.5828],[129.7786,32.577],[129.781,32.5719],[129.773,32.5806],[129.765,32.5828],[129.759,32.5809],[129.7535,32.58],[129.7468,32.5745],[129.7388,32.5692],[129.735,32.58],[129.7398,32.5831],[129.7448,32.5865],[129.7537,32.5904],[129.7513,32.5819],[129.7556,32.5865],[129.7534,32.5924],[129.7614,32.5943],[129.7705,32.5981],[129.7777,32.6029],[129.7818,32.6068],[129.7866,32.6116],[129.7906,32.6206],[129.7896,32.6257],[129.7945,32.6334],[129.7979,32.6398],[129.8024,32.6441],[129.8089,32.6557],[129.8134,32.6533],[129.8162,32.6663],[129.8188,32.6845],[129.8125,32.6877],[129.8064,32.6823],[129.8027,32.6776],[129.7993,32.6823],[129.7931,32.6895],[129.7978,32.6943],[129.8031,32.6908],[129.8106,32.6941],[129.8165,32.7001],[129.8167,32.7063],[129.8279,32.707],[129.8249,32.6954],[129.8194,32.6955],[129.8274,32.6866],[129.8323,32.6893],[129.8331,32.6977],[129.8387,32.6977],[129.8449,32.7002],[129.8477,32.7045],[129.8499,32.7186],[129.8547,32.7222],[129.8577,32.7271],[129.8679,32.7375],[129.8695,32.745],[129.8699,32.7505],[129.8614,32.7452],[129.8582,32.7369],[129.854,32.7299],[129.849,32.7313],[129.8468,32.7263],[129.8451,32.7206],[129.8397,32.7283],[129.8351,32.7203],[129.8287,32.7218],[129.8253,32.7165],[129.8186,32.7199],[129.8262,32.7326],[129.8286,32.7379],[129.8286,32.7436],[129.8197,32.7445],[129.8154,32.7408],[129.8048,32.7438],[129.8119,32.7532],[129.8129,32.7587],[129.8084,32.7616],[129.8072,32.7543],[129.8033,32.7597],[129.7962,32.7598],[129.7916,32.7652],[129.7991,32.7683],[129.7993,32.7743],[129.791,32.7788],[129.7896,32.7839],[129.7807,32.7891],[129.7763,32.795],[129.7679,32.7969],[129.7669,32.8037],[129.7714,32.8145],[129.769,32.8205],[129.7666,32.8147],[129.7643,32.82],[129.7581,32.8171],[129.7514,32.8177],[129.7468,32.8227],[129.7415,32.8133],[129.7369,32.8054],[129.7316,32.8131],[129.7272,32.8181],[129.7186,32.8219],[129.7181,32.8305],[129.7116,32.8344],[129.7055,32.8319],[129.6998,32.8365],[129.6975,32.8421],[129.6917,32.8459],[129.6847,32.8519],[129.6772,32.8665],[129.6778,32.8737],[129.678,32.8823],[129.668,32.8956],[129.6655,32.9042],[129.6596,32.9091],[129.6611,32.9157],[129.655,32.9199],[129.6511,32.9311],[129.642,32.9323],[129.6392,32.9199],[129.6338,32.9254],[129.6354,32.9339],[129.6374,32.9412],[129.6374,32.9471],[129.6296,32.9497],[129.6241,32.9523],[129.6332,32.9509],[129.6292,32.9545],[129.6274,32.9594],[129.6308,32.9635],[129.6284,32.9679],[129.6267,32.9789],[129.6318,32.9856],[129.6408,32.9909],[129.6454,32.9875],[129.651,32.9866],[129.6525,32.9933],[129.6503,32.9989],[129.6572,33.0011],[129.6534,33.005],[129.6499,33.0167],[129.6475,33.0269],[129.6462,33.0357],[129.649,33.0415],[129.6575,33.0395],[129.6608,33.0462],[129.6621,33.0519],[129.6608,33.0591],[129.6649,33.0635],[129.676,33.0623],[129.6695,33.0669],[129.6589,33.0698],[129.6666,33.0705],[129.6726,33.0759],[129.6777,33.0787],[129.6711,33.0795],[129.6653,33.0773],[129.67,33.0804],[129.6745,33.0842],[129.6723,33.0917],[129.6758,33.0982],[129.6817,33.0981],[129.6872,33.0937],[129.6958,33.0891],[129.7021,33.0865],[129.7053,33.0792],[129.7054,33.0865],[129.7133,33.0845],[129.7194,33.0781],[129.7178,33.073],[129.7247,33.0756],[129.7326,33.0677],[129.735,33.0613],[129.7296,33.0581],[129.7278,33.053],[129.7261,33.0466],[129.7347,33.0461],[129.7361,33.0537],[129.7398,33.049],[129.7389,33.0572],[129.7468,33.0599],[129.7496,33.0545],[129.758,33.0519],[129.7591,33.0445],[129.7536,33.0412],[129.7488,33.0378],[129.7411,33.0283],[129.7354,33.0188],[129.7347,33.0125],[129.7315,33.0085],[129.7398,33.0032],[129.7315,33.0021],[129.7355,32.9985],[129.7369,32.9927],[129.7436,32.9877],[129.7423,32.9929],[129.7468,32.9953],[129.7505,32.9999],[129.7536,32.9953],[129.756,32.9998],[129.7655,32.9989],[129.7616,33.0032],[129.7537,33.0032],[129.7545,33.0108],[129.7609,33.0158],[129.7629,33.0211],[129.7669,33.0179],[129.7696,33.0132],[129.7757,33.0137],[129.7804,33.0077],[129.785,33.0055],[129.7893,33.0093],[129.7974,33.008],[129.8037,33.0032],[129.8119,32.9966],[129.8141,32.9877],[129.8203,32.9841],[129.8233,32.9746],[129.8168,32.9732],[129.8074,32.9649],[129.8131,32.9569],[129.8149,32.9475],[129.8158,32.9409],[129.8139,32.9354],[129.8145,32.9265],[129.811,32.9199],[129.801,32.9187],[129.7989,32.9247],[129.8014,32.9343],[129.7942,32.9323],[129.7959,32.9409],[129.7981,32.9484],[129.7977,32.9539],[129.7909,32.9519],[129.7849,32.948],[129.783,32.9371],[129.7849,32.9309],[129.7872,32.9199],[129.7926,32.9143],[129.7862,32.915],[129.783,32.9086],[129.7883,32.8996],[129.7879,32.9055],[129.7933,32.901],[129.7921,32.9083],[129.8044,32.9078],[129.8041,32.8979],[129.8072,32.8938],[129.8063,32.8866],[129.7999,32.8799],[129.7945,32.8833],[129.7949,32.889],[129.7898,32.8851],[129.7901,32.8783],[129.7877,32.8668],[129.7917,32.8729],[129.7979,32.8674],[129.8103,32.8646],[129.8153,32.8633],[129.821,32.8587],[129.8235,32.8515],[129.8289,32.8481],[129.8409,32.844],[129.8423,32.8365],[129.8466,32.8309],[129.8468,32.8365],[129.8484,32.8414],[129.8531,32.8451],[129.85,32.8511],[129.8506,32.8568],[129.8556,32.8551],[129.8553,32.8501],[129.8589,32.8464],[129.8645,32.8437],[129.8664,32.8505],[129.8718,32.8569],[129.8787,32.8633],[129.8781,32.8734],[129.8798,32.8821],[129.8827,32.8744],[129.8895,32.871],[129.896,32.8799],[129.9007,32.8777],[129.9077,32.8681],[129.9172,32.8685],[129.9225,32.8643],[129.9294,32.8665],[129.9266,32.8605],[129.9325,32.8576],[129.9396,32.8614],[129.9473,32.8631],[129.9572,32.8551],[129.9555,32.8499],[129.9653,32.8467],[129.97,32.8497],[129.974,32.8464],[129.9757,32.8412],[129.9845,32.8351],[129.9856,32.8415],[129.9932,32.8417],[129.9921,32.8365],[130,32.8373],[130.0039,32.8419],[130.0077,32.8463],[130.0022,32.8449],[129.9968,32.8484],[129.9903,32.858],[129.9846,32.8599],[129.9775,32.8683],[129.9729,32.8709],[129.9657,32.8725],[129.9618,32.8769],[129.9633,32.8842],[129.9706,32.8857],[129.966,32.8916],[129.9566,32.8911],[129.9526,32.8956],[129.9486,32.9006],[129.9505,32.9078],[129.9362,32.9199],[129.9312,32.9239],[129.9278,32.9358],[129.9305,32.9543],[129.9284,32.9611],[129.9272,32.9687],[129.9354,32.969],[129.9349,32.9754],[129.9412,32.9741],[129.9441,32.9833],[129.9493,32.9854],[129.9482,32.9905],[129.9439,32.9984],[129.9454,33.0032],[129.9448,33.014],[129.9349,33.0221],[129.921,33.0338],[129.9139,33.0349],[129.9081,33.0404],[129.901,33.0475],[129.897,33.0507],[129.8922,33.0565],[129.8759,33.0641],[129.8621,33.0625],[129.8536,33.0623],[129.8484,33.0559],[129.8437,33.0495],[129.8409,33.056],[129.836,33.0488],[129.8314,33.0395],[129.8239,33.0363],[129.8207,33.0468],[129.8255,33.0528],[129.8197,33.0531],[129.8249,33.0543],[129.8318,33.0561],[129.8362,33.0597],[129.828,33.0629],[129.8193,33.0661],[129.8192,33.0611],[129.8133,33.0651],[129.8031,33.0669],[129.797,33.069],[129.8061,33.0727],[129.7994,33.0714],[129.8065,33.0767],[129.7993,33.0772],[129.794,33.0834],[129.7851,33.083],[129.7793,33.0786],[129.7732,33.0771],[129.7663,33.0769],[129.7658,33.0826],[129.7666,33.0939],[129.7684,33.1011],[129.764,33.0978],[129.7618,33.0893],[129.757,33.0819],[129.7604,33.078],[129.7644,33.0735],[129.77,33.0735],[129.7703,33.0665],[129.7804,33.0613],[129.7694,33.0605],[129.7633,33.0573],[129.7674,33.051],[129.762,33.0537],[129.7556,33.0545],[129.757,33.0621],[129.7468,33.0623],[129.7411,33.0647],[129.7387,33.071],[129.7468,33.0763],[129.7437,33.0835],[129.7435,33.0778],[129.7357,33.0865],[129.7335,33.0913],[129.7288,33.0991],[129.7345,33.1009],[129.7454,33.0985],[129.7494,33.1015],[129.7468,33.1119],[129.7427,33.1215],[129.7468,33.1253],[129.7539,33.1141],[129.7597,33.1136],[129.7564,33.1192],[129.7579,33.1241],[129.7661,33.1251],[129.7729,33.1263],[129.7654,33.1309],[129.7584,33.1318],[129.761,33.1382],[129.7651,33.143],[129.772,33.1414],[129.7801,33.1417],[129.7714,33.1432],[129.7671,33.147],[129.7601,33.1442],[129.7551,33.1413],[129.7554,33.1464],[129.749,33.1441],[129.7451,33.1377],[129.7411,33.1321],[129.7359,33.1342],[129.7357,33.1395],[129.7311,33.1343],[129.7342,33.1267],[129.726,33.1265],[129.7262,33.1333],[129.7201,33.1369],[129.7265,33.1456],[129.7213,33.154],[129.7289,33.1561],[129.7228,33.1575],[129.7218,33.1658],[129.7184,33.1611],[129.7163,33.1657],[129.7118,33.1609],[129.709,33.1652],[129.7033,33.1634],[129.6993,33.1595],[129.7042,33.1558],[129.7057,33.1442],[129.708,33.139],[129.7094,33.1249],[129.7037,33.1243],[129.7072,33.1191],[129.6977,33.1133],[129.6921,33.1169],[129.6787,33.1137],[129.6749,33.1195],[129.67,33.1183],[129.6726,33.1131],[129.6715,33.1077],[129.6678,33.103],[129.6642,33.11],[129.6578,33.1221],[129.6562,33.1293],[129.6617,33.1301],[129.6645,33.125],[129.6736,33.1281],[129.6781,33.1259],[129.6784,33.1329],[129.6847,33.1321],[129.6835,33.1375],[129.6897,33.1367],[129.697,33.137],[129.6974,33.1423],[129.6922,33.1407],[129.6868,33.1429],[129.6816,33.1456],[129.6791,33.1501],[129.6786,33.1587],[129.6771,33.1651],[129.6696,33.1677],[129.6642,33.1659],[129.6514,33.1717],[129.6434,33.171],[129.6358,33.1671],[129.6389,33.1756],[129.6426,33.1803],[129.6492,33.18],[129.6545,33.1841],[129.6504,33.1919],[129.6451,33.1951],[129.6435,33.2001],[129.6459,33.206],[129.6396,33.2189],[129.6363,33.2251],[129.6361,33.2175],[129.6392,33.2071],[129.638,33.2009],[129.6285,33.1929],[129.6258,33.1885],[129.6218,33.1947],[129.6178,33.1979],[129.6191,33.2046],[129.6207,33.2165],[129.6177,33.2097],[129.6159,33.205],[129.6103,33.2065],[129.6041,33.2036],[129.6009,33.2092],[129.6067,33.217],[129.6125,33.221],[129.6035,33.2218],[129.602,33.2136],[129.5951,33.2089],[129.5962,33.2176],[129.5924,33.2135],[129.5855,33.2121],[129.5855,33.2175],[129.5749,33.2156],[129.5686,33.2194],[129.5628,33.2172],[129.5544,33.2158],[129.5581,33.2217],[129.5571,33.2277],[129.5531,33.2311],[129.5603,33.2331],[129.565,33.2289],[129.566,33.2343],[129.5667,33.2424],[129.5557,33.2409],[129.5588,33.2472],[129.5648,33.2494],[129.5622,33.2578],[129.5666,33.2623],[129.572,33.2607],[129.5692,33.2655],[129.5692,33.2707],[129.5731,33.2672],[129.5733,33.2759],[129.578,33.2799],[129.5756,33.2746],[129.5782,33.2663],[129.5843,33.2703],[129.5902,33.2764],[129.5864,33.2825],[129.586,33.2909],[129.5898,33.2947],[129.5958,33.3001],[129.6059,33.3119],[129.6145,33.3082],[129.6215,33.3102],[129.6148,33.3105],[129.6087,33.3133],[129.5993,33.3112],[129.5915,33.3045],[129.5842,33.3058],[129.5831,33.3109],[129.5791,33.3073],[129.5743,33.3089],[129.5727,33.3138],[129.5663,33.3212],[129.5613,33.3244],[129.5619,33.3327],[129.5737,33.3299],[129.5711,33.3365],[129.5717,33.3419],[129.572,33.3476],[129.5766,33.3622],[129.5716,33.3669],[129.5679,33.3771],[129.5762,33.38],[129.5834,33.3781],[129.5915,33.3813],[129.597,33.3808],[129.5905,33.3757],[129.5922,33.3693],[129.597,33.3733],[129.604,33.3686],[129.6111,33.3737],[129.6165,33.376],[129.6218,33.3664],[129.6245,33.3617],[129.6322,33.3623]]],[[[129.0585,32.8169],[129.0528,32.8188],[129.0437,32.8215],[129.0487,32.8238],[129.0443,32.8294],[129.049,32.8365],[129.0436,32.8445],[129.0467,32.8529],[129.0427,32.8593],[129.046,32.8685],[129.0411,32.873],[129.0399,32.8807],[129.0443,32.8757],[129.0514,32.8773],[129.0469,32.88],[129.049,32.8847],[129.0527,32.8804],[129.0555,32.8867],[129.0552,32.8937],[129.0516,32.8887],[129.0484,32.8947],[129.0433,32.8925],[129.0384,32.8986],[129.0403,32.9069],[129.0454,32.9029],[129.0528,32.8996],[129.051,32.9071],[129.0569,32.9061],[129.0563,32.9008],[129.0595,32.8961],[129.0639,32.901],[129.0622,32.9084],[129.0563,32.9085],[129.05,32.9146],[129.0442,32.9229],[129.0367,32.9255],[129.0335,32.9199],[129.0257,32.9189],[129.0288,32.9245],[129.0314,32.9326],[129.0369,32.9272],[129.037,32.9366],[129.0338,32.948],[129.0325,32.9423],[129.0294,32.9358],[129.0235,32.9342],[129.0177,32.9387],[129.0157,32.9465],[129.0061,32.9405],[128.9968,32.941],[128.9922,32.9457],[129.0029,32.9453],[128.9968,32.9489],[129.0028,32.9493],[128.9968,32.9532],[128.999,32.9579],[128.9968,32.9637],[129.0007,32.9693],[129.0092,32.9726],[129.0136,32.9696],[129.0162,32.9648],[129.0176,32.9763],[129.0222,32.9737],[129.0227,32.9679],[129.0259,32.9634],[129.0309,32.9672],[129.0383,32.9762],[129.0464,32.9762],[129.048,32.9655],[129.0475,32.9603],[129.0509,32.9655],[129.0504,32.9736],[129.0577,32.9749],[129.0605,32.9819],[129.0487,32.9862],[129.0411,32.993],[129.0478,32.994],[129.0402,33.0032],[129.0409,33.0087],[129.0434,33.0136],[129.0407,33.0201],[129.0427,33.0289],[129.046,33.0341],[129.053,33.0377],[129.0571,33.0407],[129.0652,33.0435],[129.0684,33.0202],[129.0745,33.0209],[129.0832,33.0224],[129.0875,33.0255],[129.0807,33.0291],[129.0786,33.0347],[129.0776,33.0399],[129.0829,33.0427],[129.0802,33.0517],[129.0742,33.0559],[129.0802,33.0583],[129.0842,33.0745],[129.0881,33.0779],[129.0963,33.0791],[129.1056,33.0865],[129.1048,33.0926],[129.1084,33.1013],[129.0992,33.1031],[129.1019,33.1099],[129.0935,33.1209],[129.0972,33.1244],[129.0982,33.1321],[129.1001,33.1385],[129.1058,33.1491],[129.1061,33.1559],[129.1097,33.1633],[129.1171,33.1593],[129.1137,33.1528],[129.1099,33.1473],[129.1093,33.1327],[129.1054,33.1275],[129.1115,33.1149],[129.1194,33.1076],[129.1177,33.0967],[129.1174,33.0905],[129.1125,33.0847],[129.1102,33.0765],[129.1104,33.0713],[129.1075,33.0649],[129.1028,33.0584],[129.0981,33.0507],[129.1041,33.0495],[129.0973,33.0422],[129.0912,33.0393],[129.0925,33.0319],[129.0972,33.0259],[129.0891,33.0179],[129.0928,33.0077],[129.095,33.0024],[129.0929,32.9937],[129.0885,32.9871],[129.082,32.9863],[129.087,32.984],[129.0963,32.9813],[129.1019,32.9847],[129.1067,32.9813],[129.1122,32.9855],[129.1174,32.9885],[129.1218,32.985],[129.1269,32.9903],[129.1335,32.997],[129.1394,32.9992],[129.1455,33.0032],[129.1531,33.0005],[129.1598,33.002],[129.164,33.0085],[129.1668,33.0038],[129.1739,33.007],[129.181,33.0032],[129.1742,32.9977],[129.1767,32.9925],[129.1774,32.9867],[129.1815,32.98],[129.1816,32.9741],[129.1725,32.9709],[129.1688,32.9651],[129.1572,32.9604],[129.1502,32.9574],[129.1444,32.9501],[129.1416,32.9399],[129.1301,32.9448],[129.1253,32.9388],[129.1168,32.9388],[129.1125,32.9483],[129.1059,32.9539],[129.1008,32.9613],[129.1002,32.9505],[129.1079,32.9461],[129.1096,32.9384],[129.1055,32.9343],[129.1067,32.9251],[129.1022,32.9278],[129.0964,32.9247],[129.0854,32.9242],[129.0918,32.9199],[129.0948,32.9153],[129.0917,32.911],[129.0943,32.9031],[129.088,32.9034],[129.0833,32.9001],[129.087,32.8938],[129.0914,32.8905],[129.0875,32.8834],[129.0814,32.8814],[129.0919,32.8803],[129.0965,32.8747],[129.097,32.8697],[129.0981,32.8599],[129.0942,32.8561],[129.089,32.8549],[129.075,32.8613],[129.0663,32.8633],[129.0644,32.856],[129.0608,32.8485],[129.0618,32.8436],[129.0671,32.8365],[129.0677,32.8281],[129.0631,32.8173],[129.0585,32.8169]]],[[[128.772,32.5745],[128.7627,32.5747],[128.7523,32.5783],[128.7495,32.5865],[128.7468,32.5947],[128.7377,32.6057],[128.7305,32.6073],[128.7227,32.6055],[128.7154,32.6043],[128.6978,32.6047],[128.693,32.6028],[128.6794,32.6067],[128.6744,32.6065],[128.6678,32.6074],[128.6561,32.6035],[128.6587,32.5955],[128.6557,32.5911],[128.6449,32.5947],[128.64,32.5925],[128.635,32.5943],[128.631,32.6018],[128.6276,32.6061],[128.6218,32.6082],[128.6114,32.6097],[128.6045,32.6117],[128.5989,32.612],[128.603,32.6228],[128.6073,32.6271],[128.6072,32.6327],[128.6089,32.6401],[128.6102,32.6465],[128.6139,32.6405],[128.6214,32.6347],[128.6165,32.6319],[128.6104,32.6265],[128.6141,32.6178],[128.6142,32.6244],[128.6176,32.6301],[128.6254,32.6273],[128.6276,32.6225],[128.6317,32.6157],[128.6376,32.6097],[128.646,32.6109],[128.6419,32.6047],[128.6474,32.6085],[128.654,32.6121],[128.65,32.6191],[128.6544,32.6243],[128.6603,32.6268],[128.6638,32.6328],[128.6545,32.6301],[128.6468,32.6238],[128.6413,32.6188],[128.6367,32.6241],[128.6353,32.6336],[128.6392,32.64],[128.6443,32.6396],[128.6509,32.6395],[128.6464,32.6475],[128.6428,32.6539],[128.6495,32.6497],[128.655,32.6471],[128.6622,32.6447],[128.6615,32.6531],[128.6527,32.6545],[128.6575,32.6592],[128.6667,32.6535],[128.6642,32.6603],[128.6623,32.6669],[128.6677,32.6663],[128.6738,32.6681],[128.67,32.6723],[128.661,32.6715],[128.6576,32.6765],[128.6487,32.6804],[128.6519,32.6884],[128.6499,32.694],[128.6488,32.7013],[128.655,32.7033],[128.66,32.7005],[128.6603,32.7071],[128.6555,32.7098],[128.6521,32.7148],[128.6451,32.721],[128.6465,32.7355],[128.6509,32.7383],[128.651,32.7456],[128.646,32.7532],[128.6403,32.7608],[128.6454,32.7652],[128.6477,32.7697],[128.6502,32.7754],[128.6545,32.7791],[128.6631,32.7841],[128.669,32.7807],[128.6757,32.7788],[128.6805,32.7758],[128.6824,32.7703],[128.688,32.7678],[128.6961,32.7665],[128.696,32.7532],[128.6967,32.7479],[128.6909,32.739],[128.6961,32.7378],[128.7043,32.7385],[128.7052,32.7453],[128.7082,32.7497],[128.7143,32.7497],[128.7225,32.7532],[128.7281,32.7555],[128.7351,32.7569],[128.7264,32.7532],[128.7239,32.7471],[128.7295,32.7479],[128.7402,32.7508],[128.7359,32.7467],[128.7336,32.7381],[128.7401,32.7443],[128.744,32.7497],[128.748,32.7532],[128.7417,32.7532],[128.7449,32.7576],[128.7518,32.7599],[128.7519,32.7685],[128.7609,32.7621],[128.7613,32.7555],[128.7672,32.7532],[128.7653,32.7446],[128.7691,32.7364],[128.7766,32.7348],[128.7745,32.7461],[128.777,32.7532],[128.7914,32.7607],[128.7962,32.7562],[128.7924,32.7649],[128.786,32.7633],[128.7802,32.7633],[128.7738,32.7559],[128.7644,32.7601],[128.7673,32.7645],[128.773,32.772],[128.775,32.7781],[128.7806,32.7759],[128.7932,32.7781],[128.7886,32.7814],[128.7964,32.7844],[128.7896,32.7889],[128.7961,32.7905],[128.8008,32.7924],[128.8073,32.7978],[128.8085,32.7899],[128.8074,32.7809],[128.8038,32.7769],[128.8113,32.7712],[128.8193,32.7646],[128.825,32.7607],[128.819,32.7559],[128.8154,32.7594],[128.8101,32.7574],[128.8043,32.7532],[128.8117,32.7476],[128.8178,32.7512],[128.8243,32.7532],[128.8327,32.7607],[128.8363,32.7569],[128.8286,32.7532],[128.8241,32.7446],[128.8296,32.7418],[128.8284,32.7483],[128.8347,32.7457],[128.8414,32.7481],[128.8463,32.7527],[128.8544,32.7448],[128.8476,32.7422],[128.8411,32.74],[128.8394,32.7261],[128.8418,32.7151],[128.8436,32.7051],[128.8477,32.6993],[128.8507,32.6911],[128.8585,32.6855],[128.8718,32.6778],[128.8808,32.6699],[128.884,32.6627],[128.8833,32.6577],[128.8889,32.6561],[128.8959,32.6527],[128.8938,32.6463],[128.8917,32.6414],[128.8856,32.641],[128.879,32.6396],[128.8734,32.6385],[128.8687,32.6441],[128.8557,32.6422],[128.8475,32.6406],[128.8391,32.6383],[128.8317,32.6374],[128.8264,32.6357],[128.8184,32.6366],[128.8163,32.6451],[128.8102,32.6463],[128.8104,32.6517],[128.8035,32.6545],[128.7975,32.6523],[128.79,32.6482],[128.7815,32.6453],[128.7727,32.6447],[128.7676,32.643],[128.7652,32.6379],[128.7642,32.6321],[128.766,32.6267],[128.7609,32.6199],[128.7653,32.6165],[128.7688,32.6209],[128.7718,32.616],[128.7851,32.609],[128.7885,32.6042],[128.7914,32.5996],[128.7921,32.5931],[128.788,32.5881],[128.7825,32.5911],[128.7798,32.5865],[128.775,32.5805],[128.772,32.5745]]]]}},{"type":"Feature","properties":{"nam":"Akita Ken","nam_ja":"\u79cb\u7530\u770c","id":5},"geometry":{"type":"MultiPolygon","coordinates":[[[[140.8797,40.5115],[140.8797,40.5032],[140.8711,40.4749],[140.8613,40.4405],[140.8831,40.4279],[140.8925,40.4237],[140.9022,40.4257],[140.9104,40.4243],[140.9209,40.4275],[140.9271,40.4216],[140.9354,40.4232],[140.9398,40.4294],[140.953,40.4271],[140.9646,40.4279],[140.9733,40.4311],[140.9854,40.4275],[140.9849,40.4212],[140.9791,40.4162],[140.9831,40.4052],[140.9877,40.3955],[140.9854,40.3885],[140.9927,40.3779],[140.9958,40.3723],[140.9928,40.3675],[140.9924,40.3615],[140.995,40.3537],[140.988,40.3486],[140.9822,40.3446],[140.9749,40.3439],[140.9676,40.3513],[140.9624,40.3477],[140.9687,40.3376],[140.9633,40.3291],[140.9618,40.3241],[140.9586,40.3187],[140.9563,40.3039],[140.9484,40.2998],[140.9443,40.2968],[140.9453,40.2885],[140.953,40.2876],[140.9531,40.2762],[140.9517,40.2708],[140.9475,40.2627],[140.95,40.2532],[140.9546,40.2505],[140.9442,40.2461],[140.9407,40.2398],[140.9421,40.2282],[140.928,40.2266],[140.9178,40.2239],[140.91,40.2239],[140.9024,40.2169],[140.8962,40.214],[140.8974,40.208],[140.8897,40.1999],[140.8926,40.1927],[140.8724,40.1786],[140.8605,40.1738],[140.8653,40.1638],[140.8696,40.1599],[140.8792,40.1605],[140.882,40.1509],[140.8746,40.1421],[140.8674,40.1313],[140.8718,40.1259],[140.8718,40.1193],[140.8813,40.1143],[140.88,40.1075],[140.8772,40.1029],[140.8761,40.0969],[140.8718,40.0912],[140.867,40.0879],[140.8615,40.0853],[140.8545,40.0835],[140.8447,40.0737],[140.8496,40.0632],[140.8539,40.0503],[140.8552,40.0439],[140.8544,40.0363],[140.8507,40.0318],[140.8531,40.0253],[140.8534,40.0193],[140.8557,40.0145],[140.8493,40.0085],[140.8494,40.0032],[140.8511,39.9944],[140.8465,39.9745],[140.8483,39.9597],[140.855,39.9562],[140.8567,39.9473],[140.8532,39.9397],[140.8537,39.9347],[140.8578,39.9291],[140.855,39.9237],[140.8602,39.9199],[140.8665,39.9147],[140.8687,39.9082],[140.8683,39.8998],[140.8786,39.8875],[140.8789,39.8775],[140.8718,39.8719],[140.8623,39.8715],[140.8569,39.8691],[140.8436,39.8721],[140.8368,39.8758],[140.8349,39.8806],[140.8261,39.8867],[140.8165,39.8822],[140.809,39.8797],[140.7994,39.8821],[140.7912,39.8747],[140.7848,39.8718],[140.783,39.8657],[140.7844,39.8608],[140.7892,39.8509],[140.7853,39.8422],[140.7862,39.8365],[140.7835,39.8291],[140.7886,39.8269],[140.7988,39.8193],[140.805,39.8157],[140.8121,39.8187],[140.8213,39.816],[140.8258,39.8101],[140.8388,39.8054],[140.8478,39.7961],[140.8382,39.7862],[140.8317,39.7797],[140.8245,39.775],[140.8167,39.7653],[140.8054,39.7568],[140.8046,39.7458],[140.7938,39.7405],[140.7838,39.7387],[140.7749,39.7349],[140.7831,39.7305],[140.7849,39.7256],[140.7911,39.7161],[140.795,39.7099],[140.8059,39.7111],[140.8106,39.7073],[140.8104,39.6985],[140.8177,39.6907],[140.8229,39.6882],[140.8195,39.6823],[140.8215,39.6744],[140.8204,39.653],[140.8159,39.6455],[140.8092,39.6338],[140.8084,39.6245],[140.8029,39.619],[140.8047,39.612],[140.7957,39.6033],[140.7827,39.6044],[140.779,39.5961],[140.78,39.5905],[140.7723,39.5905],[140.7641,39.5877],[140.7582,39.5774],[140.7542,39.5708],[140.7468,39.5688],[140.7369,39.5653],[140.7307,39.5661],[140.7279,39.5561],[140.7334,39.5511],[140.7406,39.5458],[140.7409,39.5348],[140.7382,39.5257],[140.7318,39.5229],[140.7249,39.5187],[140.7243,39.5107],[140.7232,39.5045],[140.714,39.4984],[140.7206,39.4848],[140.7243,39.4807],[140.7065,39.4742],[140.6984,39.4683],[140.6897,39.4643],[140.6831,39.4575],[140.677,39.4472],[140.686,39.4366],[140.6834,39.4222],[140.6793,39.4181],[140.672,39.4173],[140.6598,39.4145],[140.659,39.4095],[140.6633,39.4049],[140.6584,39.3991],[140.6541,39.3909],[140.663,39.3865],[140.6689,39.3843],[140.6756,39.3861],[140.6799,39.3815],[140.6772,39.3721],[140.6833,39.3623],[140.6931,39.3585],[140.6887,39.3501],[140.6945,39.3451],[140.7042,39.343],[140.7063,39.3365],[140.7096,39.3303],[140.6991,39.3281],[140.6972,39.3216],[140.6934,39.3137],[140.6973,39.3103],[140.6933,39.3025],[140.703,39.3011],[140.711,39.2962],[140.7179,39.2965],[140.7177,39.2911],[140.7182,39.2773],[140.7241,39.2716],[140.7356,39.2667],[140.7458,39.2619],[140.7517,39.2631],[140.755,39.2575],[140.76,39.2547],[140.7653,39.2532],[140.7788,39.2417],[140.7888,39.238],[140.7865,39.2323],[140.7868,39.2268],[140.7745,39.2237],[140.768,39.2193],[140.7632,39.2127],[140.7667,39.2088],[140.7667,39.2005],[140.7726,39.1942],[140.7796,39.1945],[140.7903,39.1889],[140.7984,39.1898],[140.8085,39.1803],[140.799,39.1757],[140.7884,39.1724],[140.7841,39.1659],[140.7771,39.1689],[140.7688,39.1576],[140.7659,39.1535],[140.7583,39.1439],[140.7496,39.1397],[140.7523,39.1333],[140.7588,39.1332],[140.7647,39.128],[140.7702,39.1244],[140.7662,39.1203],[140.7561,39.1185],[140.7562,39.1125],[140.762,39.1101],[140.7564,39.0955],[140.753,39.0893],[140.7591,39.0853],[140.7648,39.081],[140.7744,39.0795],[140.779,39.0825],[140.7881,39.0789],[140.8007,39.0773],[140.8046,39.0709],[140.8018,39.0655],[140.8061,39.0585],[140.8015,39.0501],[140.7975,39.0437],[140.7958,39.0356],[140.7947,39.0291],[140.7881,39.0228],[140.7808,39.0152],[140.7784,39.0081],[140.7691,39.0032],[140.7645,39.0001],[140.7642,38.9887],[140.767,38.9839],[140.7699,38.978],[140.775,38.9693],[140.7723,38.9647],[140.7745,38.9599],[140.7621,38.9576],[140.7559,38.9585],[140.7468,38.9569],[140.7359,38.9508],[140.7303,38.9475],[140.7267,38.943],[140.7234,38.9361],[140.7195,38.9309],[140.7123,38.9259],[140.7076,38.9207],[140.7004,38.9241],[140.6944,38.9199],[140.6843,38.9165],[140.6797,38.9114],[140.6766,38.9057],[140.6701,38.8971],[140.6626,38.8946],[140.6536,38.8914],[140.6439,38.8879],[140.6385,38.8833],[140.6336,38.8875],[140.6286,38.8893],[140.6218,38.8906],[140.6147,38.8944],[140.6094,38.8917],[140.607,38.887],[140.5963,38.8859],[140.5903,38.8891],[140.5872,38.8847],[140.5792,38.8815],[140.5712,38.8767],[140.5617,38.8741],[140.5539,38.8775],[140.5515,38.8851],[140.5473,38.8895],[140.5368,38.9009],[140.5272,38.8981],[140.5165,38.9005],[140.5069,38.8965],[140.4968,38.8979],[140.4924,38.9027],[140.487,38.9113],[140.4827,38.9169],[140.4763,38.9161],[140.4623,38.9199],[140.4605,38.9275],[140.4587,38.934],[140.4523,38.9379],[140.4516,38.9431],[140.4521,38.9492],[140.4538,38.9585],[140.4508,38.9631],[140.4513,38.9717],[140.4463,38.9803],[140.4391,38.9819],[140.4338,38.9894],[140.4251,38.9927],[140.4141,38.9905],[140.4108,38.9944],[140.3941,38.9918],[140.3873,38.9947],[140.3801,38.9954],[140.3718,39.003],[140.367,39.0062],[140.3615,39.0195],[140.3625,39.026],[140.355,39.0243],[140.3417,39.028],[140.3329,39.031],[140.3294,39.0352],[140.3188,39.0314],[140.3114,39.0144],[140.3022,39.0176],[140.2954,39.0185],[140.289,39.0269],[140.2714,39.0329],[140.2608,39.0356],[140.2517,39.0283],[140.2468,39.0303],[140.2384,39.0287],[140.2283,39.0275],[140.2193,39.0327],[140.2142,39.0329],[140.2019,39.0353],[140.2019,39.0474],[140.2018,39.0593],[140.1963,39.0615],[140.1897,39.0619],[140.1754,39.0578],[140.1713,39.0518],[140.1624,39.0546],[140.1581,39.0503],[140.1509,39.0495],[140.144,39.061],[140.138,39.0658],[140.1283,39.0634],[140.1218,39.0668],[140.115,39.0777],[140.1009,39.0841],[140.076,39.0865],[140.0627,39.0933],[140.0669,39.0977],[140.0617,39.1137],[140.0626,39.1339],[140.0079,39.1234],[140,39.1178],[139.9968,39.1129],[139.9947,39.1059],[139.9483,39.1176],[139.9457,39.1133],[139.9065,39.1193],[139.8718,39.1187],[139.8782,39.1216],[139.8844,39.133],[139.8825,39.1391],[139.8852,39.1478],[139.8945,39.1555],[139.9015,39.1699],[139.9058,39.1888],[139.9044,39.1996],[139.899,39.2019],[139.8931,39.2034],[139.8935,39.2087],[139.8974,39.2189],[139.9042,39.2279],[139.9148,39.2489],[139.9123,39.2561],[139.9114,39.2641],[139.9168,39.2763],[139.9205,39.2817],[139.9264,39.2863],[139.9359,39.2898],[139.9435,39.2901],[139.9619,39.294],[139.9676,39.2965],[139.9805,39.3135],[139.9933,39.3365],[139.9968,39.3425],[140,39.3502],[140.0142,39.3843],[140.0157,39.3914],[140.0256,39.4199],[140.0453,39.5032],[140.0473,39.5135],[140.0586,39.5865],[140.0599,39.5981],[140.0609,39.6085],[140.0632,39.6699],[140.0571,39.731],[140.054,39.7409],[140.0484,39.7411],[140.0464,39.7499],[140.0476,39.7569],[140.0422,39.7585],[140.0477,39.7575],[140.0495,39.7657],[140.0496,39.7738],[140.043,39.7733],[140.0461,39.764],[140.0383,39.7652],[140.0407,39.7726],[140.0362,39.7761],[140.0391,39.7811],[140.0413,39.7868],[140.0371,39.7915],[140.0342,39.8049],[140.0151,39.8365],[140,39.8534],[139.9678,39.8802],[139.9521,39.8885],[139.9471,39.8911],[139.9423,39.8929],[139.9209,39.9011],[139.8974,39.903],[139.8906,39.8994],[139.8718,39.8987],[139.8661,39.8981],[139.8589,39.8962],[139.8534,39.8876],[139.8573,39.8831],[139.8482,39.883],[139.8536,39.881],[139.8485,39.8795],[139.8576,39.8771],[139.8505,39.8739],[139.8591,39.873],[139.8611,39.8673],[139.8502,39.8635],[139.8382,39.8635],[139.8308,39.8694],[139.8235,39.8655],[139.8207,39.8586],[139.8118,39.8579],[139.7968,39.8672],[139.7905,39.8677],[139.7875,39.8629],[139.7818,39.8663],[139.7765,39.861],[139.7636,39.8631],[139.7553,39.8571],[139.7551,39.8633],[139.7468,39.8672],[139.7413,39.8717],[139.7386,39.8793],[139.7362,39.8886],[139.7355,39.8947],[139.7352,39.9044],[139.7295,39.9103],[139.7196,39.9098],[139.7161,39.9167],[139.712,39.9219],[139.7063,39.9285],[139.7052,39.9363],[139.7028,39.9424],[139.7095,39.9468],[139.7183,39.9461],[139.7214,39.9526],[139.7182,39.9596],[139.7131,39.9611],[139.7077,39.9568],[139.7026,39.9608],[139.7023,39.9667],[139.7012,39.9731],[139.6951,39.9798],[139.6969,39.9845],[139.6961,39.9939],[139.6972,40],[139.7007,40.0074],[139.7062,40.0032],[139.7151,39.99],[139.7236,39.9822],[139.7308,39.9825],[139.7384,39.9811],[139.7468,39.9783],[139.7523,39.9771],[139.7654,39.9755],[139.7702,39.9719],[139.7826,39.9683],[139.7861,39.9614],[139.7939,39.9585],[139.8133,39.9592],[139.8422,39.9702],[139.8718,39.989],[139.8848,40],[139.9148,40.0305],[139.9456,40.0735],[139.953,40.0865],[139.9727,40.1257],[139.9894,40.1699],[139.9934,40.1813],[139.9844,40.184],[139.99,40.2008],[139.9968,40.2057],[139.9951,40.2135],[140.003,40.2121],[140.0016,40.207],[140.0032,40.2175],[140.0121,40.2173],[140.0067,40.2206],[140.0001,40.2203],[140.0128,40.2532],[140.0156,40.2656],[140.0255,40.3251],[140.0257,40.3365],[140.024,40.3556],[140.0204,40.3607],[140.0159,40.3639],[140.014,40.369],[140.0109,40.3752],[140.0044,40.3762],[139.9998,40.3791],[139.9865,40.3847],[139.9803,40.3884],[139.9804,40.3965],[139.9758,40.3997],[139.9593,40.4087],[139.9482,40.4138],[139.9452,40.4199],[139.9364,40.4287],[139.956,40.4333],[139.9644,40.4319],[139.9731,40.4272],[139.9808,40.4281],[139.9887,40.4305],[139.9941,40.4342],[140,40.433],[140.0094,40.4261],[140.0184,40.421],[140.0185,40.4281],[140.0244,40.4365],[140.0205,40.4483],[140.0266,40.4541],[140.0336,40.4585],[140.0491,40.4609],[140.0541,40.4654],[140.0685,40.4693],[140.0745,40.4652],[140.0794,40.4673],[140.0838,40.4628],[140.0998,40.4535],[140.1009,40.4439],[140.1058,40.4407],[140.1174,40.4357],[140.1361,40.4399],[140.1416,40.4389],[140.1474,40.4386],[140.1522,40.4354],[140.1657,40.4402],[140.1707,40.4391],[140.1858,40.4436],[140.1908,40.4381],[140.1962,40.4351],[140.2105,40.4387],[140.2145,40.4348],[140.2216,40.4318],[140.2417,40.4381],[140.2508,40.4432],[140.2597,40.442],[140.2692,40.4419],[140.2815,40.4464],[140.2897,40.4461],[140.299,40.4467],[140.3037,40.4433],[140.3083,40.4413],[140.3171,40.4391],[140.3234,40.4398],[140.3354,40.4399],[140.341,40.4436],[140.3425,40.4513],[140.3441,40.4623],[140.3482,40.468],[140.3536,40.4705],[140.3572,40.4752],[140.363,40.479],[140.3718,40.4769],[140.3781,40.4771],[140.3838,40.4849],[140.3884,40.4876],[140.3936,40.4857],[140.3984,40.4783],[140.41,40.4761],[140.4216,40.4819],[140.4288,40.4825],[140.4373,40.4793],[140.4337,40.4699],[140.4376,40.4634],[140.4392,40.4541],[140.4485,40.454],[140.4571,40.4555],[140.4657,40.4559],[140.4804,40.4525],[140.4845,40.447],[140.4819,40.4426],[140.4968,40.4371],[140.502,40.4334],[140.5106,40.4291],[140.5282,40.4317],[140.5309,40.4269],[140.5293,40.4205],[140.5249,40.4107],[140.5329,40.4115],[140.5377,40.4072],[140.5415,40.4032],[140.5484,40.4039],[140.5536,40.4007],[140.5596,40.3976],[140.5678,40.3995],[140.566,40.4045],[140.5565,40.4161],[140.5588,40.4263],[140.5672,40.4266],[140.575,40.4275],[140.5887,40.4306],[140.5899,40.4367],[140.6032,40.4313],[140.6065,40.4263],[140.6141,40.4244],[140.6218,40.4245],[140.6307,40.4199],[140.634,40.4151],[140.636,40.4101],[140.6334,40.4038],[140.6418,40.4055],[140.6471,40.4039],[140.655,40.4051],[140.6628,40.4058],[140.6668,40.4121],[140.6759,40.4129],[140.6827,40.4171],[140.6878,40.4221],[140.6885,40.428],[140.6939,40.4281],[140.6998,40.4297],[140.7096,40.4288],[140.7177,40.4265],[140.7189,40.4212],[140.7244,40.4167],[140.7341,40.4166],[140.735,40.4245],[140.7317,40.4321],[140.7333,40.4383],[140.7446,40.4387],[140.7529,40.4397],[140.7592,40.4469],[140.7634,40.4519],[140.7699,40.4545],[140.7885,40.4576],[140.7915,40.4532],[140.8042,40.4498],[140.8089,40.4657],[140.8109,40.4763],[140.8118,40.4887],[140.8223,40.4969],[140.8275,40.4972],[140.8332,40.5018],[140.8378,40.5044],[140.8453,40.5079],[140.8537,40.5062],[140.8718,40.5097],[140.8797,40.5115]]]]}},{"type":"Feature","properties":{"nam":"Okayama Ken","nam_ja":"\u5ca1\u5c71\u770c","id":33},"geometry":{"type":"MultiPolygon","coordinates":[[[[134.0142,35.3504],[134.0143,35.3449],[134.0105,35.339],[134.0145,35.3337],[134.0078,35.3274],[134.0007,35.3183],[134.0101,35.3076],[134.0221,35.3061],[134.028,35.3078],[134.0363,35.3042],[134.0438,35.3027],[134.0481,35.2986],[134.0549,35.2988],[134.0617,35.3031],[134.0696,35.2972],[134.0738,35.3015],[134.0837,35.3033],[134.0924,35.3058],[134.1004,35.3001],[134.1043,35.2949],[134.1109,35.2901],[134.1218,35.281],[134.1316,35.2809],[134.1387,35.279],[134.14,35.2737],[134.1429,35.2639],[134.1499,35.2585],[134.145,35.2536],[134.143,35.2471],[134.1367,35.239],[134.1439,35.2314],[134.1582,35.2342],[134.1625,35.2293],[134.1619,35.2214],[134.1571,35.2107],[134.154,35.2029],[134.1534,35.1949],[134.1605,35.1908],[134.1667,35.1833],[134.1669,35.1719],[134.1718,35.1699],[134.1781,35.1699],[134.1897,35.1762],[134.1935,35.1877],[134.2009,35.1906],[134.2134,35.1904],[134.2217,35.1915],[134.2283,35.1973],[134.2406,35.1991],[134.2516,35.2033],[134.2549,35.2086],[134.2605,35.2104],[134.2664,35.2085],[134.2711,35.2008],[134.2807,35.1966],[134.2917,35.2],[134.3019,35.2022],[134.315,35.2011],[134.333,35.2125],[134.338,35.2204],[134.3507,35.2237],[134.36,35.2292],[134.3689,35.2327],[134.3738,35.239],[134.3732,35.2459],[134.3801,35.2481],[134.393,35.2526],[134.3997,35.2474],[134.4022,35.241],[134.3964,35.2283],[134.3864,35.2235],[134.3805,35.2181],[134.38,35.2081],[134.3831,35.1954],[134.3909,35.1924],[134.4008,35.1875],[134.4114,35.1861],[134.4112,35.1758],[134.4066,35.1699],[134.4107,35.1609],[134.4096,35.1509],[134.3936,35.1527],[134.3868,35.1518],[134.3812,35.1518],[134.3742,35.1509],[134.3688,35.1473],[134.3614,35.1376],[134.3586,35.1272],[134.3599,35.122],[134.3525,35.1137],[134.3535,35.1003],[134.3499,35.0936],[134.3449,35.0904],[134.3383,35.0893],[134.333,35.0865],[134.3185,35.0829],[134.3205,35.0675],[134.3144,35.0579],[134.3151,35.0483],[134.3161,35.0433],[134.3101,35.0451],[134.3038,35.0405],[134.2967,35.0431],[134.2904,35.0374],[134.285,35.0368],[134.2747,35.0234],[134.2671,35.0215],[134.2641,35.0157],[134.2638,35.0107],[134.2709,35.0032],[134.277,35.0009],[134.2823,34.9965],[134.2783,34.9905],[134.2753,34.9863],[134.2702,34.9825],[134.2751,34.9772],[134.2736,34.966],[134.2664,34.9564],[134.2592,34.9513],[134.2554,34.9468],[134.2543,34.9377],[134.2589,34.9342],[134.2669,34.936],[134.2755,34.9291],[134.2751,34.9239],[134.2842,34.9203],[134.2869,34.9143],[134.2925,34.9081],[134.2927,34.9027],[134.2877,34.8995],[134.2832,34.8965],[134.2723,34.8913],[134.2682,34.8877],[134.2629,34.8849],[134.263,34.8795],[134.2662,34.8748],[134.2612,34.8712],[134.258,34.8627],[134.2531,34.8513],[134.2623,34.8453],[134.265,34.8387],[134.2613,34.8314],[134.2632,34.8267],[134.2727,34.8271],[134.2832,34.8295],[134.2879,34.8214],[134.295,34.8181],[134.2978,34.8135],[134.3066,34.8103],[134.3117,34.8027],[134.3164,34.7924],[134.3185,34.7851],[134.3154,34.7808],[134.3235,34.7746],[134.3292,34.7737],[134.3321,34.7659],[134.3269,34.7659],[134.3198,34.7591],[134.3175,34.7532],[134.314,34.7405],[134.3168,34.7351],[134.323,34.7309],[134.3213,34.7218],[134.319,34.7283],[134.3109,34.7338],[134.2992,34.736],[134.2873,34.735],[134.2824,34.7299],[134.275,34.7345],[134.2731,34.728],[134.2689,34.7232],[134.2532,34.7183],[134.2468,34.7163],[134.2345,34.721],[134.2248,34.7197],[134.2319,34.7231],[134.229,34.7304],[134.2209,34.7298],[134.2088,34.7309],[134.2034,34.7304],[134.186,34.7379],[134.1798,34.7381],[134.1789,34.7331],[134.1864,34.7345],[134.1952,34.7297],[134.2039,34.7271],[134.1954,34.7213],[134.1972,34.7153],[134.2037,34.7169],[134.2112,34.7171],[134.1986,34.7088],[134.2061,34.7098],[134.2167,34.7095],[134.2268,34.7121],[134.2318,34.7152],[134.235,34.711],[134.2424,34.7031],[134.2428,34.6974],[134.238,34.6998],[134.2348,34.6915],[134.2258,34.6917],[134.2181,34.6844],[134.2121,34.6839],[134.2194,34.6825],[134.2188,34.6769],[134.2135,34.6737],[134.204,34.6743],[134.207,34.6699],[134.2006,34.6636],[134.1929,34.6649],[134.1973,34.6599],[134.1935,34.6557],[134.1836,34.6513],[134.1775,34.6566],[134.1695,34.6517],[134.1731,34.6396],[134.1741,34.634],[134.1833,34.6368],[134.1868,34.6317],[134.1795,34.6303],[134.1752,34.6235],[134.1718,34.6171],[134.1648,34.614],[134.1589,34.6168],[134.1472,34.6169],[134.1454,34.6105],[134.1384,34.6113],[134.1338,34.6078],[134.1375,34.6003],[134.1279,34.5981],[134.1218,34.5931],[134.1117,34.5884],[134.1045,34.5896],[134.0997,34.5865],[134.0859,34.5805],[134.0797,34.5863],[134.0692,34.5844],[134.0592,34.5851],[134.0538,34.5865],[134.0532,34.5952],[134.057,34.6029],[134.0627,34.6048],[134.053,34.6039],[134.047,34.5977],[134.0423,34.6077],[134.0318,34.609],[134.0208,34.6088],[133.9968,34.6133],[133.9905,34.6112],[133.9832,34.6079],[133.9841,34.6029],[133.9749,34.6019],[133.9679,34.5995],[133.9566,34.5968],[133.9518,34.6023],[133.9455,34.5989],[133.9491,34.5945],[133.9552,34.5865],[133.9594,34.5837],[133.9722,34.5942],[133.9829,34.5949],[133.9905,34.5935],[133.9968,34.5944],[134.0098,34.5971],[134.025,34.599],[134.0329,34.5973],[134.0342,34.5906],[134.0402,34.5865],[134.0437,34.5779],[134.0335,34.5739],[134.0294,34.5638],[134.0331,34.5583],[134.0281,34.5537],[134.0213,34.55],[134.0178,34.5443],[134.0147,34.5501],[134.0048,34.5465],[133.9968,34.5375],[133.9953,34.5326],[133.9998,34.53],[133.9948,34.5257],[133.9988,34.5195],[134.0057,34.5169],[134.003,34.5123],[133.9968,34.5175],[133.9866,34.5307],[133.9763,34.5339],[133.9707,34.5307],[133.9594,34.5243],[133.9619,34.5189],[133.9567,34.5159],[133.9613,34.5135],[133.9571,34.5067],[133.9614,34.4999],[133.9634,34.4953],[133.9551,34.4933],[133.9498,34.4931],[133.9488,34.4867],[133.938,34.4813],[133.9386,34.4753],[133.9405,34.4654],[133.9428,34.4559],[133.9363,34.4523],[133.9265,34.4569],[133.9195,34.4501],[133.9133,34.4525],[133.8976,34.457],[133.8795,34.4566],[133.8718,34.4634],[133.8625,34.4673],[133.8518,34.4698],[133.8414,34.469],[133.8362,34.4711],[133.8295,34.473],[133.8183,34.4691],[133.8122,34.4623],[133.8098,34.4507],[133.8108,34.4417],[133.8162,34.4373],[133.8218,34.4297],[133.8141,34.4316],[133.8047,34.4363],[133.7961,34.4361],[133.7912,34.4395],[133.7873,34.4356],[133.7828,34.4381],[133.7802,34.4449],[133.7703,34.4567],[133.7724,34.4628],[133.7661,34.4724],[133.7591,34.4703],[133.7583,34.4757],[133.7591,34.486],[133.7478,34.4894],[133.7422,34.5032],[133.7445,34.5109],[133.7393,34.5159],[133.7383,34.525],[133.7362,34.5125],[133.7344,34.5032],[133.7292,34.4985],[133.7221,34.5006],[133.7184,34.4963],[133.7365,34.4905],[133.7428,34.4705],[133.7326,34.4745],[133.7263,34.4764],[133.7199,34.4742],[133.7034,34.4779],[133.7042,34.5032],[133.7049,34.5161],[133.7032,34.5401],[133.6908,34.5403],[133.6903,34.5228],[133.6803,34.5249],[133.6902,34.5197],[133.69,34.5123],[133.6841,34.5118],[133.6702,34.5077],[133.6752,34.5147],[133.6693,34.5177],[133.659,34.5205],[133.6556,34.5161],[133.6474,34.5121],[133.6474,34.5047],[133.6402,34.5049],[133.6346,34.5025],[133.6248,34.5009],[133.6218,34.4949],[133.6174,34.4917],[133.6032,34.495],[133.5973,34.4925],[133.5889,34.4833],[133.5961,34.4757],[133.6012,34.4737],[133.5939,34.4695],[133.5782,34.4705],[133.5727,34.4659],[133.5609,34.4682],[133.5537,34.4647],[133.5404,34.4615],[133.5309,34.4698],[133.5289,34.4771],[133.5239,34.4788],[133.518,34.4801],[133.5157,34.4896],[133.5077,34.497],[133.5029,34.5032],[133.497,34.5032],[133.4891,34.5125],[133.489,34.5071],[133.4941,34.5032],[133.501,34.4983],[133.5156,34.4789],[133.5214,34.4721],[133.5273,34.4689],[133.5242,34.4603],[133.5269,34.4547],[133.5146,34.4491],[133.5092,34.4517],[133.5013,34.4514],[133.4968,34.4477],[133.4893,34.4416],[133.4814,34.4422],[133.4738,34.4414],[133.4733,34.4501],[133.4819,34.4549],[133.4897,34.4589],[133.4838,34.4659],[133.4672,34.4571],[133.4628,34.4597],[133.4558,34.4598],[133.456,34.4706],[133.4548,34.4773],[133.4487,34.4775],[133.4482,34.4871],[133.4543,34.4944],[133.455,34.5032],[133.4455,34.5057],[133.446,34.5116],[133.4471,34.5188],[133.453,34.5299],[133.4527,34.5351],[133.4481,34.5398],[133.4458,34.5496],[133.4453,34.5551],[133.4354,34.5647],[133.4263,34.5704],[133.4243,34.5758],[133.4216,34.5865],[133.4134,34.5867],[133.4068,34.5893],[133.3965,34.5954],[133.396,34.6023],[133.392,34.6081],[133.3858,34.6161],[133.3829,34.6215],[133.3857,34.6259],[133.391,34.6322],[133.3884,34.6402],[133.3914,34.6497],[133.3961,34.6529],[133.3995,34.662],[133.4018,34.6699],[133.3967,34.6754],[133.3916,34.6757],[133.3826,34.6799],[133.3826,34.6894],[133.3752,34.6946],[133.3733,34.6997],[133.3718,34.7047],[133.3699,34.7117],[133.3692,34.7177],[133.3692,34.7228],[133.3621,34.7266],[133.3576,34.7333],[133.369,34.7443],[133.3675,34.7524],[133.3613,34.7556],[133.3669,34.7613],[133.3652,34.7685],[133.3668,34.7744],[133.3718,34.7801],[133.3698,34.7887],[133.3758,34.7967],[133.3778,34.8051],[133.3745,34.8126],[133.3672,34.8191],[133.3592,34.8199],[133.3528,34.8297],[133.3473,34.8319],[133.3368,34.8346],[133.3323,34.8396],[133.3349,34.8447],[133.3304,34.8502],[133.3301,34.8559],[133.3226,34.8591],[133.3234,34.8645],[133.3161,34.8673],[133.3102,34.8737],[133.3062,34.8783],[133.3031,34.8834],[133.2972,34.8895],[133.296,34.8947],[133.2944,34.9028],[133.297,34.9089],[133.3023,34.913],[133.3042,34.9199],[133.3016,34.928],[133.3089,34.9371],[133.2967,34.9554],[133.301,34.9629],[133.3031,34.9715],[133.3081,34.9745],[133.3128,34.9795],[133.3168,34.9831],[133.3203,34.9867],[133.3192,34.9961],[133.3204,35.0032],[133.3161,35.011],[133.3105,35.0139],[133.3044,35.0152],[133.2964,35.0251],[133.2922,35.033],[133.2854,35.0395],[133.2764,35.0439],[133.2667,35.0519],[133.2684,35.0578],[133.2773,35.0663],[133.2839,35.0661],[133.2904,35.0717],[133.2882,35.0775],[133.2894,35.0857],[133.2884,35.0917],[133.2902,35.0995],[133.2989,35.1035],[133.3035,35.0997],[133.3106,35.0967],[133.3164,35.0963],[133.3208,35.0938],[133.3261,35.0944],[133.3324,35.0999],[133.3383,35.1067],[133.3489,35.1046],[133.3546,35.1009],[133.3606,35.1048],[133.3674,35.1105],[133.3828,35.1147],[133.3883,35.1131],[133.4016,35.1144],[133.4084,35.12],[133.4108,35.1353],[133.4085,35.1408],[133.4042,35.1446],[133.4023,35.1513],[133.3997,35.1558],[133.3974,35.1649],[133.3926,35.1685],[133.3958,35.173],[133.3965,35.1809],[133.4025,35.1825],[133.4078,35.1856],[133.4159,35.184],[133.4206,35.1791],[133.4281,35.1773],[133.4392,35.1733],[133.4464,35.1722],[133.4562,35.1735],[133.4603,35.1778],[133.4702,35.1775],[133.4744,35.182],[133.4823,35.183],[133.4862,35.1867],[133.4916,35.1875],[133.501,35.1927],[133.5078,35.1925],[133.5122,35.1898],[133.5204,35.1821],[133.5279,35.1881],[133.5256,35.1931],[133.5223,35.1989],[133.5211,35.2073],[133.5185,35.2137],[133.5143,35.2208],[133.5093,35.2231],[133.5053,35.2286],[133.5075,35.2331],[133.5143,35.2365],[133.5173,35.2406],[133.5263,35.2385],[133.5365,35.2379],[133.5417,35.2424],[133.5485,35.2433],[133.5549,35.2425],[133.5592,35.2464],[133.5617,35.2532],[133.5672,35.2599],[133.5674,35.2687],[133.5711,35.2733],[133.5684,35.2777],[133.5716,35.2822],[133.5706,35.2875],[133.5768,35.2987],[133.5773,35.3154],[133.5858,35.3237],[133.5889,35.3281],[133.5918,35.3323],[133.5947,35.343],[133.6038,35.3427],[133.6095,35.3415],[133.6218,35.3369],[133.6337,35.3394],[133.6387,35.3383],[133.65,35.3359],[133.6576,35.3291],[133.6686,35.323],[133.6782,35.3188],[133.6914,35.3205],[133.6971,35.3265],[133.7052,35.3244],[133.7108,35.3242],[133.72,35.3192],[133.7285,35.3169],[133.7358,35.3185],[133.7419,35.3167],[133.7513,35.3111],[133.7565,35.3083],[133.7618,35.3111],[133.7679,35.307],[133.7756,35.2995],[133.7819,35.2977],[133.7894,35.2973],[133.7942,35.2933],[133.7997,35.2907],[133.809,35.2745],[133.8155,35.2629],[133.8173,35.2562],[133.8308,35.2489],[133.8396,35.2507],[133.8523,35.2643],[133.8592,35.2697],[133.8651,35.2731],[133.8637,35.278],[133.8647,35.2835],[133.8603,35.2877],[133.8627,35.293],[133.8718,35.2933],[133.8776,35.295],[133.8841,35.296],[133.892,35.3001],[133.8965,35.3023],[133.9063,35.3053],[133.9192,35.3072],[133.9249,35.3075],[133.9314,35.3182],[133.9275,35.3228],[133.9316,35.3338],[133.9367,35.3355],[133.9425,35.334],[133.9505,35.3365],[133.9595,35.3441],[133.9706,35.3476],[133.9796,35.344],[133.9901,35.3485],[133.9968,35.3528],[134.0084,35.3505],[134.0136,35.35],[134.0142,35.3504]]]]}},{"type":"Feature","properties":{"nam":"Fukuoka Ken","nam_ja":"\u798f\u5ca1\u770c","id":40},"geometry":{"type":"MultiPolygon","coordinates":[[[[130.6724,33.9187],[130.6804,33.9234],[130.6846,33.9319],[130.6812,33.9367],[130.6861,33.9349],[130.6926,33.9361],[130.6981,33.9387],[130.7036,33.9382],[130.7116,33.9384],[130.7211,33.9349],[130.7277,33.9352],[130.7276,33.9297],[130.7371,33.9263],[130.7384,33.9318],[130.7463,33.9318],[130.7449,33.9252],[130.7517,33.9297],[130.7527,33.9455],[130.769,33.9472],[130.7689,33.9403],[130.7602,33.9395],[130.7601,33.9338],[130.7691,33.9338],[130.7579,33.9248],[130.752,33.9257],[130.7734,33.9269],[130.7767,33.9342],[130.8062,33.9305],[130.8116,33.9263],[130.8177,33.9229],[130.8165,33.9169],[130.8095,33.9179],[130.8053,33.9127],[130.8123,33.9143],[130.8144,33.9033],[130.7968,33.8909],[130.783,33.8906],[130.7762,33.8899],[130.7698,33.889],[130.7809,33.8881],[130.7526,33.8781],[130.7468,33.8844],[130.7467,33.8765],[130.7404,33.8749],[130.7468,33.8749],[130.7721,33.8795],[130.7815,33.882],[130.7787,33.8771],[130.784,33.8826],[130.795,33.8851],[130.8017,33.8913],[130.804,33.8817],[130.7988,33.8739],[130.8071,33.8776],[130.806,33.8848],[130.8048,33.8915],[130.8153,33.8973],[130.8201,33.9026],[130.823,33.9067],[130.8233,33.9199],[130.8425,33.9273],[130.8543,33.9295],[130.8569,33.9244],[130.8491,33.9199],[130.8497,33.9149],[130.8638,33.9199],[130.8685,33.9181],[130.8492,33.9098],[130.8505,33.9049],[130.8561,33.9066],[130.862,33.9123],[130.8718,33.9153],[130.8785,33.9093],[130.8832,33.9053],[130.8718,33.9],[130.8662,33.9007],[130.863,33.8955],[130.8718,33.8956],[130.8868,33.9021],[130.8924,33.8961],[130.8832,33.896],[130.8769,33.8901],[130.8917,33.8932],[130.887,33.8885],[130.8937,33.8917],[130.8998,33.8941],[130.9048,33.8942],[130.9142,33.8958],[130.9197,33.8975],[130.9297,33.9069],[130.9369,33.9199],[130.9409,33.9269],[130.9449,33.9378],[130.9524,33.9415],[130.9565,33.9455],[130.9614,33.9475],[130.9612,33.9538],[130.9621,33.962],[130.9679,33.9615],[130.9748,33.9579],[130.9912,33.9623],[130.9968,33.9667],[131.0069,33.968],[131,33.9643],[131.0053,33.9623],[131.0096,33.9658],[131.0191,33.9629],[131.0172,33.9499],[131.0211,33.9429],[131.0135,33.9415],[131.0089,33.9394],[131.0097,33.9313],[131.0011,33.925],[131.0066,33.9225],[131.013,33.9199],[131.0057,33.9151],[131.0022,33.9073],[130.9968,33.9065],[130.9871,33.9002],[130.9881,33.8927],[130.9968,33.8927],[131.003,33.8894],[130.9988,33.8735],[130.993,33.8782],[130.9941,33.8845],[130.9888,33.8819],[130.986,33.8721],[130.9813,33.8671],[130.9878,33.8687],[130.9968,33.8683],[130.9926,33.8509],[130.9877,33.8547],[130.9826,33.8467],[130.9766,33.8444],[130.9767,33.8391],[130.9667,33.8365],[130.9596,33.839],[130.9567,33.8301],[130.9658,33.8094],[130.978,33.8116],[130.9826,33.8086],[130.9968,33.8146],[131.004,33.8064],[130.9979,33.8071],[130.9993,33.8005],[130.9915,33.7975],[130.9864,33.7913],[130.9817,33.7844],[130.9927,33.7947],[130.9992,33.7931],[131.0028,33.7833],[130.9968,33.7771],[130.9913,33.7734],[130.9968,33.7737],[131.0106,33.7775],[131.0169,33.7681],[130.9997,33.7572],[131.0032,33.7498],[131.0074,33.7439],[131.0117,33.751],[131.0176,33.7471],[131.0164,33.7417],[131.0138,33.7344],[131.0193,33.7313],[131.0253,33.7144],[131.0332,33.7015],[131.0393,33.691],[131.045,33.6885],[131.0553,33.69],[131.0494,33.6859],[131.054,33.6813],[131.062,33.6699],[131.0655,33.6577],[131.0707,33.6563],[131.0797,33.6477],[131.0827,33.6359],[131.0925,33.6287],[131.093,33.6235],[131.0987,33.6187],[131.107,33.6168],[131.1072,33.6238],[131.1126,33.6238],[131.1123,33.6177],[131.1142,33.6303],[131.1201,33.6302],[131.1249,33.6244],[131.1311,33.6231],[131.1264,33.6311],[131.1385,33.6259],[131.1485,33.6227],[131.1601,33.6168],[131.1654,33.6169],[131.178,33.6197],[131.1845,33.6162],[131.1783,33.607],[131.1771,33.5992],[131.1752,33.5931],[131.1719,33.5883],[131.1733,33.5766],[131.1832,33.5687],[131.1887,33.5627],[131.1872,33.5462],[131.1768,33.5353],[131.1657,33.5284],[131.1673,33.5157],[131.1747,33.5109],[131.169,33.5049],[131.1626,33.5082],[131.1543,33.5068],[131.1463,33.5055],[131.1318,33.5056],[131.1218,33.502],[131.1152,33.5032],[131.106,33.5075],[131.0973,33.5046],[131.0873,33.5065],[131.0738,33.5059],[131.0667,33.509],[131.0538,33.508],[131.0471,33.5109],[131.0415,33.5134],[131.0356,33.5182],[131.0294,33.5184],[131.025,33.5131],[131.015,33.5098],[131.0022,33.5122],[130.9971,33.5101],[130.9891,33.5091],[130.9808,33.5077],[130.9737,33.5055],[130.9634,33.4983],[130.9602,33.4933],[130.9491,33.4876],[130.9438,33.4863],[130.9312,33.4795],[130.9254,33.4779],[130.928,33.4664],[130.9254,33.4575],[130.917,33.4554],[130.911,33.4507],[130.8993,33.4491],[130.8945,33.4462],[130.8966,33.4383],[130.8909,33.4299],[130.8915,33.4199],[130.891,33.4065],[130.8843,33.3908],[130.8855,33.3798],[130.8799,33.3784],[130.8718,33.3777],[130.8638,33.3773],[130.859,33.373],[130.8609,33.3628],[130.8507,33.3553],[130.844,33.3513],[130.8345,33.3435],[130.8413,33.3365],[130.8499,33.3365],[130.8563,33.327],[130.8605,33.3096],[130.8613,33.3033],[130.8654,33.2929],[130.8587,33.2862],[130.8517,33.2782],[130.8597,33.2673],[130.867,33.2675],[130.8655,33.2619],[130.855,33.2621],[130.8489,33.2605],[130.8387,33.2574],[130.8292,33.2576],[130.824,33.2533],[130.8254,33.2472],[130.8253,33.2374],[130.841,33.233],[130.8577,33.2298],[130.8474,33.2232],[130.8435,33.22],[130.8357,33.2114],[130.8438,33.2058],[130.8563,33.1985],[130.8626,33.1936],[130.8718,33.1915],[130.8865,33.1867],[130.8849,33.1761],[130.8771,33.1737],[130.8736,33.1668],[130.8786,33.1527],[130.8718,33.1486],[130.8639,33.1251],[130.8595,33.1219],[130.8525,33.1093],[130.8453,33.1077],[130.8389,33.1039],[130.8293,33.1057],[130.8195,33.1065],[130.8167,33.114],[130.8116,33.1159],[130.7921,33.1229],[130.7867,33.1235],[130.7782,33.1237],[130.7708,33.1245],[130.7622,33.1328],[130.7559,33.1323],[130.7533,33.1366],[130.7468,33.1404],[130.7381,33.1451],[130.7338,33.1528],[130.7221,33.1517],[130.7118,33.1549],[130.7069,33.1511],[130.7022,33.1529],[130.6931,33.152],[130.6922,33.1599],[130.6875,33.165],[130.6816,33.1699],[130.6777,33.1651],[130.6718,33.1603],[130.6668,33.1571],[130.6658,33.1455],[130.6676,33.1381],[130.6606,33.1301],[130.6588,33.1157],[130.6588,33.1101],[130.6513,33.1101],[130.6445,33.1111],[130.6393,33.1133],[130.6326,33.1132],[130.6218,33.1112],[130.6159,33.1091],[130.6091,33.1093],[130.6019,33.1141],[130.5949,33.1136],[130.5883,33.1147],[130.5797,33.1157],[130.5748,33.1133],[130.5703,33.1074],[130.5609,33.104],[130.5603,33.0981],[130.5625,33.0933],[130.565,33.0872],[130.5567,33.0858],[130.5521,33.0833],[130.5476,33.0809],[130.5411,33.0821],[130.5362,33.0793],[130.5339,33.0737],[130.5307,33.0643],[130.5259,33.0659],[130.5175,33.0654],[130.5132,33.0628],[130.5054,33.0587],[130.4968,33.0522],[130.4968,33.0449],[130.5024,33.0386],[130.5035,33.0275],[130.5082,33.0233],[130.5151,33.0121],[130.512,33.0075],[130.507,33.0063],[130.4968,33.0057],[130.4871,33.0032],[130.4817,33.0032],[130.4594,33.0032],[130.4411,33.0032],[130.4303,33.0051],[130.417,33.0032],[130.4072,33.0032],[130.3957,33.0005],[130.4085,33.0092],[130.4163,33.0074],[130.4193,33.0131],[130.4133,33.0165],[130.4085,33.0105],[130.4068,33.0159],[130.4211,33.0285],[130.4195,33.0336],[130.4275,33.0355],[130.4186,33.0356],[130.4214,33.0501],[130.4165,33.0717],[130.4127,33.0799],[130.41,33.0859],[130.3871,33.0951],[130.3936,33.103],[130.3961,33.108],[130.3718,33.1207],[130.3756,33.1287],[130.3728,33.135],[130.3683,33.1397],[130.3549,33.1404],[130.3551,33.1467],[130.3511,33.1699],[130.3524,33.1803],[130.346,33.1821],[130.3406,33.1883],[130.3386,33.2033],[130.3418,33.2081],[130.3532,33.2089],[130.3598,33.2135],[130.3718,33.2191],[130.3782,33.2289],[130.3718,33.2337],[130.3713,33.243],[130.377,33.2423],[130.3843,33.2403],[130.3897,33.2461],[130.3885,33.2532],[130.3907,33.2599],[130.3983,33.2595],[130.4,33.2532],[130.4075,33.2492],[130.4146,33.2532],[130.4177,33.2593],[130.4166,33.2681],[130.425,33.2709],[130.4295,33.2836],[130.4258,33.2889],[130.431,33.2925],[130.4365,33.29],[130.4356,33.2813],[130.4349,33.2725],[130.4396,33.2649],[130.4489,33.265],[130.4471,33.2755],[130.4526,33.2831],[130.465,33.2851],[130.4548,33.2942],[130.4554,33.3017],[130.482,33.3049],[130.4863,33.3123],[130.4879,33.3181],[130.4763,33.3254],[130.479,33.3307],[130.4839,33.3328],[130.4968,33.3259],[130.5033,33.3291],[130.5053,33.3365],[130.5098,33.3438],[130.5159,33.3418],[130.5249,33.34],[130.5319,33.3459],[130.5365,33.3519],[130.541,33.3663],[130.5408,33.3941],[130.5401,33.4199],[130.5351,33.4359],[130.5321,33.4415],[130.5267,33.4434],[130.5183,33.4459],[130.5116,33.4493],[130.5087,33.4438],[130.4968,33.4448],[130.4907,33.4405],[130.4799,33.4365],[130.4613,33.428],[130.4573,33.4199],[130.4489,33.4187],[130.444,33.4173],[130.4401,33.4121],[130.4362,33.4049],[130.4294,33.3974],[130.4236,33.3982],[130.4189,33.4006],[130.4128,33.3979],[130.4077,33.3974],[130.4076,33.4025],[130.4144,33.4103],[130.4043,33.416],[130.3985,33.4215],[130.3953,33.4273],[130.3903,33.426],[130.3774,33.4249],[130.3718,33.4313],[130.3684,33.4358],[130.3636,33.4342],[130.3571,33.4336],[130.3448,33.4447],[130.337,33.4449],[130.3207,33.4579],[130.314,33.4583],[130.3058,33.4627],[130.2975,33.4624],[130.289,33.4695],[130.2806,33.4747],[130.2766,33.4783],[130.2712,33.4793],[130.2592,33.4767],[130.2525,33.4719],[130.2468,33.4707],[130.2382,33.4742],[130.233,33.4782],[130.2272,33.4772],[130.221,33.4776],[130.2057,33.4812],[130.198,33.4811],[130.1927,33.4761],[130.1877,33.4719],[130.1839,33.4675],[130.1748,33.4663],[130.1679,33.4675],[130.1633,33.4701],[130.1597,33.4745],[130.15,33.4774],[130.1429,33.4742],[130.1384,33.4705],[130.1305,33.4745],[130.1218,33.4754],[130.1134,33.4752],[130.107,33.4776],[130.0997,33.4706],[130.0875,33.4689],[130.0779,33.4688],[130.0679,33.472],[130.0628,33.471],[130.0507,33.4689],[130.0449,33.4677],[130.0387,33.4697],[130.0445,33.4835],[130.0486,33.4883],[130.0447,33.4937],[130.0586,33.4973],[130.065,33.5003],[130.0757,33.5032],[130.0823,33.5072],[130.0871,33.5049],[130.0972,33.5091],[130.0996,33.5157],[130.1054,33.5097],[130.1121,33.5083],[130.1218,33.5088],[130.1286,33.5126],[130.1327,33.5215],[130.1236,33.5251],[130.1296,33.5289],[130.1417,33.5338],[130.1506,33.5369],[130.1536,33.5427],[130.1579,33.5471],[130.1645,33.5558],[130.1635,33.5607],[130.1548,33.5599],[130.1494,33.5545],[130.1446,33.5515],[130.137,33.5541],[130.1281,33.5569],[130.1218,33.552],[130.1157,33.5469],[130.1218,33.5598],[130.1319,33.5589],[130.1342,33.5661],[130.1276,33.5699],[130.1218,33.5739],[130.1109,33.5715],[130.1062,33.568],[130.1011,33.5643],[130.0961,33.5746],[130.0868,33.5782],[130.0885,33.5836],[130.0996,33.5865],[130.1083,33.5865],[130.1063,33.5965],[130.1218,33.59],[130.13,33.5901],[130.1459,33.5953],[130.1595,33.608],[130.1601,33.6143],[130.154,33.6195],[130.1561,33.6283],[130.1666,33.6324],[130.1725,33.6297],[130.179,33.6328],[130.1969,33.6398],[130.2002,33.6455],[130.208,33.6494],[130.2056,33.6645],[130.2219,33.6588],[130.2286,33.6556],[130.2351,33.6496],[130.2338,33.6435],[130.2283,33.6385],[130.2239,33.635],[130.2279,33.6265],[130.2296,33.6215],[130.231,33.6165],[130.2468,33.6113],[130.2536,33.6107],[130.2648,33.6122],[130.2725,33.6115],[130.2744,33.605],[130.2716,33.6003],[130.2669,33.5947],[130.266,33.5865],[130.2705,33.5833],[130.276,33.5816],[130.2826,33.5811],[130.2894,33.5817],[130.2964,33.5814],[130.3049,33.585],[130.3111,33.5908],[130.3103,33.5975],[130.3219,33.5988],[130.3259,33.5939],[130.329,33.5986],[130.3368,33.5965],[130.3453,33.5961],[130.3553,33.5972],[130.3633,33.6001],[130.3692,33.6003],[130.3768,33.6046],[130.3822,33.5968],[130.3872,33.5947],[130.3924,33.5971],[130.3871,33.5987],[130.3839,33.6074],[130.3892,33.6096],[130.3937,33.6023],[130.3987,33.6005],[130.3958,33.6051],[130.3952,33.6101],[130.405,33.6081],[130.399,33.6151],[130.4037,33.6194],[130.4134,33.6171],[130.4028,33.6228],[130.4045,33.6289],[130.4088,33.6329],[130.4034,33.6344],[130.4065,33.6423],[130.4143,33.6382],[130.4101,33.6426],[130.4199,33.6411],[130.4211,33.6474],[130.4148,33.6489],[130.4054,33.6499],[130.413,33.6558],[130.4248,33.6607],[130.432,33.6589],[130.4327,33.6658],[130.4282,33.6699],[130.4244,33.6753],[130.4315,33.6793],[130.4312,33.6844],[130.422,33.687],[130.417,33.6863],[130.4066,33.6834],[130.4021,33.6805],[130.4069,33.6769],[130.3931,33.6699],[130.3718,33.6661],[130.3636,33.6606],[130.3581,33.652],[130.3602,33.6449],[130.3509,33.6465],[130.3391,33.6518],[130.3336,33.6499],[130.3266,33.6579],[130.3129,33.6623],[130.3083,33.6597],[130.3001,33.6601],[130.2953,33.6631],[130.29,33.6699],[130.2884,33.6765],[130.2892,33.6864],[130.2969,33.6891],[130.303,33.6874],[130.3128,33.6699],[130.3216,33.6603],[130.3371,33.6603],[130.3481,33.6632],[130.368,33.6699],[130.3954,33.685],[130.4047,33.6937],[130.4158,33.7049],[130.4171,33.7125],[130.4202,33.7185],[130.4257,33.7153],[130.4463,33.725],[130.4561,33.7349],[130.4663,33.7532],[130.4682,33.7659],[130.47,33.7739],[130.4671,33.7833],[130.4608,33.788],[130.4496,33.7849],[130.4461,33.7906],[130.4494,33.799],[130.447,33.8072],[130.4434,33.8146],[130.4495,33.8123],[130.4576,33.8103],[130.4628,33.8107],[130.4723,33.8183],[130.4798,33.8365],[130.4813,33.8469],[130.4765,33.8578],[130.4818,33.8532],[130.4968,33.8521],[130.5164,33.8601],[130.5261,33.8705],[130.529,33.8827],[130.5236,33.8895],[130.5371,33.8874],[130.5421,33.8891],[130.5538,33.8904],[130.5637,33.8907],[130.5645,33.8855],[130.5687,33.88],[130.5863,33.8779],[130.5923,33.8779],[130.6218,33.8819],[130.6348,33.8854],[130.6523,33.8933],[130.6599,33.8996],[130.6645,33.8957],[130.6617,33.9019],[130.6565,33.9093],[130.6635,33.9111],[130.6614,33.9163],[130.6673,33.9187],[130.6724,33.9187]]]]}},{"type":"Feature","properties":{"nam":"Gifu Ken","nam_ja":"\u5c90\u961c\u770c","id":21},"geometry":{"type":"Polygon","coordinates":[[[137.0582,36.3721],[137.0639,36.3752],[137.0708,36.3791],[137.0787,36.3845],[137.0911,36.3833],[137.0943,36.3934],[137.0966,36.399],[137.1018,36.3995],[137.1065,36.4059],[137.1111,36.4152],[137.116,36.4167],[137.121,36.4169],[137.1298,36.4294],[137.1335,36.4349],[137.1389,36.4381],[137.1428,36.4441],[137.1548,36.4494],[137.1607,36.4567],[137.1653,36.4547],[137.1754,36.4504],[137.1822,36.4526],[137.1915,36.4553],[137.1939,36.4473],[137.2051,36.4343],[137.2065,36.4279],[137.2135,36.4307],[137.214,36.4391],[137.2193,36.4394],[137.2237,36.4442],[137.2323,36.4452],[137.2391,36.4518],[137.2463,36.4614],[137.2567,36.4517],[137.2632,36.4565],[137.2669,36.4602],[137.2789,36.4651],[137.287,36.4617],[137.2992,36.4587],[137.3085,36.4639],[137.3154,36.4613],[137.3165,36.4505],[137.3129,36.4433],[137.3079,36.4387],[137.3079,36.4318],[137.3135,36.4251],[137.32,36.4253],[137.3263,36.4285],[137.3314,36.4305],[137.3391,36.4337],[137.3453,36.4337],[137.3524,36.435],[137.3587,36.4375],[137.3582,36.4451],[137.3626,36.4503],[137.3718,36.4536],[137.3778,36.4529],[137.3851,36.4562],[137.3949,36.4548],[137.3948,36.4488],[137.3962,36.4359],[137.4058,36.4263],[137.4117,36.4251],[137.4177,36.4251],[137.423,36.4229],[137.4348,36.4208],[137.443,36.4144],[137.4497,36.4165],[137.461,36.4125],[137.47,36.4192],[137.4748,36.4254],[137.4912,36.4236],[137.4968,36.4262],[137.5052,36.4248],[137.5116,36.4233],[137.5172,36.4094],[137.5216,36.4059],[137.5278,36.4035],[137.5398,36.3926],[137.5472,36.3904],[137.5606,36.3881],[137.5717,36.3899],[137.5803,36.3915],[137.5873,36.3899],[137.587,36.3737],[137.5948,36.3689],[137.6098,36.3667],[137.6182,36.3651],[137.6218,36.3603],[137.627,36.3525],[137.6359,36.3425],[137.6455,36.3414],[137.6474,36.33],[137.6507,36.3215],[137.6491,36.3082],[137.6528,36.3045],[137.6467,36.2961],[137.6467,36.2889],[137.6314,36.2803],[137.6263,36.2745],[137.6218,36.2687],[137.6167,36.2649],[137.6107,36.2564],[137.6065,36.2532],[137.5964,36.2431],[137.5937,36.2364],[137.5895,36.2294],[137.5833,36.2272],[137.5833,36.2209],[137.5774,36.2193],[137.5752,36.2131],[137.5762,36.2032],[137.5808,36.1953],[137.5916,36.1917],[137.5909,36.1841],[137.5947,36.1719],[137.5896,36.1635],[137.5792,36.1599],[137.5676,36.1536],[137.5667,36.1469],[137.5592,36.1439],[137.555,36.1403],[137.5577,36.1322],[137.5557,36.1175],[137.551,36.1098],[137.5587,36.1033],[137.565,36.0973],[137.5742,36.0873],[137.5792,36.085],[137.5947,36.0789],[137.6118,36.0777],[137.6109,36.0699],[137.6128,36.0643],[137.6107,36.058],[137.6066,36.0547],[137.6042,36.0483],[137.5976,36.0421],[137.5991,36.0272],[137.5946,36.0134],[137.5881,36.0056],[137.5756,35.9965],[137.569,35.9957],[137.5594,35.9893],[137.5494,35.9861],[137.5431,35.9825],[137.5443,35.974],[137.5418,35.9679],[137.5322,35.9613],[137.524,35.9436],[137.5176,35.94],[137.5054,35.9406],[137.5009,35.9361],[137.4968,35.9282],[137.4913,35.923],[137.4864,35.9174],[137.4839,35.9094],[137.481,35.9051],[137.4804,35.8982],[137.476,35.8951],[137.4648,35.8918],[137.4596,35.8895],[137.4466,35.8942],[137.4391,35.9],[137.4364,35.9051],[137.4232,35.9035],[137.4173,35.9037],[137.4037,35.8979],[137.3802,35.8919],[137.3732,35.8847],[137.3646,35.8782],[137.3679,35.8739],[137.3671,35.8615],[137.3623,35.8489],[137.3554,35.8425],[137.3354,35.8439],[137.3311,35.8375],[137.3284,35.8268],[137.3282,35.8217],[137.3255,35.8157],[137.3322,35.8081],[137.3344,35.8036],[137.3376,35.7981],[137.3473,35.8001],[137.3538,35.8013],[137.3602,35.796],[137.3672,35.7991],[137.3809,35.8013],[137.3877,35.799],[137.394,35.7971],[137.3965,35.7854],[137.391,35.7801],[137.3984,35.7758],[137.4136,35.7767],[137.4215,35.7739],[137.4283,35.7711],[137.4341,35.7706],[137.4352,35.7655],[137.4402,35.7585],[137.45,35.7595],[137.4589,35.7613],[137.4645,35.7553],[137.4673,35.7462],[137.475,35.7322],[137.4805,35.7263],[137.4855,35.7235],[137.4874,35.7165],[137.4853,35.7079],[137.4914,35.7027],[137.4968,35.6985],[137.4982,35.6873],[137.5073,35.6823],[137.5149,35.6775],[137.5209,35.6763],[137.5249,35.6713],[137.5351,35.6648],[137.5386,35.6587],[137.545,35.6499],[137.5394,35.6468],[137.5396,35.6404],[137.5322,35.6379],[137.5261,35.6336],[137.5268,35.6283],[137.5212,35.6193],[137.5162,35.6161],[137.5145,35.6071],[137.5193,35.6029],[137.5318,35.5919],[137.5368,35.5865],[137.5438,35.5865],[137.5524,35.5869],[137.5662,35.5853],[137.571,35.5835],[137.5688,35.5753],[137.565,35.5693],[137.5719,35.5612],[137.5715,35.5535],[137.5742,35.5465],[137.5818,35.5387],[137.5882,35.5371],[137.595,35.5339],[137.6012,35.5316],[137.6079,35.5332],[137.6173,35.5263],[137.6208,35.5209],[137.6274,35.5119],[137.6317,35.5091],[137.6273,35.5032],[137.627,35.4845],[137.6308,35.4763],[137.6314,35.4699],[137.6221,35.4673],[137.6144,35.4631],[137.6077,35.4581],[137.5933,35.4467],[137.6014,35.4393],[137.6087,35.4371],[137.6175,35.4265],[137.6197,35.4155],[137.6318,35.4104],[137.6348,35.4017],[137.6218,35.3938],[137.6165,35.3919],[137.6037,35.3937],[137.5943,35.3947],[137.5756,35.4003],[137.5784,35.3901],[137.5864,35.3886],[137.592,35.3837],[137.5983,35.3781],[137.5988,35.3647],[137.6019,35.3578],[137.6002,35.3506],[137.6015,35.3412],[137.604,35.3365],[137.6009,35.3308],[137.5904,35.33],[137.584,35.3221],[137.5773,35.3187],[137.5714,35.3183],[137.5672,35.3143],[137.5619,35.3108],[137.5569,35.3101],[137.5585,35.3003],[137.5566,35.2952],[137.5618,35.2893],[137.5615,35.2839],[137.5533,35.2839],[137.5448,35.2812],[137.5397,35.2816],[137.534,35.2815],[137.526,35.2843],[137.5196,35.2831],[137.5207,35.2739],[137.5145,35.2735],[137.5072,35.2665],[137.4968,35.2642],[137.4968,35.2592],[137.4835,35.2569],[137.476,35.2532],[137.4699,35.2459],[137.4625,35.2418],[137.4542,35.2405],[137.4503,35.2351],[137.4422,35.2337],[137.4365,35.2258],[137.4297,35.2228],[137.417,35.2402],[137.4089,35.2349],[137.4044,35.2383],[137.3892,35.24],[137.3851,35.2438],[137.3859,35.2532],[137.3832,35.2601],[137.3784,35.2586],[137.3718,35.2631],[137.3642,35.2608],[137.3516,35.2579],[137.3443,35.2578],[137.3401,35.264],[137.3454,35.2694],[137.3388,35.2756],[137.3313,35.2775],[137.3271,35.2806],[137.3112,35.2877],[137.3046,35.29],[137.2967,35.2894],[137.283,35.2882],[137.2756,35.2905],[137.27,35.2864],[137.2626,35.2851],[137.2602,35.2801],[137.2573,35.2727],[137.2514,35.2697],[137.2421,35.2647],[137.2371,35.2653],[137.2325,35.2609],[137.2224,35.2557],[137.2134,35.2599],[137.2071,35.2532],[137.2007,35.2519],[137.1941,35.2535],[137.1858,35.2532],[137.1778,35.2591],[137.1753,35.2637],[137.1735,35.2734],[137.1652,35.2825],[137.154,35.2798],[137.1453,35.2799],[137.1315,35.2935],[137.1218,35.2959],[137.1159,35.2977],[137.1022,35.3016],[137.0987,35.2978],[137.096,35.2907],[137.0817,35.2921],[137.0807,35.304],[137.0676,35.3085],[137.063,35.3185],[137.0722,35.3257],[137.0681,35.3351],[137.0603,35.3389],[137.0546,35.3365],[137.0472,35.3365],[137.0459,35.3512],[137.049,35.358],[137.0474,35.365],[137.0356,35.3679],[137.0299,35.3707],[137.0281,35.3756],[137.0177,35.3766],[137.015,35.3813],[137.0036,35.3811],[136.9987,35.3905],[136.9913,35.3933],[136.9887,35.401],[136.9814,35.4015],[136.9857,35.4149],[136.9861,35.4199],[136.993,35.4243],[136.9777,35.4225],[136.9714,35.4222],[136.963,35.4199],[136.9609,35.4145],[136.9611,35.3993],[136.9342,35.3878],[136.9211,35.3791],[136.8924,35.3781],[136.8718,35.3731],[136.8644,35.3723],[136.8338,35.3559],[136.8084,35.3597],[136.7933,35.3633],[136.7769,35.3695],[136.7703,35.3687],[136.7593,35.3581],[136.7536,35.3449],[136.7498,35.3365],[136.7412,35.3237],[136.7252,35.2955],[136.7143,35.2855],[136.7044,35.2755],[136.6994,35.2653],[136.6904,35.2532],[136.6834,35.2485],[136.6777,35.241],[136.6797,35.2281],[136.6831,35.2003],[136.6719,35.1878],[136.6718,35.1699],[136.6741,35.1568],[136.6711,35.1438],[136.6725,35.1347],[136.6679,35.1389],[136.656,35.1599],[136.6461,35.1658],[136.6452,35.1446],[136.6381,35.1476],[136.6318,35.1501],[136.6242,35.1466],[136.6161,35.1495],[136.6117,35.1579],[136.606,35.1664],[136.602,35.1778],[136.5966,35.1776],[136.5915,35.1856],[136.5849,35.1886],[136.5828,35.1962],[136.5778,35.1967],[136.575,35.2019],[136.5665,35.2045],[136.5606,35.2065],[136.5586,35.2164],[136.5516,35.2196],[136.547,35.2279],[136.5494,35.2337],[136.5441,35.2349],[136.5402,35.2391],[136.5412,35.2446],[136.5359,35.2501],[136.5337,35.2569],[136.5275,35.2575],[136.5189,35.2543],[136.5138,35.2479],[136.5112,35.2407],[136.5078,35.2362],[136.5024,35.2347],[136.4968,35.2379],[136.4896,35.2359],[136.4828,35.2397],[136.4801,35.2349],[136.4738,35.2375],[136.4702,35.2329],[136.4663,35.2377],[136.4544,35.2294],[136.4509,35.2258],[136.4421,35.2171],[136.4358,35.2194],[136.4325,35.2243],[136.427,35.2271],[136.4169,35.2203],[136.4119,35.2184],[136.4003,35.2259],[136.3924,35.2301],[136.387,35.2347],[136.3781,35.2427],[136.3809,35.2484],[136.3931,35.2532],[136.3965,35.2574],[136.3955,35.2787],[136.3915,35.2871],[136.3947,35.2939],[136.4023,35.3003],[136.4067,35.3091],[136.4108,35.3138],[136.4127,35.3236],[136.4133,35.3323],[136.4206,35.3466],[136.4212,35.3531],[136.4114,35.3521],[136.4113,35.3585],[136.4123,35.3685],[136.4178,35.3733],[136.4248,35.3737],[136.4355,35.3785],[136.4441,35.3895],[136.4396,35.3943],[136.4296,35.3999],[136.4242,35.4059],[136.4206,35.4114],[136.4115,35.4186],[136.4182,35.4271],[136.4152,35.4317],[136.4221,35.4407],[136.4255,35.4477],[136.4226,35.4543],[136.4197,35.4665],[136.4136,35.4669],[136.4034,35.4694],[136.3987,35.4782],[136.3934,35.4844],[136.3872,35.4879],[136.3876,35.4956],[136.3916,35.5032],[136.3982,35.5103],[136.3998,35.5205],[136.4008,35.5263],[136.3968,35.5317],[136.3849,35.5329],[136.3817,35.5373],[136.3794,35.5467],[136.3749,35.5548],[136.3718,35.5597],[136.3633,35.559],[136.3563,35.5399],[136.3482,35.5377],[136.3405,35.5373],[136.3377,35.5494],[136.3319,35.5505],[136.3268,35.5499],[136.3216,35.5443],[136.3169,35.5535],[136.3173,35.5601],[136.3215,35.5687],[136.3228,35.5833],[136.32,35.6013],[136.3153,35.6056],[136.3233,35.6163],[136.3154,35.6233],[136.3102,35.6233],[136.3049,35.6207],[136.2989,35.618],[136.293,35.6185],[136.2869,35.6261],[136.2833,35.6317],[136.2789,35.6369],[136.2828,35.6433],[136.2759,35.6533],[136.2806,35.6587],[136.287,35.6646],[136.2886,35.6699],[136.2986,35.6777],[136.2917,35.6851],[136.2916,35.6908],[136.2979,35.6929],[136.3055,35.7013],[136.3105,35.7063],[136.3114,35.7119],[136.3236,35.7169],[136.3207,35.7235],[136.3245,35.7271],[136.3257,35.7327],[136.3245,35.743],[136.3189,35.7491],[136.3219,35.7659],[136.3283,35.7751],[136.3357,35.7761],[136.3418,35.7761],[136.3521,35.7831],[136.3567,35.7863],[136.3683,35.7907],[136.3775,35.7952],[136.3889,35.7911],[136.4002,35.789],[136.4049,35.7829],[136.4156,35.7825],[136.4229,35.7801],[136.4331,35.7747],[136.4427,35.7747],[136.452,35.7766],[136.4586,35.7791],[136.4692,35.7731],[136.4749,35.7736],[136.4843,35.7753],[136.4968,35.7641],[136.5014,35.7532],[136.5057,35.7504],[136.5087,35.7576],[136.5126,35.7731],[136.5163,35.7778],[136.5233,35.7883],[136.5375,35.7811],[136.5461,35.7793],[136.5525,35.7807],[136.5602,35.7794],[136.5672,35.7792],[136.5783,35.7815],[136.5854,35.785],[136.5858,35.7915],[136.5897,35.7956],[136.5956,35.7958],[136.6029,35.795],[136.6076,35.7923],[136.6124,35.7888],[136.6216,35.7878],[136.6272,35.7916],[136.6263,35.797],[136.6327,35.7959],[136.6382,35.7985],[136.6438,35.8063],[136.6526,35.7967],[136.6544,35.7857],[136.66,35.7835],[136.6658,35.7852],[136.6722,35.7917],[136.6834,35.7896],[136.6911,35.7903],[136.6993,35.7943],[136.706,35.7919],[136.7204,35.8005],[136.7233,35.8082],[136.7358,35.8051],[136.7414,35.8013],[136.7468,35.8051],[136.7572,35.8097],[136.7645,35.8103],[136.7739,35.806],[136.775,35.7993],[136.7823,35.7992],[136.7891,35.7995],[136.7943,35.808],[136.7982,35.8213],[136.7979,35.8291],[136.7996,35.8365],[136.8026,35.8439],[136.816,35.8428],[136.8263,35.8465],[136.832,35.8581],[136.8272,35.8691],[136.8244,35.8749],[136.8191,35.8819],[136.8225,35.8882],[136.8221,35.8962],[136.8172,35.9017],[136.8116,35.9125],[136.8054,35.9132],[136.7989,35.919],[136.7931,35.9213],[136.7844,35.9244],[136.7933,35.9429],[136.7861,35.949],[136.7763,35.9513],[136.7691,35.951],[136.7535,35.9563],[136.7495,35.9613],[136.7501,35.9669],[136.7507,35.9904],[136.7264,35.9959],[136.729,36.0032],[136.7289,36.0097],[136.7317,36.0145],[136.7339,36.0219],[136.7336,36.0289],[136.7355,36.0402],[136.7345,36.0484],[136.7403,36.0549],[136.7468,36.0611],[136.7529,36.0631],[136.7599,36.0673],[136.7626,36.0753],[136.7579,36.081],[136.754,36.0864],[136.757,36.0999],[136.7648,36.1057],[136.7702,36.1164],[136.7721,36.1259],[136.7779,36.1305],[136.7796,36.1423],[136.7753,36.1502],[136.7716,36.1555],[136.7657,36.1611],[136.7757,36.1654],[136.7817,36.1669],[136.7869,36.1665],[136.791,36.1699],[136.7984,36.1728],[136.8022,36.1877],[136.8067,36.1919],[136.8178,36.201],[136.8199,36.2084],[136.8253,36.2133],[136.8314,36.2187],[136.8342,36.2255],[136.8396,36.2324],[136.8468,36.2445],[136.8495,36.2523],[136.844,36.2569],[136.8343,36.2637],[136.8297,36.2661],[136.8145,36.2663],[136.8131,36.2713],[136.8056,36.2768],[136.8053,36.2848],[136.7982,36.2913],[136.7921,36.2991],[136.8,36.3052],[136.8059,36.3057],[136.8252,36.3031],[136.8315,36.3065],[136.8359,36.3198],[136.842,36.3339],[136.8375,36.3444],[136.8442,36.3511],[136.8544,36.3475],[136.8651,36.3498],[136.865,36.3566],[136.8685,36.365],[136.8761,36.3594],[136.8734,36.3537],[136.8703,36.3491],[136.8756,36.3501],[136.8749,36.3429],[136.8828,36.3423],[136.8883,36.3461],[136.8931,36.3484],[136.8978,36.3535],[136.9037,36.3573],[136.9072,36.361],[136.9187,36.3559],[136.9258,36.3537],[136.9341,36.3486],[136.9401,36.3491],[136.9467,36.3461],[136.952,36.3395],[136.9605,36.3265],[136.9646,36.3185],[136.9713,36.3149],[136.9721,36.3092],[136.9682,36.3022],[136.9669,36.2956],[136.9602,36.2863],[136.9578,36.2791],[136.9666,36.2773],[136.9751,36.2745],[136.9858,36.2825],[136.9968,36.2873],[137.0051,36.2881],[137.0112,36.2932],[137.0119,36.2987],[137.0158,36.305],[137.021,36.3095],[137.0203,36.3185],[137.0363,36.3177],[137.0448,36.324],[137.0519,36.3302],[137.0517,36.3365],[137.0585,36.3427],[137.0488,36.3458],[137.0516,36.3506],[137.0567,36.3569],[137.0614,36.3672],[137.0582,36.3721]]]}},{"type":"Feature","properties":{"nam":"Aomori Ken","nam_ja":"\u9752\u68ee\u770c","id":2},"geometry":{"type":"MultiPolygon","coordinates":[[[[140.7786,41.2108],[140.7801,41.2179],[140.7852,41.2331],[140.7838,41.2388],[140.7802,41.2532],[140.7865,41.2625],[140.7908,41.271],[140.7949,41.2788],[140.7964,41.2851],[140.7987,41.2927],[140.7992,41.2999],[140.8039,41.3107],[140.8007,41.3205],[140.8074,41.3283],[140.8024,41.3284],[140.8147,41.3365],[140.8192,41.3439],[140.8212,41.3525],[140.8251,41.3691],[140.8277,41.3854],[140.8318,41.3989],[140.8337,41.4055],[140.8368,41.4109],[140.8381,41.4199],[140.8464,41.4213],[140.8559,41.4341],[140.8613,41.4335],[140.8658,41.4366],[140.8665,41.4462],[140.8718,41.4512],[140.8799,41.455],[140.8854,41.4678],[140.8907,41.4709],[140.8942,41.4751],[140.9002,41.4833],[140.9053,41.4921],[140.9072,41.4983],[140.9095,41.5032],[140.9071,41.5138],[140.8986,41.5235],[140.9023,41.5276],[140.9084,41.5305],[140.9086,41.5375],[140.9128,41.547],[140.921,41.5425],[140.924,41.5361],[140.9373,41.5297],[140.9453,41.5241],[140.9515,41.5232],[140.9579,41.5163],[140.9636,41.5123],[140.9705,41.5032],[140.9874,41.494],[140.9968,41.4895],[141.0032,41.4862],[141.0213,41.4839],[141.0283,41.4837],[141.0366,41.4838],[141.0455,41.4837],[141.0682,41.4825],[141.0842,41.4734],[141.0906,41.4703],[141.095,41.4679],[141.1018,41.4665],[141.1131,41.4636],[141.116,41.4562],[141.1218,41.4487],[141.137,41.4349],[141.1447,41.4323],[141.1546,41.4199],[141.1646,41.415],[141.1742,41.4079],[141.1931,41.3877],[141.2099,41.3776],[141.2465,41.3622],[141.2659,41.3565],[141.2976,41.3513],[141.3029,41.3515],[141.329,41.3552],[141.3718,41.3703],[141.3979,41.3809],[141.4108,41.3906],[141.4245,41.4001],[141.4347,41.4074],[141.4481,41.4199],[141.4548,41.4245],[141.4614,41.4317],[141.4643,41.4258],[141.4687,41.4199],[141.4609,41.4139],[141.4637,41.4024],[141.4578,41.4029],[141.4533,41.3968],[141.4598,41.3905],[141.4596,41.3821],[141.4555,41.3782],[141.4517,41.3743],[141.436,41.3365],[141.4096,41.2532],[141.3968,41.1995],[141.3904,41.1699],[141.3899,41.1616],[141.391,41.1433],[141.3922,41.134],[141.3959,41.1296],[141.3941,41.1107],[141.3934,41.1039],[141.3989,41.1011],[141.3948,41.0865],[141.3921,41.0758],[141.3858,41.0032],[141.3857,40.9715],[141.3874,40.9423],[141.3912,40.9295],[141.3875,40.9249],[141.3908,40.9199],[141.3936,40.8872],[141.4007,40.8365],[141.4158,40.7532],[141.4308,40.6883],[141.4366,40.6785],[141.4387,40.6709],[141.4479,40.6421],[141.4643,40.6065],[141.4712,40.5893],[141.4825,40.5701],[141.4893,40.5717],[141.4926,40.5652],[141.4855,40.5615],[141.4932,40.5595],[141.5005,40.5574],[141.5018,40.5471],[141.5079,40.5497],[141.5029,40.5433],[141.5109,40.5429],[141.5242,40.5327],[141.5292,40.5313],[141.5349,40.5277],[141.5441,40.5282],[141.5494,40.5304],[141.5564,40.5365],[141.5636,40.5411],[141.5721,40.5429],[141.5802,40.5402],[141.5819,40.5345],[141.5848,40.5272],[141.5921,40.5197],[141.5974,40.5207],[141.6026,40.5169],[141.6112,40.5123],[141.6165,40.5047],[141.6218,40.5],[141.6315,40.4948],[141.6327,40.4896],[141.6351,40.4839],[141.6447,40.4775],[141.6489,40.4717],[141.6556,40.4685],[141.6615,40.4646],[141.6701,40.4573],[141.6766,40.4544],[141.6825,40.4531],[141.6782,40.45],[141.6744,40.4451],[141.6708,40.4393],[141.6666,40.4361],[141.6614,40.4334],[141.6547,40.4289],[141.6477,40.4287],[141.6423,40.4251],[141.6329,40.4215],[141.6218,40.4211],[141.6148,40.4199],[141.5981,40.4137],[141.591,40.4079],[141.5861,40.4034],[141.5817,40.3929],[141.5833,40.3857],[141.587,40.3813],[141.5834,40.3776],[141.5732,40.3702],[141.5646,40.3621],[141.557,40.3617],[141.5451,40.3514],[141.5374,40.3478],[141.5333,40.3514],[141.5188,40.3523],[141.5082,40.3625],[141.4995,40.3626],[141.4968,40.3679],[141.4907,40.3717],[141.4825,40.3754],[141.4687,40.3774],[141.4608,40.3755],[141.4556,40.3739],[141.4434,40.3763],[141.4357,40.3745],[141.4309,40.3682],[141.4274,40.3636],[141.4214,40.3642],[141.4083,40.3579],[141.4023,40.3662],[141.3935,40.3613],[141.3902,40.3551],[141.3821,40.3439],[141.3771,40.3393],[141.3718,40.341],[141.3638,40.3365],[141.3572,40.3341],[141.3514,40.3315],[141.3488,40.339],[141.3427,40.3421],[141.3351,40.3455],[141.3366,40.3607],[141.3285,40.3645],[141.3251,40.3697],[141.3174,40.3733],[141.3107,40.3673],[141.3002,40.3661],[141.2941,40.3639],[141.2927,40.3523],[141.278,40.3447],[141.2654,40.3504],[141.261,40.343],[141.2503,40.3418],[141.2432,40.3365],[141.2329,40.329],[141.227,40.3286],[141.2212,40.3205],[141.2146,40.3148],[141.207,40.3127],[141.2002,40.3093],[141.189,40.3078],[141.1743,40.3103],[141.1696,40.3079],[141.1596,40.3053],[141.1482,40.3007],[141.1393,40.3011],[141.1355,40.2963],[141.1218,40.2909],[141.1066,40.2819],[141.1009,40.2815],[141.1095,40.2611],[141.1046,40.2567],[141.0971,40.2555],[141.0909,40.2532],[141.0847,40.2532],[141.0771,40.2529],[141.0712,40.2496],[141.0594,40.2383],[141.0426,40.2373],[141.0273,40.227],[141.0263,40.2221],[141.019,40.2207],[141.0111,40.2193],[141.0061,40.2185],[140.9968,40.2197],[140.9919,40.2231],[140.9805,40.2201],[140.9704,40.2269],[140.9675,40.2345],[140.9573,40.2438],[140.95,40.2532],[140.9468,40.2578],[140.9517,40.2708],[140.9531,40.2762],[140.957,40.2818],[140.9453,40.2885],[140.9443,40.2968],[140.9484,40.2998],[140.9563,40.3039],[140.9586,40.3187],[140.9576,40.3243],[140.9633,40.3291],[140.9678,40.3365],[140.9624,40.3477],[140.9676,40.3513],[140.972,40.345],[140.9822,40.3446],[140.988,40.3486],[140.994,40.3515],[140.9924,40.3615],[140.9911,40.3676],[140.9958,40.3723],[140.9927,40.3779],[140.9854,40.3885],[140.9877,40.3955],[140.986,40.4033],[140.9826,40.4122],[140.9791,40.4162],[140.9833,40.4199],[140.9854,40.4275],[140.9733,40.4311],[140.9646,40.4279],[140.953,40.4271],[140.943,40.4299],[140.9354,40.4232],[140.9271,40.4216],[140.9209,40.4275],[140.9142,40.4252],[140.9022,40.4257],[140.8925,40.4237],[140.8831,40.4279],[140.8613,40.4405],[140.8711,40.4749],[140.8781,40.4985],[140.8797,40.5115],[140.8718,40.5097],[140.8537,40.5062],[140.8453,40.5079],[140.8378,40.5044],[140.8332,40.5018],[140.8275,40.4972],[140.8223,40.4969],[140.815,40.4895],[140.8099,40.481],[140.8089,40.4657],[140.8042,40.4498],[140.7941,40.4501],[140.7885,40.4576],[140.7735,40.452],[140.7634,40.4519],[140.7592,40.4469],[140.7529,40.4397],[140.7468,40.4391],[140.7362,40.4404],[140.7351,40.4349],[140.7359,40.4285],[140.7359,40.4199],[140.7244,40.4167],[140.7189,40.4212],[140.7177,40.4265],[140.7109,40.43],[140.7033,40.4277],[140.6939,40.4281],[140.6885,40.428],[140.6878,40.4221],[140.6827,40.4171],[140.6761,40.4134],[140.6668,40.4121],[140.6628,40.4058],[140.655,40.4051],[140.6471,40.4039],[140.6418,40.4055],[140.6354,40.4034],[140.636,40.4101],[140.634,40.4151],[140.6307,40.4199],[140.6218,40.4245],[140.6141,40.4244],[140.6065,40.4263],[140.6032,40.4313],[140.5899,40.4367],[140.5887,40.4306],[140.5777,40.4297],[140.5672,40.4266],[140.5588,40.4263],[140.555,40.4221],[140.5565,40.4161],[140.564,40.409],[140.5696,40.4012],[140.5596,40.3976],[140.5536,40.4007],[140.5484,40.4039],[140.5415,40.4032],[140.5377,40.4072],[140.5329,40.4115],[140.5249,40.4107],[140.5247,40.4199],[140.5309,40.4269],[140.5282,40.4317],[140.5106,40.4291],[140.502,40.4334],[140.4968,40.4371],[140.4819,40.4426],[140.4845,40.447],[140.4804,40.4525],[140.4672,40.4544],[140.4619,40.4565],[140.4485,40.454],[140.4406,40.4505],[140.4376,40.4634],[140.4337,40.4699],[140.4375,40.4788],[140.4288,40.4825],[140.4216,40.4819],[140.41,40.4761],[140.404,40.4756],[140.3984,40.4783],[140.3936,40.4857],[140.3884,40.4876],[140.3838,40.4849],[140.3781,40.4771],[140.3718,40.4769],[140.363,40.479],[140.3572,40.4752],[140.3536,40.4705],[140.3482,40.468],[140.3441,40.4623],[140.3439,40.4537],[140.341,40.4436],[140.3354,40.4399],[140.3234,40.4398],[140.3099,40.437],[140.3037,40.4433],[140.299,40.4467],[140.2897,40.4461],[140.2815,40.4464],[140.2692,40.4419],[140.2597,40.442],[140.2508,40.4432],[140.2417,40.4381],[140.2216,40.4318],[140.2145,40.4348],[140.2105,40.4387],[140.1962,40.4351],[140.1908,40.4381],[140.1858,40.4436],[140.1707,40.4391],[140.1657,40.4402],[140.1522,40.4354],[140.1474,40.4386],[140.1416,40.4389],[140.1361,40.4399],[140.1218,40.437],[140.1079,40.4364],[140.1009,40.4439],[140.0977,40.4497],[140.0885,40.4621],[140.0794,40.4673],[140.0745,40.4652],[140.0685,40.4693],[140.053,40.4673],[140.0491,40.4609],[140.0368,40.4621],[140.0297,40.4557],[140.0205,40.4483],[140.0261,40.4399],[140.0225,40.4309],[140.0197,40.4205],[140.0123,40.426],[140.0041,40.4315],[139.9968,40.4349],[139.9887,40.4305],[139.9808,40.4281],[139.9731,40.4272],[139.9644,40.4319],[139.9598,40.4352],[139.9364,40.4287],[139.9398,40.4341],[139.9392,40.4462],[139.9447,40.4667],[139.9471,40.4883],[139.9491,40.5032],[139.9463,40.5158],[139.9417,40.5495],[139.9367,40.5571],[139.9297,40.5574],[139.9337,40.5637],[139.9273,40.5774],[139.9176,40.5865],[139.9121,40.5865],[139.9061,40.5865],[139.8986,40.5829],[139.8876,40.5843],[139.8798,40.5837],[139.8718,40.5833],[139.8677,40.5865],[139.8656,40.5941],[139.8639,40.5996],[139.8605,40.6034],[139.8615,40.6089],[139.8628,40.6169],[139.8718,40.6211],[139.8893,40.6311],[139.8977,40.6403],[139.9034,40.6465],[139.9111,40.6433],[139.919,40.6446],[139.9246,40.6427],[139.9294,40.6461],[139.9294,40.6521],[139.9361,40.6549],[139.9373,40.6611],[139.9375,40.6699],[139.9481,40.6699],[139.9582,40.6778],[139.9634,40.6823],[139.9691,40.6965],[139.9748,40.7029],[139.9876,40.7151],[139.9849,40.7209],[139.994,40.7341],[140.0007,40.7393],[140.0046,40.744],[140.0199,40.7509],[140.0251,40.7505],[140.0322,40.7589],[140.0369,40.7622],[140.0477,40.7658],[140.0522,40.7693],[140.0647,40.7677],[140.0741,40.7614],[140.0825,40.7591],[140.0905,40.7567],[140.0935,40.7492],[140.1121,40.7422],[140.1218,40.7426],[140.1447,40.7525],[140.1565,40.7602],[140.1682,40.7695],[140.182,40.7751],[140.1878,40.7799],[140.1947,40.7841],[140.2043,40.7863],[140.2074,40.7815],[140.2143,40.7794],[140.2201,40.7796],[140.232,40.7845],[140.2468,40.797],[140.2502,40.8011],[140.2725,40.8365],[140.2826,40.8587],[140.3022,40.9174],[140.3042,40.9258],[140.3187,41.0004],[140.3235,41.0458],[140.3219,41.0865],[140.3194,41.0935],[140.3143,41.0961],[140.3061,41.1071],[140.2979,41.1149],[140.2887,41.1186],[140.2824,41.1227],[140.2772,41.1219],[140.2673,41.1219],[140.2585,41.1219],[140.2495,41.1243],[140.2498,41.1304],[140.2549,41.1385],[140.2644,41.1365],[140.2708,41.1381],[140.2777,41.1398],[140.2826,41.138],[140.2901,41.1355],[140.2965,41.1316],[140.3113,41.1365],[140.3105,41.1456],[140.3161,41.1455],[140.3264,41.156],[140.3277,41.1642],[140.3322,41.1757],[140.3336,41.1845],[140.3358,41.1917],[140.3328,41.1965],[140.3337,41.2048],[140.3305,41.2197],[140.3311,41.2294],[140.3333,41.2391],[140.3404,41.2403],[140.3424,41.2497],[140.3392,41.2555],[140.3395,41.2605],[140.3454,41.2611],[140.352,41.2565],[140.3601,41.2532],[140.3718,41.2482],[140.3807,41.2435],[140.3852,41.2401],[140.3965,41.2351],[140.3999,41.231],[140.4034,41.2224],[140.4158,41.2163],[140.4246,41.2094],[140.4305,41.2021],[140.4392,41.1941],[140.4491,41.1893],[140.4583,41.1887],[140.465,41.1827],[140.4812,41.184],[140.4968,41.1893],[140.5028,41.1932],[140.5214,41.2081],[140.5228,41.2155],[140.5279,41.222],[140.5344,41.222],[140.5419,41.2204],[140.5488,41.2281],[140.5562,41.225],[140.5636,41.2265],[140.5705,41.2237],[140.5756,41.224],[140.5837,41.2203],[140.5881,41.2179],[140.5942,41.217],[140.6017,41.2153],[140.6161,41.1996],[140.6218,41.1963],[140.631,41.1925],[140.6414,41.1809],[140.6429,41.1699],[140.6397,41.1585],[140.6399,41.152],[140.6341,41.1333],[140.634,41.1233],[140.6325,41.1037],[140.6345,41.0865],[140.6348,41.0815],[140.64,41.0614],[140.6456,41.0481],[140.647,41.0299],[140.6516,41.0032],[140.6608,40.9489],[140.6703,40.9199],[140.677,40.8916],[140.6867,40.8691],[140.6975,40.8565],[140.71,40.8477],[140.7221,40.8425],[140.7298,40.8365],[140.7384,40.8345],[140.7441,40.8306],[140.7495,40.8304],[140.7544,40.8323],[140.7612,40.8355],[140.7719,40.8335],[140.7836,40.833],[140.792,40.8365],[140.8052,40.8419],[140.8098,40.845],[140.8152,40.8519],[140.8201,40.8539],[140.8228,40.8617],[140.8316,40.8661],[140.8345,40.8715],[140.8419,40.8745],[140.8476,40.8753],[140.8503,40.8837],[140.859,40.8877],[140.8594,40.8984],[140.8556,40.9034],[140.8662,40.9049],[140.87,40.9139],[140.8677,40.9199],[140.8676,40.9293],[140.8674,40.9399],[140.8718,40.9451],[140.8626,40.9479],[140.8578,40.9445],[140.8518,40.9464],[140.845,40.9499],[140.8388,40.952],[140.8462,40.9547],[140.8516,40.9553],[140.8585,40.9572],[140.8643,40.963],[140.8605,40.9719],[140.8655,40.9749],[140.871,40.9788],[140.8687,40.9839],[140.8805,41.0032],[140.8802,41.0097],[140.8879,41.0107],[140.8935,41.0101],[140.9045,41.0077],[140.9095,41.0032],[140.9169,40.998],[140.9236,40.9936],[140.9299,40.9937],[140.9391,40.9956],[140.9451,40.993],[140.9504,40.9867],[140.9609,40.9752],[140.9837,40.9609],[140.9788,40.9503],[140.98,40.9453],[140.9731,40.9413],[140.9746,40.934],[140.9968,40.9365],[141.0064,40.933],[141.0208,40.9305],[141.032,40.9199],[141.0419,40.9155],[141.0536,40.9175],[141.0643,40.9141],[141.0677,40.9085],[141.077,40.8991],[141.0844,40.8867],[141.0948,40.8775],[141.1053,40.8729],[141.1134,40.871],[141.1218,40.8721],[141.1287,40.8723],[141.1452,40.8781],[141.1631,40.8903],[141.1908,40.9199],[141.199,40.931],[141.2213,40.9719],[141.2327,41.0032],[141.242,41.0489],[141.2421,41.0806],[141.2459,41.0865],[141.2468,41.1055],[141.2486,41.1107],[141.2524,41.1141],[141.2563,41.1221],[141.2596,41.1265],[141.2668,41.129],[141.2722,41.1353],[141.2763,41.1512],[141.2765,41.1699],[141.2673,41.1924],[141.2468,41.2262],[141.223,41.2532],[141.2027,41.2691],[141.1878,41.2778],[141.1812,41.2773],[141.1707,41.2807],[141.1647,41.2801],[141.1582,41.2772],[141.1559,41.2711],[141.1415,41.2532],[141.1391,41.2477],[141.1339,41.2449],[141.1425,41.241],[141.1574,41.2532],[141.1553,41.2453],[141.1442,41.2352],[141.1218,41.2191],[141.1154,41.2149],[141.1025,41.2143],[141.084,41.2056],[141.0735,41.2001],[141.0605,41.1869],[141.0563,41.1834],[141.0456,41.1849],[141.0348,41.1855],[141.0171,41.1953],[141.0065,41.1984],[140.9968,41.1965],[140.9817,41.1998],[140.9706,41.1955],[140.9572,41.1851],[140.9463,41.1746],[140.9395,41.1762],[140.9309,41.1743],[140.9218,41.1763],[140.9114,41.1753],[140.9051,41.1699],[140.8927,41.1642],[140.8819,41.1667],[140.8718,41.1663],[140.8584,41.1622],[140.8523,41.1603],[140.8468,41.1565],[140.8313,41.1487],[140.8264,41.1464],[140.8235,41.1412],[140.8172,41.135],[140.8123,41.1285],[140.8047,41.1296],[140.7935,41.1335],[140.785,41.1318],[140.7778,41.136],[140.7741,41.1421],[140.7667,41.1458],[140.7671,41.1541],[140.7678,41.1624],[140.7681,41.1689],[140.7646,41.1935],[140.7684,41.2009],[140.7785,41.2077],[140.7786,41.2108]]]]}},{"type":"Feature","properties":{"nam":"Osaka Fu","nam_ja":"\u5927\u962a\u5e9c","id":27},"geometry":{"type":"MultiPolygon","coordinates":[[[[135.3708,35.0453],[135.3762,35.0428],[135.3802,35.0363],[135.3818,35.0309],[135.3803,35.0255],[135.3779,35.0211],[135.3797,35.0155],[135.3821,35.0101],[135.3892,35.0111],[135.3949,35.0091],[135.4031,35.0067],[135.4099,35.0109],[135.4177,35.0032],[135.423,35.0023],[135.4361,35.0083],[135.442,35.0063],[135.4497,35.0032],[135.4607,35.0005],[135.4723,34.9946],[135.482,34.9947],[135.4874,34.9919],[135.4848,34.9837],[135.4865,34.9744],[135.4889,34.9675],[135.4823,34.9651],[135.4846,34.9583],[135.481,34.9495],[135.4885,34.9459],[135.4968,34.9407],[135.5028,34.9453],[135.5132,34.9439],[135.5169,34.9335],[135.5248,34.9288],[135.5375,34.9249],[135.536,34.9199],[135.5418,34.9153],[135.5484,34.9176],[135.5537,34.916],[135.5625,34.9177],[135.5722,34.9165],[135.5765,34.9199],[135.5807,34.9236],[135.58,34.937],[135.5712,34.9391],[135.5646,34.9337],[135.5653,34.9402],[135.5587,34.9344],[135.5617,34.945],[135.5636,34.9536],[135.5691,34.9541],[135.5783,34.9557],[135.577,34.9608],[135.5707,34.9674],[135.5733,34.9717],[135.5831,34.9763],[135.59,34.9673],[135.595,34.9695],[135.6034,34.9711],[135.6085,34.97],[135.6171,34.9614],[135.6124,34.9468],[135.6093,34.9399],[135.6029,34.936],[135.5999,34.928],[135.6067,34.9281],[135.616,34.9285],[135.6218,34.9337],[135.6277,34.934],[135.6369,34.9314],[135.6503,34.9231],[135.6522,34.9168],[135.6486,34.9094],[135.6539,34.9091],[135.6625,34.9039],[135.6749,34.8987],[135.6823,34.8878],[135.6796,34.8813],[135.6823,34.8721],[135.6908,34.8682],[135.6919,34.8613],[135.6905,34.8561],[135.6955,34.8482],[135.7033,34.8515],[135.7098,34.8466],[135.7123,34.8403],[135.7184,34.8317],[135.7229,34.8263],[135.7308,34.8227],[135.7356,34.8175],[135.7388,34.8115],[135.7447,34.8043],[135.7454,34.7983],[135.7415,34.7935],[135.729,34.7792],[135.721,34.7744],[135.7167,34.7779],[135.7116,34.7813],[135.7067,34.7715],[135.7084,34.7617],[135.7095,34.7532],[135.7065,34.7485],[135.7019,34.7505],[135.6987,34.7461],[135.6999,34.7348],[135.7038,34.7239],[135.6878,34.7125],[135.6727,34.7017],[135.6726,34.6921],[135.6767,34.6849],[135.6778,34.6793],[135.6736,34.6699],[135.6708,34.6616],[135.6651,34.6529],[135.6639,34.6433],[135.6619,34.6354],[135.6596,34.6241],[135.6584,34.6147],[135.6503,34.6087],[135.6592,34.6025],[135.6705,34.6035],[135.6753,34.6013],[135.6778,34.5919],[135.6801,34.5865],[135.6762,34.5804],[135.6711,34.5767],[135.6727,34.5707],[135.6577,34.563],[135.6545,34.5536],[135.6529,34.5469],[135.6533,34.5413],[135.6581,34.5435],[135.6617,34.5303],[135.6691,34.5306],[135.6766,34.5246],[135.6767,34.5135],[135.6751,34.5058],[135.678,34.4977],[135.6797,34.4903],[135.6842,34.4854],[135.6817,34.4771],[135.6819,34.4651],[135.6827,34.4567],[135.6864,34.4509],[135.6824,34.4443],[135.6798,34.4357],[135.672,34.4264],[135.6647,34.424],[135.6709,34.4132],[135.6761,34.4137],[135.6799,34.4083],[135.6754,34.3995],[135.6631,34.3965],[135.6549,34.3848],[135.6396,34.3833],[135.6218,34.3839],[135.614,34.3771],[135.6039,34.3773],[135.5974,34.3804],[135.5941,34.3753],[135.584,34.3761],[135.5705,34.3715],[135.5614,34.3668],[135.5528,34.3593],[135.547,34.3565],[135.5407,34.3576],[135.5347,34.3525],[135.5287,34.3513],[135.5227,34.3477],[135.5077,34.3365],[135.5028,34.3434],[135.5,34.3502],[135.4908,34.3548],[135.485,34.3627],[135.4791,34.3582],[135.4731,34.3532],[135.4661,34.3479],[135.4582,34.3473],[135.4527,34.3497],[135.4438,34.3476],[135.4339,34.3481],[135.4261,34.3407],[135.4175,34.3401],[135.4088,34.3419],[135.4067,34.3365],[135.4011,34.3327],[135.3932,34.3313],[135.3868,34.3297],[135.381,34.3289],[135.376,34.3303],[135.3688,34.3306],[135.3622,34.3291],[135.3541,34.3328],[135.3463,34.3309],[135.3423,34.3344],[135.3353,34.3267],[135.328,34.3241],[135.33,34.3167],[135.3255,34.3191],[135.3111,34.3136],[135.3035,34.3127],[135.3013,34.3041],[135.2966,34.3009],[135.2894,34.302],[135.2861,34.3115],[135.2822,34.3178],[135.2707,34.3122],[135.2622,34.3126],[135.2573,34.3155],[135.2468,34.3131],[135.2353,34.3043],[135.2251,34.3009],[135.2076,34.3081],[135.205,34.3005],[135.2048,34.2888],[135.1993,34.2873],[135.1932,34.2869],[135.1897,34.2833],[135.1844,34.2794],[135.1794,34.2795],[135.1722,34.2802],[135.1602,34.2777],[135.1531,34.2742],[135.1545,34.2807],[135.148,34.2835],[135.1435,34.2808],[135.1375,34.2745],[135.1325,34.2725],[135.126,34.2767],[135.1181,34.2735],[135.1112,34.272],[135.1076,34.2778],[135.1086,34.2829],[135.1019,34.2858],[135.0993,34.2921],[135.1026,34.3017],[135.1058,34.3079],[135.0974,34.3079],[135.0931,34.3117],[135.101,34.3187],[135.1134,34.322],[135.1218,34.3199],[135.126,34.3246],[135.1328,34.323],[135.1388,34.3186],[135.1472,34.3228],[135.1529,34.3311],[135.1612,34.3311],[135.1692,34.3355],[135.1778,34.3365],[135.1886,34.3365],[135.1962,34.3384],[135.2015,34.3421],[135.2182,34.3449],[135.2289,34.3535],[135.2415,34.367],[135.2468,34.3737],[135.2542,34.376],[135.2565,34.3809],[135.2625,34.3805],[135.2726,34.3891],[135.2786,34.3935],[135.2865,34.4007],[135.2927,34.4069],[135.2943,34.4151],[135.302,34.4158],[135.3062,34.4195],[135.3135,34.4199],[135.3213,34.4218],[135.3133,34.4265],[135.3174,34.4307],[135.3224,34.4279],[135.3279,34.4298],[135.3207,34.4329],[135.3246,34.4369],[135.3308,34.4327],[135.3346,34.4387],[135.3432,34.4499],[135.3499,34.4518],[135.3517,34.4579],[135.3515,34.4518],[135.3593,34.4599],[135.354,34.463],[135.3628,34.4722],[135.3637,34.4658],[135.3699,34.4675],[135.3651,34.4759],[135.3717,34.4779],[135.377,34.4786],[135.3718,34.4813],[135.3772,34.4858],[135.3722,34.4892],[135.3709,34.5001],[135.3738,34.5073],[135.3786,34.511],[135.3672,34.5171],[135.3714,34.5225],[135.3779,34.5193],[135.3818,34.5227],[135.3847,34.5157],[135.3863,34.5084],[135.3924,34.5076],[135.3967,34.5108],[135.4021,34.5185],[135.4038,34.5118],[135.4098,34.5136],[135.4103,34.523],[135.4182,34.5194],[135.4251,34.5261],[135.4318,34.5322],[135.4375,34.5407],[135.4421,34.5478],[135.4457,34.5569],[135.4397,34.5586],[135.4313,34.5608],[135.4224,34.5608],[135.4105,34.5608],[135.4048,34.5865],[135.402,34.5999],[135.4157,34.5938],[135.4173,34.5866],[135.4203,34.5726],[135.4295,34.5707],[135.4277,34.5812],[135.4263,34.5877],[135.4337,34.5867],[135.4415,34.5829],[135.4435,34.5763],[135.4447,34.5689],[135.4525,34.5649],[135.4506,34.5724],[135.4555,34.5758],[135.4501,34.5835],[135.4573,34.5825],[135.4625,34.5828],[135.4506,34.5866],[135.4606,34.5879],[135.4606,34.5948],[135.4518,34.5919],[135.4439,34.5893],[135.4377,34.5887],[135.4255,34.5934],[135.4235,34.605],[135.4309,34.6029],[135.439,34.5992],[135.4447,34.5977],[135.437,34.6048],[135.4234,34.6108],[135.4234,34.619],[135.4267,34.6131],[135.4329,34.6131],[135.4314,34.6208],[135.4413,34.6261],[135.4429,34.6181],[135.4475,34.622],[135.4484,34.6291],[135.4534,34.6292],[135.4526,34.6349],[135.4475,34.639],[135.451,34.6438],[135.4459,34.6451],[135.4399,34.6462],[135.4332,34.6492],[135.4265,34.65],[135.4262,34.6557],[135.4207,34.6537],[135.4204,34.6602],[135.4162,34.6535],[135.4165,34.6615],[135.4226,34.663],[135.4263,34.6679],[135.4179,34.6636],[135.417,34.6686],[135.4129,34.6718],[135.4193,34.6769],[135.4161,34.6842],[135.4239,34.6932],[135.4138,34.6867],[135.4081,34.691],[135.4028,34.6932],[135.4103,34.7006],[135.4242,34.7059],[135.4275,34.7097],[135.4368,34.7149],[135.447,34.7197],[135.4452,34.7293],[135.4561,34.7347],[135.4593,34.7514],[135.4562,34.7598],[135.4492,34.7674],[135.4453,34.7748],[135.4427,34.7842],[135.4414,34.7909],[135.4341,34.7971],[135.4292,34.8025],[135.4234,34.8019],[135.4157,34.8195],[135.4215,34.8263],[135.4239,34.8365],[135.4167,34.8521],[135.4299,34.8555],[135.4342,34.8702],[135.4366,34.8776],[135.4397,34.8875],[135.4446,34.8954],[135.4378,34.8961],[135.4329,34.8922],[135.4268,34.9061],[135.4202,34.9066],[135.424,34.9131],[135.433,34.9168],[135.438,34.9199],[135.4511,34.9199],[135.4598,34.9182],[135.4651,34.9199],[135.4671,34.9252],[135.4614,34.9266],[135.4517,34.9309],[135.4417,34.9393],[135.4357,34.9378],[135.428,34.9365],[135.4182,34.9339],[135.4171,34.9411],[135.4121,34.9401],[135.3964,34.9442],[135.3872,34.9469],[135.3854,34.9537],[135.3763,34.9558],[135.3649,34.956],[135.3601,34.9545],[135.3548,34.9616],[135.3492,34.9643],[135.3462,34.9684],[135.3498,34.9798],[135.359,34.9823],[135.3533,34.9881],[135.3525,35],[135.354,35.0078],[135.3545,35.0138],[135.3542,35.0241],[135.3491,35.0265],[135.3394,35.0259],[135.3337,35.0345],[135.3376,35.0436],[135.3478,35.0455],[135.349,35.0509],[135.3577,35.0501],[135.3662,35.0445],[135.3708,35.0453]]]]}},{"type":"Feature","properties":{"nam":"Nagano Ken","nam_ja":"\u9577\u91ce\u770c","id":20},"geometry":{"type":"Polygon","coordinates":[[[138.5246,37.0305],[138.5304,37.0243],[138.5394,37.0209],[138.5443,37.022],[138.5507,37.0225],[138.5625,37.0222],[138.5693,37.0141],[138.572,37.0055],[138.5777,36.9948],[138.5864,36.9874],[138.5871,36.9767],[138.587,36.9705],[138.5861,36.9573],[138.5837,36.9307],[138.5917,36.925],[138.5903,36.9199],[138.5895,36.9141],[138.5971,36.9071],[138.6142,36.9079],[138.6205,36.9034],[138.6178,36.8954],[138.6198,36.8898],[138.6267,36.8822],[138.6358,36.8834],[138.641,36.8787],[138.6518,36.8737],[138.6727,36.8666],[138.6784,36.8667],[138.687,36.8621],[138.6909,36.8572],[138.6934,36.8523],[138.6902,36.8461],[138.6904,36.8377],[138.6885,36.8313],[138.6802,36.8222],[138.6871,36.8175],[138.6916,36.8125],[138.6956,36.8075],[138.6883,36.7963],[138.6823,36.7877],[138.6708,36.7825],[138.6692,36.7763],[138.6723,36.7707],[138.6827,36.766],[138.6879,36.7659],[138.6911,36.7555],[138.6932,36.7455],[138.6957,36.7386],[138.6837,36.7356],[138.6746,36.7311],[138.6655,36.729],[138.6594,36.7292],[138.6468,36.7261],[138.642,36.7239],[138.6299,36.7197],[138.6244,36.721],[138.6152,36.7105],[138.6098,36.7065],[138.6044,36.7091],[138.5991,36.7145],[138.5908,36.7083],[138.5829,36.7015],[138.5738,36.7074],[138.569,36.7059],[138.5638,36.7059],[138.5582,36.7066],[138.5447,36.7038],[138.536,36.6972],[138.5204,36.6929],[138.514,36.6903],[138.5198,36.6889],[138.5195,36.6823],[138.5188,36.6757],[138.5255,36.6699],[138.5344,36.6664],[138.5292,36.6565],[138.5252,36.6515],[138.5128,36.6476],[138.5074,36.648],[138.4982,36.644],[138.4879,36.6417],[138.4822,36.645],[138.4728,36.6435],[138.4655,36.637],[138.458,36.6333],[138.4599,36.6275],[138.4534,36.6133],[138.448,36.6107],[138.4425,36.6105],[138.4396,36.6041],[138.4338,36.5997],[138.4274,36.5961],[138.4265,36.5865],[138.4203,36.5771],[138.4282,36.5689],[138.428,36.5623],[138.4285,36.5556],[138.4173,36.5431],[138.4124,36.5415],[138.4135,36.5341],[138.4107,36.5267],[138.4039,36.5209],[138.4044,36.5115],[138.4051,36.5059],[138.3972,36.4887],[138.3985,36.4834],[138.4005,36.4718],[138.4028,36.4648],[138.3997,36.4551],[138.4008,36.4405],[138.4009,36.4347],[138.4172,36.4306],[138.4436,36.4215],[138.4545,36.4208],[138.4576,36.4117],[138.4606,36.4074],[138.4787,36.4039],[138.4898,36.4016],[138.4892,36.4095],[138.4936,36.4137],[138.5042,36.4149],[138.5197,36.4069],[138.5334,36.4023],[138.5414,36.4038],[138.5556,36.4181],[138.563,36.4199],[138.5709,36.4196],[138.5851,36.4221],[138.5922,36.4245],[138.6,36.4235],[138.6124,36.4228],[138.6188,36.4199],[138.6283,36.4162],[138.6345,36.4177],[138.6422,36.4133],[138.6481,36.4083],[138.6499,36.3981],[138.6505,36.3821],[138.6515,36.3731],[138.6571,36.3687],[138.652,36.3601],[138.6499,36.3519],[138.6503,36.3426],[138.6503,36.3365],[138.6519,36.3305],[138.6519,36.3225],[138.6481,36.3141],[138.6525,36.3079],[138.6502,36.3007],[138.6439,36.2934],[138.6328,36.2906],[138.6218,36.287],[138.6122,36.2853],[138.6088,36.281],[138.6004,36.2785],[138.6031,36.2735],[138.6051,36.2657],[138.6048,36.2593],[138.6038,36.2532],[138.6031,36.2479],[138.6074,36.2451],[138.6125,36.2409],[138.6125,36.2291],[138.6218,36.215],[138.6324,36.2168],[138.6346,36.2105],[138.6369,36.2044],[138.6228,36.197],[138.6298,36.1852],[138.637,36.1745],[138.6302,36.1723],[138.622,36.1707],[138.6114,36.1676],[138.5989,36.1657],[138.5921,36.1677],[138.5889,36.1759],[138.5836,36.178],[138.5787,36.1699],[138.5808,36.165],[138.5851,36.1609],[138.5929,36.1515],[138.595,36.1449],[138.598,36.1381],[138.609,36.1357],[138.6209,36.1332],[138.6346,36.1336],[138.6383,36.1239],[138.6452,36.1198],[138.6406,36.1168],[138.644,36.1111],[138.6467,36.1052],[138.6378,36.0969],[138.6332,36.0921],[138.6304,36.0865],[138.6339,36.0799],[138.6405,36.0736],[138.6424,36.065],[138.6438,36.0507],[138.6402,36.0439],[138.6314,36.0283],[138.6379,36.027],[138.6454,36.0231],[138.6562,36.0172],[138.6614,36.0163],[138.6756,36.0115],[138.6808,36.0107],[138.681,36.0043],[138.6868,35.9983],[138.6881,35.9925],[138.6976,35.9903],[138.7041,35.9877],[138.7127,35.9853],[138.7123,35.9697],[138.7164,35.9644],[138.7235,35.9582],[138.7281,35.9547],[138.7324,35.9445],[138.7387,35.9384],[138.7371,35.9269],[138.7326,35.9199],[138.7299,35.9139],[138.7193,35.9081],[138.7076,35.9094],[138.7014,35.9033],[138.6957,35.8992],[138.6905,35.8955],[138.6854,35.8933],[138.6761,35.8699],[138.6643,35.8735],[138.656,35.8759],[138.6484,35.8734],[138.6418,35.8741],[138.6341,35.8702],[138.6279,35.8733],[138.6218,35.8703],[138.6105,35.8742],[138.6066,35.8806],[138.606,35.8948],[138.6117,35.9094],[138.6055,35.9087],[138.6011,35.9115],[138.5946,35.9174],[138.5878,35.9178],[138.5828,35.9181],[138.5762,35.9115],[138.5689,35.9142],[138.5631,35.917],[138.5563,35.9164],[138.5475,35.9163],[138.5393,35.9144],[138.5306,35.9157],[138.5194,35.9188],[138.512,35.9213],[138.5066,35.9199],[138.5016,35.9119],[138.4945,35.9021],[138.4901,35.8964],[138.4819,35.8987],[138.4711,35.8967],[138.4591,35.9037],[138.4472,35.9142],[138.4453,35.9232],[138.4484,35.9301],[138.4541,35.9391],[138.4485,35.9461],[138.4403,35.9523],[138.4196,35.9599],[138.4143,35.9594],[138.4004,35.9648],[138.3828,35.9704],[138.3778,35.9717],[138.3703,35.9715],[138.3678,35.9664],[138.3615,35.9624],[138.36,35.9569],[138.3593,35.9505],[138.3451,35.9411],[138.3439,35.9306],[138.3415,35.9253],[138.3349,35.9199],[138.3249,35.9028],[138.3067,35.8863],[138.2922,35.8667],[138.2835,35.8595],[138.2772,35.862],[138.2673,35.8721],[138.2605,35.8783],[138.2483,35.8859],[138.2379,35.8822],[138.2309,35.8721],[138.2253,35.8566],[138.2176,35.8461],[138.2134,35.8407],[138.204,35.8261],[138.2051,35.8154],[138.2001,35.8122],[138.1944,35.8054],[138.1855,35.7949],[138.1942,35.7831],[138.2006,35.7808],[138.2059,35.7827],[138.2135,35.775],[138.2194,35.7712],[138.2263,35.7655],[138.2336,35.7621],[138.2356,35.7575],[138.2293,35.7533],[138.2202,35.749],[138.2045,35.7347],[138.195,35.7258],[138.1862,35.7218],[138.1803,35.7128],[138.1895,35.7029],[138.194,35.6949],[138.1921,35.6865],[138.1938,35.6755],[138.1973,35.6699],[138.207,35.6613],[138.2101,35.6528],[138.2176,35.6455],[138.2118,35.6359],[138.2043,35.6325],[138.2027,35.6204],[138.2058,35.609],[138.1975,35.5969],[138.1932,35.5865],[138.1899,35.5787],[138.1852,35.5737],[138.1798,35.5745],[138.1733,35.5802],[138.1628,35.5815],[138.1593,35.5754],[138.1518,35.5703],[138.1468,35.5589],[138.1423,35.5555],[138.1504,35.5533],[138.156,35.5499],[138.1594,35.5451],[138.1491,35.5352],[138.1381,35.5219],[138.1462,35.5185],[138.1438,35.5093],[138.1401,35.5032],[138.1456,35.5005],[138.1547,35.4954],[138.1645,35.4939],[138.1599,35.4882],[138.1564,35.4748],[138.1552,35.4589],[138.1439,35.4591],[138.1324,35.4537],[138.1218,35.4563],[138.1193,35.4479],[138.1218,35.4423],[138.1236,35.4369],[138.1214,35.4286],[138.1387,35.4232],[138.1359,35.4142],[138.1344,35.4091],[138.1396,35.4058],[138.1521,35.3981],[138.1519,35.393],[138.1436,35.3757],[138.1419,35.3707],[138.1293,35.3652],[138.1218,35.3671],[138.1077,35.3606],[138.1017,35.3548],[138.094,35.3513],[138.0943,35.3425],[138.0873,35.3379],[138.0799,35.3418],[138.0717,35.3465],[138.0632,35.3471],[138.0566,35.3441],[138.052,35.3365],[138.0465,35.3352],[138.0378,35.3332],[138.0392,35.3267],[138.0266,35.3207],[138.0276,35.3117],[138.0187,35.3009],[138.0066,35.3042],[137.9968,35.3024],[137.9895,35.2994],[137.9829,35.293],[137.9748,35.2934],[137.9672,35.2833],[137.9611,35.2834],[137.9525,35.2831],[137.9457,35.2769],[137.9305,35.2757],[137.9274,35.2691],[137.9247,35.2619],[137.9191,35.2552],[137.9127,35.2533],[137.8952,35.2579],[137.8899,35.2532],[137.8824,35.2481],[137.8841,35.2378],[137.8803,35.2266],[137.8718,35.2188],[137.8614,35.2231],[137.8481,35.2215],[137.8413,35.2165],[137.838,35.2125],[137.8229,35.2158],[137.8022,35.2074],[137.796,35.2048],[137.7896,35.2047],[137.7797,35.2032],[137.7741,35.2041],[137.7662,35.2096],[137.7678,35.218],[137.7597,35.2215],[137.7513,35.2205],[137.7408,35.2201],[137.7293,35.2215],[137.7217,35.2226],[137.7217,35.2307],[137.7123,35.2289],[137.7076,35.2321],[137.6999,35.2317],[137.694,35.2336],[137.687,35.2307],[137.6822,35.2347],[137.6747,35.2309],[137.6686,35.2276],[137.6636,35.2278],[137.656,35.2281],[137.6534,35.2175],[137.6449,35.214],[137.644,35.209],[137.6337,35.2119],[137.6218,35.2108],[137.6162,35.2099],[137.6052,35.2068],[137.595,35.2009],[137.5884,35.1995],[137.5785,35.1984],[137.5775,35.2105],[137.578,35.218],[137.5705,35.2271],[137.5647,35.2331],[137.5528,35.2401],[137.5459,35.2532],[137.5475,35.2587],[137.557,35.2642],[137.5556,35.2736],[137.5625,35.2777],[137.5702,35.2821],[137.5673,35.2896],[137.5618,35.2893],[137.5566,35.2952],[137.5585,35.3003],[137.5569,35.3101],[137.5619,35.3108],[137.568,35.3131],[137.5714,35.3183],[137.5817,35.3184],[137.5889,35.3262],[137.5938,35.3309],[137.6009,35.3308],[137.6015,35.3412],[137.6013,35.3464],[137.6019,35.355],[137.5988,35.3647],[137.5983,35.3781],[137.592,35.3837],[137.5864,35.3886],[137.5784,35.3901],[137.575,35.4],[137.5902,35.3937],[137.6004,35.3936],[137.6127,35.3917],[137.6218,35.3938],[137.6335,35.3991],[137.6317,35.406],[137.6218,35.4118],[137.618,35.4199],[137.6175,35.4265],[137.6087,35.4371],[137.6014,35.4393],[137.5933,35.4467],[137.6077,35.4581],[137.6144,35.4631],[137.618,35.4677],[137.6257,35.4677],[137.6314,35.4699],[137.6308,35.4763],[137.6294,35.4831],[137.6243,35.4998],[137.6317,35.5091],[137.6274,35.5119],[137.6218,35.5206],[137.6173,35.5263],[137.6079,35.5332],[137.603,35.5312],[137.595,35.5339],[137.5882,35.5371],[137.5818,35.5387],[137.5767,35.5439],[137.5729,35.5507],[137.5719,35.5612],[137.5648,35.5659],[137.5688,35.5753],[137.571,35.5835],[137.5534,35.5865],[137.5438,35.5865],[137.5375,35.5844],[137.5313,35.5881],[137.5215,35.5992],[137.5169,35.605],[137.5162,35.6161],[137.5234,35.6251],[137.5261,35.6336],[137.5322,35.6379],[137.5396,35.6404],[137.5394,35.6468],[137.545,35.6499],[137.5386,35.6587],[137.5351,35.6648],[137.5287,35.6699],[137.5209,35.6763],[137.5149,35.6775],[137.5091,35.6825],[137.4982,35.6873],[137.4977,35.6946],[137.4935,35.6993],[137.4876,35.7051],[137.4874,35.7165],[137.4855,35.7235],[137.4805,35.7263],[137.475,35.7322],[137.4662,35.7426],[137.4646,35.7532],[137.4589,35.7613],[137.4525,35.7633],[137.4402,35.7585],[137.4352,35.7655],[137.4341,35.7706],[137.4283,35.7711],[137.4237,35.7747],[137.4173,35.7747],[137.3984,35.7758],[137.391,35.7801],[137.3965,35.7854],[137.394,35.7971],[137.3877,35.799],[137.3809,35.8013],[137.3718,35.8],[137.3602,35.796],[137.3538,35.8013],[137.3473,35.8001],[137.3376,35.7981],[137.3344,35.8036],[137.3322,35.8081],[137.3256,35.8122],[137.3282,35.8217],[137.3312,35.8365],[137.3354,35.8439],[137.3538,35.8423],[137.3623,35.8489],[137.3671,35.8615],[137.3679,35.8739],[137.3646,35.8782],[137.3718,35.8836],[137.3802,35.8919],[137.4037,35.8979],[137.4173,35.9037],[137.4232,35.9035],[137.4321,35.9051],[137.4391,35.9],[137.4466,35.8942],[137.4581,35.8895],[137.4648,35.8918],[137.4761,35.894],[137.4804,35.8982],[137.481,35.9051],[137.4839,35.9094],[137.4864,35.9174],[137.4913,35.923],[137.4968,35.9282],[137.5009,35.9361],[137.5054,35.9406],[137.5176,35.94],[137.5322,35.9613],[137.5394,35.9656],[137.5443,35.974],[137.5431,35.9825],[137.5494,35.9861],[137.5594,35.9893],[137.569,35.9957],[137.5756,35.9965],[137.5842,36.0032],[137.5946,36.0134],[137.5993,36.0259],[137.5976,36.0421],[137.6042,36.0483],[137.6066,36.0547],[137.6107,36.058],[137.6128,36.0643],[137.6109,36.0699],[137.6137,36.0762],[137.5975,36.0757],[137.5835,36.0845],[137.5766,36.0865],[137.568,36.0959],[137.5615,36.1009],[137.5539,36.107],[137.5513,36.1156],[137.56,36.1294],[137.5544,36.1371],[137.5592,36.1439],[137.5667,36.1469],[137.5676,36.1536],[137.5792,36.1599],[137.5896,36.1635],[137.5925,36.1699],[137.5915,36.1795],[137.5949,36.191],[137.5808,36.1953],[137.5762,36.2032],[137.5739,36.2097],[137.5742,36.2175],[137.5833,36.2209],[137.5833,36.2272],[137.5895,36.2294],[137.5937,36.2364],[137.5964,36.2431],[137.6057,36.2489],[137.6107,36.2564],[137.6147,36.2649],[137.6218,36.2687],[137.6263,36.2745],[137.6314,36.2803],[137.6467,36.2889],[137.6467,36.2961],[137.6528,36.3045],[137.6491,36.3082],[137.6509,36.3169],[137.6506,36.3269],[137.6457,36.3365],[137.6359,36.3425],[137.627,36.3525],[137.6218,36.3603],[137.6182,36.3651],[137.6098,36.3667],[137.5988,36.3705],[137.5883,36.3715],[137.5873,36.3899],[137.5925,36.3905],[137.605,36.4039],[137.6043,36.4123],[137.608,36.4196],[137.6184,36.4194],[137.6218,36.4231],[137.6271,36.4237],[137.6334,36.4257],[137.6378,36.4326],[137.6401,36.4465],[137.6464,36.4547],[137.6527,36.4585],[137.6554,36.4723],[137.6511,36.4815],[137.6538,36.4908],[137.6624,36.494],[137.667,36.5032],[137.6696,36.5103],[137.6763,36.5121],[137.685,36.5129],[137.6914,36.5131],[137.6989,36.5153],[137.7053,36.5185],[137.7035,36.5259],[137.7098,36.5361],[137.6958,36.5375],[137.6861,36.5372],[137.687,36.5477],[137.6884,36.5559],[137.6887,36.5628],[137.6952,36.5689],[137.7132,36.5775],[137.7204,36.5832],[137.7244,36.5865],[137.7353,36.5879],[137.7468,36.5868],[137.7524,36.5954],[137.7484,36.6033],[137.7443,36.6176],[137.7466,36.6246],[137.7515,36.6277],[137.7559,36.6531],[137.7541,36.6581],[137.7589,36.6611],[137.7607,36.6699],[137.7587,36.6791],[137.7592,36.6862],[137.7539,36.6878],[137.7549,36.6929],[137.7524,36.7],[137.7499,36.7044],[137.7518,36.7209],[137.7507,36.7269],[137.7549,36.7297],[137.758,36.7412],[137.7518,36.7527],[137.7591,36.7603],[137.7617,36.7653],[137.7703,36.7715],[137.7766,36.7735],[137.783,36.774],[137.7914,36.7797],[137.7935,36.7869],[137.82,36.7992],[137.8226,36.8053],[137.8277,36.8077],[137.8314,36.8169],[137.8438,36.8313],[137.8476,36.8365],[137.8543,36.8412],[137.8572,36.8516],[137.869,36.8631],[137.8764,36.8672],[137.8718,36.8761],[137.8659,36.8875],[137.8618,36.8923],[137.867,36.897],[137.8714,36.9023],[137.862,36.9085],[137.8654,36.9148],[137.8718,36.9154],[137.8789,36.9129],[137.8953,36.9105],[137.9014,36.9127],[137.9094,36.9172],[137.9192,36.9199],[137.9355,36.9137],[137.9493,36.9123],[137.9546,36.9047],[137.9623,36.9021],[137.9684,36.909],[137.9769,36.9089],[137.9882,36.9103],[137.9968,36.9078],[138.0057,36.905],[138.0137,36.9039],[138.0159,36.8982],[138.0233,36.8909],[138.0318,36.8899],[138.0313,36.8782],[138.0252,36.8706],[138.0169,36.8608],[138.0167,36.852],[138.0194,36.8463],[138.012,36.8365],[138.0033,36.8267],[138.0084,36.8231],[138.018,36.8189],[138.0261,36.8167],[138.0323,36.812],[138.0431,36.8087],[138.052,36.8063],[138.0528,36.8001],[138.0664,36.8046],[138.0748,36.8117],[138.0736,36.8182],[138.0841,36.8321],[138.089,36.8361],[138.094,36.8407],[138.1003,36.8435],[138.1068,36.8445],[138.1152,36.8505],[138.1205,36.8489],[138.1262,36.8486],[138.1327,36.8503],[138.1414,36.8473],[138.1478,36.8492],[138.1659,36.8448],[138.1735,36.8475],[138.1829,36.8523],[138.1966,36.8547],[138.2058,36.8595],[138.2077,36.8647],[138.2136,36.8703],[138.2348,36.864],[138.2468,36.8651],[138.2549,36.87],[138.2682,36.8601],[138.2715,36.8534],[138.2714,36.8431],[138.2889,36.8474],[138.2903,36.8531],[138.2961,36.8563],[138.2932,36.8619],[138.2888,36.8705],[138.2931,36.8747],[138.2947,36.8811],[138.299,36.8873],[138.2943,36.8903],[138.2929,36.8953],[138.2928,36.9007],[138.2947,36.9055],[138.2984,36.9131],[138.3084,36.9199],[138.3154,36.923],[138.3322,36.9265],[138.3377,36.9247],[138.3431,36.9209],[138.3502,36.9297],[138.3577,36.9344],[138.3611,36.9414],[138.3643,36.9457],[138.3641,36.9539],[138.3679,36.9579],[138.37,36.9644],[138.3779,36.9731],[138.3821,36.9769],[138.3786,36.9807],[138.3905,36.9888],[138.3947,36.9973],[138.4111,36.9991],[138.4176,37.0032],[138.4232,37.0056],[138.4354,37.0078],[138.4431,37.0133],[138.4539,37.017],[138.4718,37.0185],[138.482,37.0214],[138.492,37.0209],[138.4968,37.0257],[138.5133,37.0287],[138.5201,37.0284],[138.5246,37.0305]]]}},{"type":"Feature","properties":{"nam":"Oita Ken","nam_ja":"\u5927\u5206\u770c","id":44},"geometry":{"type":"MultiPolygon","coordinates":[[[[131.5439,33.6767],[131.5493,33.6821],[131.5547,33.6857],[131.5596,33.6867],[131.5647,33.6787],[131.5747,33.6751],[131.5728,33.6858],[131.5792,33.6905],[131.5846,33.6925],[131.5939,33.6867],[131.6063,33.6869],[131.6059,33.6797],[131.612,33.6769],[131.6186,33.6809],[131.6243,33.6699],[131.6299,33.672],[131.6296,33.6818],[131.6352,33.6821],[131.6383,33.6767],[131.645,33.6723],[131.646,33.6637],[131.651,33.6603],[131.6601,33.6699],[131.6652,33.6641],[131.6685,33.6567],[131.672,33.6527],[131.6755,33.6484],[131.6817,33.6396],[131.6876,33.641],[131.7006,33.6129],[131.7084,33.6039],[131.7233,33.5899],[131.7326,33.5787],[131.7343,33.5665],[131.7399,33.5611],[131.7407,33.5554],[131.7421,33.5427],[131.7401,33.5369],[131.7315,33.5161],[131.7293,33.5032],[131.7287,33.4956],[131.7326,33.4883],[131.7338,33.4939],[131.738,33.4762],[131.738,33.4649],[131.7339,33.4703],[131.7286,33.4663],[131.7249,33.4621],[131.7213,33.4501],[131.7143,33.4425],[131.704,33.4199],[131.7024,33.4071],[131.6954,33.4051],[131.6891,33.4069],[131.677,33.4106],[131.6687,33.4087],[131.6596,33.4097],[131.6699,33.4118],[131.6646,33.4199],[131.6563,33.4232],[131.6459,33.4199],[131.6346,33.4233],[131.6276,33.4199],[131.6338,33.4196],[131.6301,33.4147],[131.6255,33.4101],[131.634,33.4061],[131.6345,33.3992],[131.6441,33.3935],[131.6476,33.3869],[131.6435,33.3757],[131.6342,33.374],[131.6218,33.3745],[131.6163,33.3719],[131.6078,33.3709],[131.5975,33.3711],[131.5952,33.3647],[131.5961,33.3509],[131.5921,33.3473],[131.5851,33.3516],[131.5861,33.3463],[131.5778,33.3481],[131.5641,33.3515],[131.555,33.3535],[131.5508,33.3497],[131.5448,33.3535],[131.5409,33.3593],[131.5377,33.3678],[131.5258,33.3677],[131.515,33.3648],[131.5067,33.3615],[131.4988,33.3605],[131.4968,33.3476],[131.4941,33.3394],[131.4952,33.3296],[131.4987,33.3239],[131.5013,33.3134],[131.5034,33.3065],[131.5033,33.3],[131.5072,33.276],[131.5111,33.2688],[131.5172,33.2652],[131.5226,33.2653],[131.5342,33.2582],[131.5464,33.2552],[131.5556,33.2554],[131.5623,33.2532],[131.5773,33.2488],[131.586,33.2462],[131.5912,33.2503],[131.5977,33.2523],[131.6076,33.2532],[131.5991,33.2557],[131.6142,33.2617],[131.6218,33.2595],[131.627,33.2649],[131.6592,33.2735],[131.6659,33.2585],[131.6715,33.2601],[131.6661,33.2746],[131.6753,33.2777],[131.6786,33.2689],[131.6835,33.2663],[131.6799,33.279],[131.6907,33.2792],[131.6901,33.268],[131.7002,33.2678],[131.7042,33.2745],[131.7146,33.2682],[131.709,33.2617],[131.7179,33.2663],[131.7341,33.2559],[131.7296,33.2502],[131.7349,33.2472],[131.7424,33.2489],[131.7505,33.2481],[131.7538,33.2415],[131.7539,33.2523],[131.7655,33.2523],[131.7689,33.2447],[131.7743,33.2517],[131.7705,33.2411],[131.7754,33.244],[131.7978,33.2419],[131.8094,33.243],[131.8288,33.2476],[131.834,33.2472],[131.8409,33.2487],[131.8477,33.2521],[131.8555,33.2555],[131.864,33.2513],[131.8693,33.2488],[131.8742,33.2506],[131.8699,33.2532],[131.8665,33.2583],[131.8718,33.2612],[131.8788,33.263],[131.8905,33.2681],[131.9015,33.268],[131.8996,33.2597],[131.8963,33.2544],[131.8925,33.2481],[131.889,33.2441],[131.8799,33.2441],[131.8741,33.2393],[131.8718,33.2309],[131.8757,33.2232],[131.8716,33.2169],[131.8655,33.213],[131.8602,33.2048],[131.8663,33.2032],[131.862,33.1955],[131.8509,33.1918],[131.8406,33.1871],[131.8337,33.182],[131.83,33.1759],[131.8278,33.1699],[131.8231,33.1653],[131.8219,33.1595],[131.8248,33.1548],[131.8276,33.1501],[131.8214,33.1483],[131.8134,33.1411],[131.8088,33.1353],[131.8047,33.1305],[131.7978,33.127],[131.8074,33.1271],[131.8084,33.1209],[131.8142,33.1227],[131.8202,33.1225],[131.8255,33.121],[131.8297,33.1255],[131.8374,33.1234],[131.8347,33.1191],[131.8444,33.1149],[131.8559,33.1208],[131.8609,33.1279],[131.8685,33.1309],[131.8765,33.1307],[131.8745,33.1227],[131.8818,33.1219],[131.8853,33.1268],[131.8921,33.1245],[131.8974,33.1307],[131.9049,33.1264],[131.9147,33.1249],[131.9107,33.1218],[131.8967,33.1161],[131.8998,33.1107],[131.8947,33.1073],[131.887,33.1083],[131.8819,33.1088],[131.874,33.1033],[131.8718,33.0977],[131.8686,33.0905],[131.8633,33.0893],[131.8579,33.0914],[131.8541,33.0865],[131.8658,33.0833],[131.8584,33.0791],[131.8626,33.0753],[131.8718,33.0777],[131.8779,33.0764],[131.884,33.0732],[131.8806,33.0773],[131.8819,33.0823],[131.8953,33.076],[131.9007,33.0752],[131.9063,33.0803],[131.912,33.0767],[131.9096,33.0687],[131.9169,33.0663],[131.9224,33.0659],[131.9276,33.0667],[131.9229,33.0726],[131.929,33.0738],[131.9321,33.0793],[131.9341,33.0865],[131.9282,33.0915],[131.9391,33.0965],[131.9362,33.0909],[131.9363,33.0813],[131.9387,33.0763],[131.9418,33.0703],[131.951,33.0659],[131.9547,33.0719],[131.9648,33.0728],[131.9657,33.0675],[131.9679,33.0618],[131.975,33.0667],[131.9878,33.0681],[131.9849,33.0782],[131.9875,33.0865],[131.9919,33.0908],[131.9968,33.0931],[132.0012,33.0963],[131.9968,33.0877],[131.9947,33.0809],[131.9997,33.0764],[132.0018,33.0698],[132.0041,33.0649],[132.0173,33.0613],[132.0022,33.0545],[131.9968,33.0561],[131.9919,33.0541],[131.9849,33.0484],[131.9766,33.0465],[131.9656,33.0477],[131.9586,33.051],[131.9512,33.0495],[131.9425,33.0537],[131.936,33.0482],[131.9311,33.0524],[131.9261,33.0485],[131.9206,33.0445],[131.9211,33.0343],[131.9193,33.0295],[131.9127,33.021],[131.91,33.0164],[131.9007,33.0103],[131.905,33.0032],[131.9023,32.9919],[131.9,33.0002],[131.8956,32.9949],[131.8903,32.9931],[131.8924,32.9883],[131.8957,32.9843],[131.9024,32.9773],[131.9077,32.9789],[131.9116,32.9727],[131.9172,32.9749],[131.9256,32.9723],[131.923,32.964],[131.9316,32.9623],[131.9368,32.9522],[131.9429,32.9547],[131.9452,32.9594],[131.9525,32.9537],[131.9584,32.9457],[131.9593,32.9599],[131.9669,32.9528],[131.972,32.9617],[131.9736,32.9551],[131.9727,32.9494],[131.9761,32.9455],[131.9772,32.9405],[131.9841,32.9422],[131.99,32.9453],[131.9891,32.9535],[131.9968,32.9539],[132.0026,32.9587],[131.9968,32.9491],[131.9968,32.9401],[132.0011,32.935],[132.0094,32.9327],[132.0139,32.9355],[132.0183,32.9385],[132.0302,32.9394],[132.0337,32.9467],[132.0323,32.9537],[132.0396,32.9493],[132.047,32.9475],[132.0497,32.9537],[132.0572,32.9457],[132.0635,32.9459],[132.0697,32.9478],[132.0747,32.9439],[132.081,32.9413],[132.0836,32.9343],[132.0783,32.9314],[132.0722,32.9334],[132.0673,32.9367],[132.0564,32.9376],[132.0513,32.9359],[132.0477,32.9321],[132.0444,32.9267],[132.0387,32.9272],[132.0399,32.9328],[132.0362,32.9362],[132.0272,32.9358],[132.0227,32.9311],[132.0156,32.9276],[132.0096,32.9251],[132.0081,32.9199],[132.0098,32.9147],[132.0093,32.9068],[132.0042,32.9089],[131.9968,32.9101],[131.9929,32.9145],[131.9934,32.9215],[131.9876,32.9238],[131.9769,32.9227],[131.9827,32.9135],[131.9843,32.9019],[131.9846,32.8944],[131.9889,32.8912],[131.9945,32.8951],[132.0031,32.8913],[132.0103,32.8929],[132.0148,32.8903],[132.0082,32.8901],[132,32.885],[132.0005,32.8789],[131.9872,32.8703],[131.9838,32.8625],[131.9788,32.8658],[131.9731,32.8639],[131.9748,32.8574],[131.9697,32.8532],[131.9601,32.8464],[131.9536,32.853],[131.9532,32.8436],[131.9492,32.838],[131.9426,32.8365],[131.9522,32.8348],[131.9591,32.8275],[131.9629,32.8187],[131.9652,32.8269],[131.9627,32.8365],[131.9706,32.8301],[131.9755,32.8287],[131.9802,32.8247],[131.9856,32.8286],[131.9824,32.8365],[131.978,32.839],[131.9795,32.8443],[131.9743,32.8441],[131.9841,32.8458],[131.9905,32.8424],[131.9968,32.8382],[132.0074,32.8365],[132.0077,32.8285],[131.9968,32.8205],[131.9878,32.8171],[131.9837,32.8128],[131.9761,32.8079],[131.9712,32.8036],[131.9755,32.7957],[131.9711,32.7917],[131.9633,32.7938],[131.9651,32.7993],[131.9641,32.8045],[131.9544,32.8074],[131.9464,32.8059],[131.9472,32.7972],[131.945,32.7925],[131.9361,32.7851],[131.9297,32.7855],[131.9268,32.7919],[131.9222,32.7969],[131.9168,32.7966],[131.9188,32.7915],[131.9195,32.7857],[131.9134,32.7887],[131.9069,32.7937],[131.9021,32.7852],[131.8972,32.7872],[131.8995,32.7937],[131.8979,32.8006],[131.8947,32.8048],[131.8895,32.8047],[131.884,32.7907],[131.8912,32.7833],[131.8953,32.7797],[131.8925,32.7742],[131.8954,32.7651],[131.8889,32.7719],[131.8844,32.7795],[131.8792,32.7912],[131.8739,32.7906],[131.8754,32.7806],[131.8718,32.7759],[131.8718,32.769],[131.8787,32.765],[131.877,32.7558],[131.8718,32.7547],[131.8789,32.7482],[131.8837,32.75],[131.8718,32.7403],[131.8618,32.7403],[131.8571,32.7375],[131.8471,32.7361],[131.8436,32.7467],[131.8477,32.7532],[131.847,32.7654],[131.8439,32.7751],[131.8493,32.7892],[131.8533,32.7975],[131.8586,32.8051],[131.8579,32.8213],[131.8478,32.8181],[131.8411,32.8195],[131.8343,32.8195],[131.8279,32.8245],[131.8238,32.8297],[131.8149,32.8278],[131.8101,32.8247],[131.798,32.8244],[131.793,32.8219],[131.7888,32.8262],[131.7864,32.8335],[131.7693,32.8365],[131.7639,32.8365],[131.7539,32.8359],[131.7468,32.8329],[131.7418,32.8336],[131.7368,32.8329],[131.7341,32.8197],[131.7287,32.7996],[131.7149,32.7876],[131.712,32.7739],[131.6957,32.7744],[131.6773,32.769],[131.6691,32.7682],[131.6514,32.771],[131.6406,32.7705],[131.6276,32.7725],[131.6218,32.7743],[131.6077,32.7737],[131.6012,32.7722],[131.5916,32.7751],[131.581,32.7639],[131.5692,32.755],[131.5597,32.7551],[131.5453,32.7578],[131.5366,32.7585],[131.5323,32.7623],[131.5233,32.7637],[131.513,32.7692],[131.5077,32.774],[131.508,32.784],[131.5168,32.8003],[131.5057,32.8068],[131.5012,32.8104],[131.4968,32.8153],[131.4858,32.8214],[131.4751,32.8365],[131.4639,32.8311],[131.4544,32.8295],[131.4458,32.8295],[131.4375,32.8285],[131.4308,32.8191],[131.4204,32.8117],[131.4154,32.8131],[131.4081,32.8123],[131.4012,32.8133],[131.3963,32.8117],[131.3912,32.8117],[131.3853,32.8101],[131.3789,32.8091],[131.3718,32.8072],[131.3655,32.8034],[131.359,32.8039],[131.3483,32.8105],[131.3488,32.8158],[131.3461,32.8279],[131.3396,32.8331],[131.3286,32.8329],[131.3219,32.8425],[131.3163,32.8476],[131.3093,32.8527],[131.3037,32.8535],[131.2927,32.8583],[131.2843,32.8661],[131.2782,32.8697],[131.2724,32.8719],[131.2714,32.8793],[131.2632,32.8791],[131.2549,32.8919],[131.2531,32.8992],[131.2529,32.9085],[131.2526,32.9199],[131.2491,32.9294],[131.246,32.9408],[131.2519,32.9464],[131.2468,32.9531],[131.2518,32.9545],[131.2468,32.9586],[131.2559,32.964],[131.2628,32.9762],[131.2519,32.9816],[131.2468,32.9823],[131.2468,32.9908],[131.2402,33.0001],[131.2329,33.0089],[131.2271,33.0109],[131.2233,33.0183],[131.2186,33.0382],[131.2157,33.0473],[131.2145,33.055],[131.2051,33.0616],[131.1965,33.0701],[131.1921,33.0777],[131.1859,33.0739],[131.1736,33.0834],[131.1728,33.0943],[131.1724,33.1045],[131.1654,33.1111],[131.1627,33.1177],[131.1662,33.1285],[131.1597,33.1409],[131.1447,33.151],[131.1329,33.1603],[131.1299,33.1661],[131.1218,33.1676],[131.1148,33.1801],[131.1104,33.1831],[131.0989,33.1878],[131.0934,33.1852],[131.0812,33.1888],[131.0647,33.1925],[131.0578,33.1947],[131.0495,33.1944],[131.0383,33.1943],[131.0331,33.1871],[131.0133,33.1772],[131.0047,33.1778],[131.0006,33.1811],[130.9916,33.1833],[130.9913,33.177],[130.9855,33.1699],[130.9833,33.1598],[130.9816,33.1549],[130.9811,33.1473],[130.9834,33.1421],[130.9776,33.1405],[130.9908,33.1297],[130.9923,33.1221],[130.9962,33.1173],[131.0011,33.1143],[131.005,33.1095],[131.0098,33.1061],[131.0139,33.0992],[131.0174,33.094],[131.0231,33.0874],[131.0168,33.0806],[131.0104,33.072],[131.0166,33.0631],[131.0143,33.0579],[131.0121,33.0517],[131.0106,33.0426],[131.0033,33.0383],[131.0005,33.0313],[130.988,33.0236],[130.9758,33.0244],[130.9693,33.0237],[130.9583,33.0375],[130.9572,33.0453],[130.9491,33.0509],[130.9435,33.0527],[130.9361,33.0523],[130.9263,33.0524],[130.9195,33.0526],[130.9125,33.059],[130.905,33.0649],[130.8979,33.0646],[130.8956,33.0731],[130.8896,33.0769],[130.8877,33.0846],[130.8737,33.0919],[130.8663,33.0903],[130.8612,33.0953],[130.8555,33.0937],[130.8469,33.0937],[130.8393,33.1011],[130.8453,33.1077],[130.8525,33.1093],[130.8605,33.1182],[130.8639,33.1251],[130.8699,33.1458],[130.8786,33.1527],[130.8736,33.1668],[130.8771,33.1737],[130.8849,33.1761],[130.8865,33.1867],[130.874,33.1893],[130.8671,33.194],[130.8563,33.1985],[130.8441,33.2053],[130.8357,33.2114],[130.8394,33.2175],[130.8451,33.2231],[130.8546,33.2264],[130.8449,33.2331],[130.8293,33.2346],[130.8255,33.2439],[130.824,33.2532],[130.8292,33.2576],[130.8387,33.2574],[130.8457,33.2583],[130.855,33.2621],[130.8634,33.2619],[130.867,33.2675],[130.8619,33.2675],[130.8562,33.2729],[130.8517,33.2782],[130.8587,33.2862],[130.8654,33.2929],[130.8613,33.3033],[130.8605,33.3096],[130.8536,33.3247],[130.8499,33.3365],[130.8441,33.3385],[130.844,33.3333],[130.8345,33.3435],[130.8418,33.3489],[130.8507,33.3553],[130.8609,33.3628],[130.859,33.373],[130.8638,33.3773],[130.8694,33.3772],[130.8768,33.3778],[130.8855,33.3798],[130.8843,33.3908],[130.8873,33.4053],[130.8891,33.4162],[130.8909,33.4299],[130.8966,33.4383],[130.8945,33.4462],[130.8993,33.4491],[130.911,33.4507],[130.917,33.4554],[130.9254,33.4575],[130.9296,33.4652],[130.9254,33.4779],[130.9312,33.4795],[130.9403,33.4829],[130.9491,33.4876],[130.9602,33.4933],[130.9634,33.4983],[130.9699,33.5021],[130.9737,33.5055],[130.9808,33.5077],[130.9876,33.5082],[130.9968,33.5099],[131.0022,33.5122],[131.0107,33.5102],[131.0215,33.5133],[131.0294,33.5184],[131.0356,33.5182],[131.0415,33.5134],[131.0538,33.508],[131.0647,33.5098],[131.0708,33.5067],[131.0873,33.5065],[131.0953,33.5065],[131.1042,33.5065],[131.1114,33.5057],[131.1218,33.502],[131.1293,33.5021],[131.1427,33.5048],[131.1543,33.5068],[131.1626,33.5082],[131.169,33.5049],[131.1765,33.508],[131.1673,33.5157],[131.168,33.5248],[131.1768,33.5353],[131.1872,33.5462],[131.1891,33.5619],[131.1832,33.5687],[131.1733,33.5766],[131.1719,33.5865],[131.1752,33.5931],[131.1771,33.5992],[131.1783,33.607],[131.1845,33.6162],[131.1953,33.6151],[131.2052,33.616],[131.2157,33.6089],[131.2302,33.6015],[131.237,33.6017],[131.2445,33.6111],[131.2504,33.6065],[131.256,33.5978],[131.2672,33.5925],[131.2657,33.5876],[131.2726,33.5835],[131.2782,33.5807],[131.2883,33.5784],[131.2997,33.5809],[131.3103,33.5819],[131.3166,33.5805],[131.324,33.5806],[131.3328,33.5812],[131.3388,33.5713],[131.3525,33.5735],[131.3607,33.5778],[131.371,33.5765],[131.3794,33.576],[131.3876,33.5756],[131.3942,33.575],[131.4015,33.5738],[131.4126,33.5733],[131.4252,33.5733],[131.4231,33.5865],[131.4232,33.5917],[131.4445,33.607],[131.4614,33.6191],[131.4685,33.6121],[131.473,33.6209],[131.4741,33.6293],[131.4787,33.6331],[131.481,33.6381],[131.4839,33.6433],[131.4937,33.6435],[131.4968,33.6493],[131.4952,33.6548],[131.5015,33.6553],[131.4968,33.6629],[131.4981,33.6699],[131.5057,33.6707],[131.5138,33.6699],[131.521,33.6751],[131.5255,33.6723],[131.5231,33.681],[131.5336,33.6766],[131.5423,33.6767],[131.5439,33.6767]]]]}},{"type":"Feature","properties":{"nam":"Mie Ken","nam_ja":"\u4e09\u91cd\u770c","id":24},"geometry":{"type":"MultiPolygon","coordinates":[[[[136.5275,35.2575],[136.5337,35.2569],[136.5359,35.2501],[136.5412,35.2446],[136.5402,35.2391],[136.5441,35.2349],[136.5494,35.2337],[136.547,35.2279],[136.5482,35.22],[136.5568,35.22],[136.5609,35.2085],[136.5665,35.2045],[136.575,35.2019],[136.5778,35.1967],[136.5828,35.1962],[136.5849,35.1886],[136.5915,35.1856],[136.594,35.1809],[136.5997,35.1777],[136.6055,35.1701],[136.6117,35.1579],[136.6161,35.1495],[136.6218,35.1477],[136.6318,35.1501],[136.6381,35.1476],[136.6452,35.1446],[136.6444,35.1615],[136.656,35.1599],[136.6679,35.1389],[136.6694,35.1336],[136.6775,35.1286],[136.696,35.1236],[136.7016,35.1182],[136.7141,35.1049],[136.7335,35.0946],[136.7406,35.0865],[136.7468,35.0824],[136.7509,35.0772],[136.752,35.0589],[136.7531,35.0531],[136.7631,35.0349],[136.7725,35.0243],[136.7646,35.0207],[136.754,35.0317],[136.7497,35.0361],[136.7422,35.0339],[136.7343,35.0282],[136.7213,35.0253],[136.7135,35.0245],[136.7071,35.0229],[136.7,35.021],[136.6978,35.0159],[136.6997,35.0072],[136.6859,35.0041],[136.6764,35.0085],[136.6679,35.0037],[136.659,35],[136.6514,34.9931],[136.6458,34.9764],[136.6467,34.9645],[136.6399,34.9595],[136.6377,34.9531],[136.6453,34.9558],[136.6424,34.9508],[136.6332,34.9499],[136.6388,34.9416],[136.6437,34.9433],[136.6476,34.9465],[136.6575,34.9459],[136.663,34.9455],[136.6674,34.9416],[136.653,34.9373],[136.6471,34.9349],[136.6445,34.9258],[136.6449,34.9199],[136.6458,34.9107],[136.6462,34.9045],[136.6421,34.9005],[136.6343,34.8877],[136.6252,34.8698],[136.6218,34.8647],[136.6145,34.8536],[136.5988,34.8365],[136.5948,34.8316],[136.5701,34.8045],[136.5622,34.7963],[136.5439,34.773],[136.5337,34.7532],[136.5281,34.7346],[136.5204,34.6967],[136.5254,34.6811],[136.5297,34.684],[136.5358,34.6802],[136.5411,34.683],[136.5465,34.6799],[136.5421,34.6745],[136.549,34.6707],[136.553,34.6757],[136.5571,34.6714],[136.5538,34.6673],[136.5478,34.6661],[136.5482,34.6569],[136.5489,34.6347],[136.5438,34.6222],[136.5373,34.6165],[136.5316,34.6165],[136.5292,34.6115],[136.5384,34.6088],[136.548,34.6077],[136.5546,34.6149],[136.5595,34.6103],[136.5623,34.6147],[136.5614,34.6089],[136.57,34.6109],[136.5804,34.6052],[136.6035,34.6009],[136.6218,34.5983],[136.6427,34.5909],[136.6483,34.5865],[136.66,34.5661],[136.6649,34.5591],[136.6844,34.552],[136.6949,34.5466],[136.7114,34.5449],[136.7203,34.5425],[136.7334,34.5379],[136.7468,34.5254],[136.7612,34.516],[136.7769,34.5088],[136.7868,34.509],[136.7938,34.5067],[136.8084,34.5082],[136.8108,34.5032],[136.8156,34.4965],[136.8127,34.4924],[136.8157,34.4851],[136.8223,34.4873],[136.8283,34.4915],[136.8268,34.4979],[136.823,34.5037],[136.8309,34.5061],[136.8344,34.4992],[136.836,34.4942],[136.8412,34.4927],[136.845,34.4823],[136.8464,34.4748],[136.8535,34.4781],[136.8601,34.4788],[136.8676,34.4779],[136.8726,34.4739],[136.8718,34.4644],[136.8654,34.4627],[136.8715,34.4574],[136.8665,34.4539],[136.8718,34.4547],[136.8749,34.4507],[136.8837,34.4496],[136.8809,34.4408],[136.8827,34.4351],[136.8756,34.4286],[136.8841,34.4324],[136.8908,34.4348],[136.885,34.4375],[136.8874,34.4445],[136.8979,34.4477],[136.8928,34.4505],[136.9062,34.4516],[136.9096,34.4553],[136.917,34.4484],[136.9233,34.445],[136.9198,34.4398],[136.9217,34.4319],[136.9193,34.4249],[136.9238,34.4207],[136.9279,34.4134],[136.9182,34.4091],[136.915,34.4022],[136.9099,34.3983],[136.9092,34.3902],[136.9146,34.387],[136.9095,34.3879],[136.9118,34.3815],[136.9125,34.3759],[136.9032,34.3763],[136.8987,34.3873],[136.8937,34.3896],[136.887,34.3833],[136.8873,34.3895],[136.8797,34.3885],[136.8815,34.381],[136.8718,34.3851],[136.8758,34.3707],[136.8718,34.3742],[136.8688,34.3693],[136.8607,34.3676],[136.8572,34.3635],[136.8505,34.371],[136.8419,34.3717],[136.8374,34.3669],[136.8333,34.3614],[136.829,34.3641],[136.8195,34.3653],[136.8133,34.3676],[136.8221,34.3629],[136.8253,34.3528],[136.8355,34.3547],[136.8406,34.3597],[136.8407,34.3653],[136.8459,34.3697],[136.8508,34.3683],[136.8511,34.3561],[136.8565,34.3602],[136.8643,34.3636],[136.8687,34.3563],[136.8634,34.3533],[136.8654,34.3429],[136.8699,34.3497],[136.8776,34.355],[136.8846,34.3615],[136.8911,34.3653],[136.8978,34.3622],[136.9036,34.3635],[136.9004,34.3551],[136.8911,34.3491],[136.8828,34.3456],[136.8779,34.3365],[136.8778,34.3282],[136.8834,34.32],[136.8904,34.3154],[136.8865,34.3065],[136.8877,34.3013],[136.8891,34.2963],[136.8942,34.2917],[136.8983,34.2855],[136.8981,34.2785],[136.8935,34.2763],[136.8874,34.2751],[136.8813,34.2736],[136.8718,34.2729],[136.8718,34.2661],[136.8677,34.2625],[136.861,34.2625],[136.8533,34.2619],[136.8479,34.2563],[136.8474,34.2465],[136.8371,34.2517],[136.8247,34.2504],[136.807,34.2532],[136.7978,34.2549],[136.789,34.257],[136.7832,34.2586],[136.7775,34.2606],[136.7705,34.2594],[136.7602,34.2686],[136.7506,34.2696],[136.7559,34.2731],[136.765,34.2777],[136.7727,34.2771],[136.7789,34.2769],[136.7858,34.2775],[136.7932,34.2713],[136.7926,34.2777],[136.7991,34.2749],[136.8036,34.2709],[136.81,34.272],[136.8128,34.2662],[136.8181,34.2679],[136.8171,34.2731],[136.8249,34.2709],[136.8282,34.2656],[136.8296,34.2587],[136.8339,34.2661],[136.8341,34.2611],[136.8406,34.2643],[136.848,34.2702],[136.8511,34.2661],[136.8589,34.2653],[136.853,34.269],[136.8625,34.2701],[136.857,34.2729],[136.8589,34.279],[136.8499,34.2782],[136.8453,34.2808],[136.8436,34.2743],[136.8387,34.2706],[136.8334,34.2706],[136.8303,34.2751],[136.8328,34.2833],[136.838,34.2843],[136.8338,34.2914],[136.8423,34.2906],[136.8506,34.2867],[136.8589,34.2865],[136.8666,34.2865],[136.8598,34.2904],[136.8517,34.2898],[136.8467,34.295],[136.8504,34.3007],[136.8421,34.2944],[136.8326,34.2969],[136.8273,34.301],[136.8323,34.3057],[136.8396,34.3011],[136.8436,34.3047],[136.8486,34.3069],[136.8432,34.3086],[136.8478,34.3133],[136.8389,34.3113],[136.831,34.3081],[136.8238,34.3112],[136.8178,34.3123],[136.8122,34.3103],[136.8048,34.3089],[136.8047,34.3151],[136.8053,34.321],[136.8097,34.3265],[136.803,34.3217],[136.7974,34.3189],[136.802,34.3159],[136.7982,34.3112],[136.8017,34.3061],[136.8071,34.3009],[136.8107,34.2972],[136.8034,34.2954],[136.7975,34.2903],[136.792,34.2881],[136.7778,34.2923],[136.7831,34.2991],[136.7746,34.2957],[136.7736,34.3035],[136.7818,34.3067],[136.7752,34.3059],[136.7736,34.3131],[136.7686,34.3093],[136.7646,34.314],[136.7583,34.3153],[136.7633,34.3125],[136.7649,34.3043],[136.7593,34.3068],[136.7596,34.3011],[136.7539,34.299],[136.7607,34.2963],[136.7657,34.2937],[136.7576,34.2949],[136.7501,34.2933],[136.7404,34.2987],[136.7314,34.3019],[136.7237,34.3041],[136.7155,34.302],[136.712,34.2939],[136.7039,34.2916],[136.6981,34.29],[136.6929,34.2892],[136.6867,34.2846],[136.6859,34.2911],[136.6908,34.2941],[136.6886,34.2997],[136.6887,34.3056],[136.6916,34.3105],[136.6968,34.3113],[136.6944,34.3185],[136.6994,34.3179],[136.698,34.3229],[136.7056,34.3219],[136.7089,34.3173],[136.7081,34.3239],[136.7085,34.3305],[136.7136,34.3279],[136.7198,34.3305],[136.7286,34.3335],[136.7224,34.3339],[136.7252,34.3398],[136.7185,34.3419],[136.7138,34.3463],[136.7102,34.3399],[136.7059,34.3365],[136.704,34.3417],[136.7077,34.3466],[136.6986,34.3457],[136.693,34.3482],[136.6966,34.3433],[136.6949,34.3365],[136.6915,34.3328],[136.6865,34.3275],[136.6823,34.3238],[136.6866,34.3324],[136.6781,34.3365],[136.6847,34.3402],[136.6892,34.3435],[136.6814,34.3421],[136.6766,34.3393],[136.6724,34.3431],[136.6675,34.3443],[136.6598,34.3453],[136.6567,34.3392],[136.6623,34.3393],[136.671,34.3365],[136.6681,34.3313],[136.6719,34.3266],[136.6627,34.3257],[136.6575,34.3257],[136.6591,34.3206],[136.6519,34.3231],[136.6492,34.3163],[136.6427,34.3121],[136.6377,34.3083],[136.644,34.3095],[136.6513,34.3131],[136.6571,34.315],[136.6554,34.3098],[136.6631,34.3122],[136.6632,34.3174],[136.6703,34.3164],[136.674,34.3125],[136.6658,34.3069],[136.6644,34.301],[136.6555,34.2987],[136.6529,34.2928],[136.6594,34.2896],[136.6543,34.287],[136.6416,34.2853],[136.6364,34.2851],[136.6362,34.2791],[136.6284,34.2727],[136.6218,34.2736],[136.6156,34.2701],[136.6094,34.265],[136.6048,34.2583],[136.5957,34.2569],[136.5863,34.2575],[136.58,34.2683],[136.5801,34.2745],[136.5838,34.2707],[136.5787,34.278],[136.5718,34.275],[136.5743,34.2827],[136.5812,34.2857],[136.5782,34.2807],[136.5881,34.2851],[136.5921,34.2792],[136.5939,34.2841],[136.5966,34.2899],[136.5907,34.2946],[136.589,34.2885],[136.5845,34.2921],[136.5793,34.2897],[136.5717,34.2887],[136.5666,34.2865],[136.5569,34.2829],[136.5605,34.2755],[136.5535,34.2783],[136.5499,34.2824],[136.554,34.2751],[136.5578,34.2677],[136.5536,34.2621],[136.5489,34.2599],[136.5482,34.2544],[136.5375,34.2558],[136.5416,34.2647],[136.5414,34.27],[136.5391,34.2782],[136.5356,34.2731],[136.5302,34.2667],[136.5302,34.2685],[136.5239,34.2732],[136.5244,34.2675],[136.5112,34.271],[136.5149,34.276],[136.5041,34.2777],[136.5049,34.2657],[136.5094,34.2625],[136.5081,34.2532],[136.5134,34.2448],[136.5184,34.2429],[136.5102,34.2423],[136.5059,34.2506],[136.4987,34.2546],[136.4933,34.2581],[136.4906,34.2521],[136.4987,34.2517],[136.5042,34.2437],[136.4968,34.244],[136.4918,34.2421],[136.4844,34.2395],[136.4889,34.2341],[136.4933,34.2385],[136.4994,34.2383],[136.5068,34.233],[136.4968,34.2297],[136.4937,34.2249],[136.4816,34.2197],[136.4835,34.2255],[136.4752,34.2277],[136.4657,34.2317],[136.4609,34.2383],[136.4595,34.2443],[136.4658,34.2485],[136.4729,34.2483],[136.4681,34.2497],[136.4701,34.2557],[136.4614,34.2532],[136.4587,34.2478],[136.4506,34.2473],[136.4408,34.2478],[136.447,34.2461],[136.4542,34.2426],[136.4545,34.2341],[136.4521,34.2281],[136.4574,34.2263],[136.4511,34.2197],[136.4406,34.2209],[136.4305,34.2196],[136.428,34.2145],[136.4186,34.2113],[136.4028,34.2064],[136.3988,34.2028],[136.3966,34.2078],[136.3927,34.2115],[136.397,34.2165],[136.3884,34.2168],[136.3863,34.2095],[136.38,34.2057],[136.3742,34.1973],[136.3648,34.1907],[136.3591,34.1951],[136.3542,34.1963],[136.3489,34.1993],[136.3591,34.2073],[136.3528,34.2084],[136.3417,34.2057],[136.3371,34.1993],[136.3305,34.1986],[136.3219,34.1959],[136.3284,34.1969],[136.3368,34.197],[136.3321,34.1884],[136.3352,34.1832],[136.3286,34.1823],[136.3223,34.1861],[136.318,34.1831],[136.3092,34.1793],[136.3035,34.1801],[136.2987,34.1755],[136.2953,34.1699],[136.2925,34.1657],[136.2903,34.1597],[136.283,34.1631],[136.2789,34.1578],[136.28,34.1518],[136.2847,34.1495],[136.2811,34.1438],[136.2767,34.1363],[136.2809,34.1299],[136.288,34.1321],[136.2914,34.1271],[136.2832,34.1225],[136.2854,34.117],[136.2925,34.1123],[136.2981,34.1125],[136.298,34.1179],[136.3056,34.1183],[136.3106,34.1175],[136.3153,34.1145],[136.3087,34.1135],[136.3067,34.1057],[136.3021,34.0987],[136.2976,34.0897],[136.2936,34.0943],[136.2846,34.0942],[136.2802,34.0904],[136.2748,34.0837],[136.2671,34.0815],[136.2717,34.0865],[136.2669,34.0921],[136.2659,34.0994],[136.273,34.1021],[136.2677,34.1023],[136.2594,34.0989],[136.2599,34.0917],[136.254,34.088],[136.2492,34.0947],[136.2486,34.1024],[136.2561,34.1065],[136.2664,34.1122],[136.2694,34.1211],[136.2756,34.1219],[136.2684,34.1288],[136.2597,34.1204],[136.2527,34.1119],[136.2468,34.1108],[136.2413,34.1087],[136.2328,34.1027],[136.2272,34.1],[136.2349,34.0901],[136.2288,34.0857],[136.2253,34.0816],[136.2204,34.0803],[136.2153,34.0797],[136.2101,34.0773],[136.2036,34.0766],[136.2045,34.0684],[136.2105,34.0653],[136.218,34.0631],[136.2263,34.0651],[136.2354,34.0641],[136.2407,34.0642],[136.2487,34.0632],[136.2433,34.0596],[136.2443,34.0521],[136.244,34.0387],[136.254,34.0359],[136.2644,34.0317],[136.272,34.0283],[136.2781,34.0237],[136.2821,34.0196],[136.2724,34.0166],[136.2637,34.0111],[136.2511,34.0161],[136.2428,34.0146],[136.2543,34.0095],[136.2626,34.0044],[136.2717,34.005],[136.2668,33.995],[136.2574,33.9979],[136.2599,33.9889],[136.2663,33.989],[136.2715,33.9881],[136.2715,33.9731],[136.2654,33.9709],[136.2564,33.968],[136.2505,33.9705],[136.2422,33.9704],[136.235,33.9747],[136.2352,33.9799],[136.2468,33.9797],[136.2518,33.9803],[136.2468,33.9849],[136.2278,33.9883],[136.2204,33.9949],[136.2165,34.0007],[136.2108,33.9996],[136.2151,33.9839],[136.2026,33.9715],[136.1958,33.9724],[136.1981,33.9648],[136.2122,33.9695],[136.2171,33.9741],[136.2161,33.9656],[136.2263,33.9643],[136.2248,33.9581],[136.2272,33.9509],[136.2315,33.9474],[136.2259,33.9461],[136.2169,33.9473],[136.2192,33.9415],[136.215,33.9381],[136.2135,33.9316],[136.2079,33.9321],[136.2121,33.9374],[136.2007,33.9445],[136.1959,33.9423],[136.1912,33.9399],[136.1825,33.9388],[136.1886,33.9339],[136.1957,33.936],[136.194,33.9259],[136.1983,33.9199],[136.1893,33.9182],[136.1797,33.9134],[136.1705,33.9125],[136.1689,33.9199],[136.1721,33.9249],[136.1645,33.9285],[136.1572,33.9309],[136.1507,33.9309],[136.1489,33.924],[136.1544,33.9199],[136.1516,33.9133],[136.1424,33.9105],[136.1451,33.9028],[136.1499,33.9004],[136.1403,33.8969],[136.1344,33.899],[136.1366,33.8885],[136.1302,33.8849],[136.1268,33.8925],[136.1218,33.8977],[136.1166,33.8915],[136.1077,33.8904],[136.0879,33.8721],[136.0657,33.8405],[136.0558,33.8239],[136.0484,33.8097],[136.0315,33.7721],[136.024,33.7532],[136.0219,33.7423],[136.0198,33.7374],[136.0156,33.7345],[136.0113,33.7235],[135.997,33.7303],[135.9835,33.736],[135.9736,33.7357],[135.9745,33.7292],[135.9762,33.7233],[135.9659,33.7238],[135.9533,33.7286],[135.9412,33.7351],[135.9386,33.7532],[135.9302,33.7539],[135.922,33.7573],[135.917,33.7661],[135.9071,33.7667],[135.9013,33.7801],[135.8974,33.7855],[135.89,33.8019],[135.8837,33.8013],[135.8718,33.8088],[135.8648,33.8101],[135.8563,33.818],[135.8584,33.8289],[135.8554,33.8365],[135.8602,33.8488],[135.8556,33.8543],[135.8531,33.861],[135.8572,33.8655],[135.8576,33.8729],[135.8604,33.8655],[135.8648,33.8608],[135.8718,33.8588],[135.8771,33.8705],[135.8847,33.8723],[135.89,33.8684],[135.8955,33.8688],[135.9013,33.8835],[135.8923,33.8936],[135.8918,33.8813],[135.8838,33.8864],[135.8879,33.8947],[135.8815,33.9011],[135.8786,33.9085],[135.8942,33.906],[135.8974,33.9121],[135.8933,33.9199],[135.9042,33.9199],[135.9171,33.9197],[135.9215,33.9143],[135.9323,33.9167],[135.9295,33.9231],[135.9245,33.9199],[135.9177,33.9222],[135.9182,33.9304],[135.9231,33.9345],[135.9306,33.9331],[135.9278,33.9409],[135.9331,33.9395],[135.9414,33.9397],[135.9537,33.9359],[135.9649,33.9279],[135.9756,33.9451],[135.9767,33.9537],[135.9748,33.9603],[135.9766,33.9664],[135.9816,33.9681],[135.987,33.9679],[135.9968,33.9568],[136.0022,33.9611],[136.011,33.9662],[136.0129,33.9737],[136.0053,33.9826],[136.0042,33.9897],[135.9968,33.9975],[136.001,34.0013],[136.0066,34.0071],[136.0043,34.0139],[136.0089,34.0209],[136.0147,34.0249],[136.0186,34.0359],[136.0239,34.0355],[136.0294,34.0323],[136.0377,34.0403],[136.0436,34.0405],[136.0438,34.0353],[136.0528,34.032],[136.0634,34.0329],[136.0732,34.0333],[136.0784,34.0308],[136.0868,34.0283],[136.0968,34.0225],[136.101,34.0255],[136.102,34.0334],[136.0981,34.0435],[136.0924,34.0478],[136.096,34.0561],[136.0938,34.0642],[136.0937,34.0719],[136.0964,34.0763],[136.0927,34.0826],[136.0971,34.0865],[136.1148,34.0821],[136.103,34.0955],[136.1074,34.1027],[136.1042,34.1087],[136.1042,34.1141],[136.099,34.1187],[136.1025,34.1224],[136.1081,34.1267],[136.1038,34.1369],[136.1054,34.1437],[136.1055,34.1503],[136.1141,34.1593],[136.1117,34.1641],[136.1078,34.1699],[136.1086,34.1843],[136.1003,34.1863],[136.0926,34.19],[136.0931,34.1956],[136.0969,34.2019],[136.1049,34.2061],[136.1078,34.2105],[136.1165,34.2123],[136.1169,34.223],[136.1102,34.2239],[136.1102,34.2292],[136.1161,34.2311],[136.1218,34.2387],[136.1289,34.2427],[136.13,34.248],[136.1277,34.2555],[136.1218,34.2594],[136.1209,34.2664],[136.1132,34.2777],[136.0985,34.2885],[136.0947,34.301],[136.0996,34.3053],[136.1053,34.305],[136.1116,34.3057],[136.1189,34.3104],[136.1292,34.3159],[136.1218,34.3255],[136.1111,34.3283],[136.1017,34.3365],[136.0977,34.3455],[136.0975,34.3509],[136.0952,34.3595],[136.0904,34.3625],[136.0913,34.3679],[136.088,34.3749],[136.0786,34.3855],[136.0703,34.3881],[136.0687,34.3935],[136.0729,34.3968],[136.0752,34.4031],[136.0802,34.4097],[136.0883,34.4141],[136.09,34.4199],[136.0885,34.4282],[136.0958,34.4352],[136.1012,34.4355],[136.1073,34.4357],[136.1165,34.4413],[136.1218,34.4432],[136.1279,34.4449],[136.143,34.4415],[136.1489,34.4415],[136.1577,34.4482],[136.1657,34.448],[136.1776,34.4453],[136.188,34.4503],[136.2059,34.4485],[136.2077,34.4581],[136.2093,34.4658],[136.2126,34.4709],[136.2151,34.4781],[136.218,34.484],[136.2274,34.4887],[136.229,34.4941],[136.2202,34.4964],[136.2147,34.5032],[136.2167,34.5084],[136.2192,34.5128],[136.216,34.5228],[136.2163,34.5281],[136.1973,34.5245],[136.1899,34.5238],[136.1821,34.5171],[136.1671,34.52],[136.1683,34.5264],[136.1715,34.5341],[136.1682,34.5395],[136.1601,34.5463],[136.1577,34.5539],[136.1556,34.5587],[136.1511,34.5555],[136.1399,34.5591],[136.1236,34.5491],[136.1186,34.5471],[136.1106,34.5559],[136.1022,34.5562],[136.0963,34.5574],[136.0891,34.5586],[136.0841,34.5593],[136.0791,34.5632],[136.0735,34.5667],[136.0662,34.5673],[136.061,34.569],[136.0579,34.577],[136.0529,34.5783],[136.0478,34.5833],[136.0515,34.5919],[136.0463,34.6002],[136.0517,34.6075],[136.0606,34.6161],[136.0674,34.6217],[136.0704,34.6291],[136.0725,34.6366],[136.0646,34.6513],[136.0584,34.6525],[136.0519,34.6521],[136.0402,34.66],[136.0635,34.6521],[136.0694,34.6564],[136.0767,34.659],[136.0821,34.666],[136.0855,34.6763],[136.0807,34.6826],[136.0747,34.6976],[136.06,34.6997],[136.0546,34.7029],[136.0632,34.7085],[136.07,34.7137],[136.0678,34.7227],[136.0638,34.7261],[136.0552,34.7384],[136.0477,34.7427],[136.0406,34.7485],[136.0379,34.7532],[136.0312,34.7558],[136.0296,34.7607],[136.0319,34.7707],[136.0335,34.7789],[136.0248,34.7814],[136.0203,34.7892],[136.0263,34.7907],[136.0321,34.7937],[136.0422,34.7987],[136.0515,34.7991],[136.0568,34.8035],[136.0615,34.7998],[136.0714,34.8043],[136.0753,34.808],[136.0818,34.8082],[136.0881,34.8113],[136.094,34.8189],[136.0876,34.829],[136.0858,34.8365],[136.094,34.8398],[136.1014,34.8405],[136.1073,34.8519],[136.1124,34.8559],[136.1218,34.8601],[136.1266,34.8618],[136.123,34.8658],[136.1218,34.8728],[136.1141,34.8702],[136.1086,34.8698],[136.1009,34.8703],[136.0951,34.8734],[136.0873,34.8764],[136.0887,34.8818],[136.087,34.8905],[136.0923,34.8882],[136.0999,34.8925],[136.1051,34.8991],[136.1106,34.9019],[136.1146,34.8953],[136.1218,34.888],[136.1308,34.8831],[136.1367,34.8883],[136.1471,34.8823],[136.1575,34.8847],[136.1653,34.8878],[136.1794,34.8865],[136.1789,34.8807],[136.1854,34.8783],[136.1897,34.8745],[136.1966,34.871],[136.2027,34.8683],[136.2134,34.8655],[136.2211,34.8633],[136.2287,34.8614],[136.2369,34.8598],[136.2432,34.8587],[136.2503,34.8578],[136.2663,34.8639],[136.2722,34.8691],[136.277,34.8742],[136.2835,34.8703],[136.291,34.8704],[136.3003,34.876],[136.3122,34.8803],[136.3129,34.8862],[136.3205,34.8897],[136.3288,34.8906],[136.3393,34.8953],[136.3455,34.8952],[136.3496,34.8985],[136.3571,34.9005],[136.3617,34.905],[136.3644,34.9103],[136.3669,34.9199],[136.3718,34.9236],[136.3718,34.9344],[136.373,34.9418],[136.3862,34.9524],[136.3952,34.9517],[136.3995,34.9621],[136.4028,34.9681],[136.4143,34.9796],[136.4148,34.9847],[136.4154,34.991],[136.4209,34.9997],[136.4175,35.0091],[136.4179,35.0181],[136.4228,35.0261],[136.4187,35.03],[136.4167,35.0422],[136.4182,35.0484],[136.4243,35.0565],[136.4336,35.0603],[136.4382,35.0652],[136.4386,35.0763],[136.4356,35.0827],[136.4419,35.0865],[136.4391,35.0907],[136.4414,35.1007],[136.4413,35.1089],[136.4407,35.1169],[136.4478,35.1235],[136.436,35.1301],[136.4374,35.1353],[136.4419,35.1387],[136.4452,35.1495],[136.4538,35.152],[136.4532,35.1582],[136.4522,35.1657],[136.4456,35.1659],[136.4408,35.1715],[136.4366,35.1745],[136.4247,35.1838],[136.4186,35.1834],[136.4083,35.1872],[136.4124,35.1955],[136.4167,35.2027],[136.4149,35.2177],[136.427,35.2271],[136.4317,35.2291],[136.4358,35.2194],[136.4421,35.2171],[136.4509,35.2258],[136.4544,35.2294],[136.462,35.2361],[136.4702,35.2329],[136.4738,35.2375],[136.4801,35.2349],[136.4896,35.2359],[136.4952,35.2379],[136.5024,35.2347],[136.5078,35.2362],[136.5112,35.2407],[136.5138,35.2479],[136.5154,35.2532],[136.5275,35.2575]]]]}},{"type":"Feature","properties":{"nam":"Hiroshima Ken","nam_ja":"\u5e83\u5cf6\u770c","id":34},"geometry":{"type":"MultiPolygon","coordinates":[[[[132.859,35.0926],[132.8635,35.0972],[132.87,35.1002],[132.8788,35.1027],[132.8876,35.1057],[132.8972,35.1035],[132.9088,35.0865],[132.9158,35.0847],[132.9208,35.0839],[132.9338,35.0835],[132.9499,35.0755],[132.9552,35.0783],[132.9664,35.0808],[132.9743,35.0835],[132.9795,35.0943],[132.9867,35.1007],[132.9935,35.0978],[133.0015,35.0955],[133.0039,35.0903],[133.0119,35.0883],[133.0153,35.0805],[133.0255,35.0768],[133.0315,35.0717],[133.0435,35.0681],[133.0518,35.0704],[133.0603,35.0814],[133.0685,35.0802],[133.0838,35.0791],[133.0937,35.0845],[133.1026,35.0827],[133.1123,35.0857],[133.1192,35.0846],[133.1255,35.0787],[133.1341,35.0753],[133.136,35.0693],[133.1424,35.0652],[133.1526,35.0703],[133.1611,35.0736],[133.1685,35.0677],[133.1791,35.0675],[133.1976,35.0721],[133.2039,35.0728],[133.2142,35.074],[133.2283,35.0684],[133.232,35.0776],[133.2398,35.0791],[133.2468,35.0785],[133.258,35.0676],[133.2618,35.0624],[133.2673,35.0593],[133.2667,35.0519],[133.2737,35.0464],[133.2798,35.0415],[133.2854,35.0395],[133.2922,35.033],[133.2964,35.0251],[133.3027,35.0196],[133.3105,35.0139],[133.3161,35.011],[133.3212,35.0061],[133.3199,35],[133.3203,34.9867],[133.3128,34.9795],[133.3099,34.9745],[133.3031,34.9715],[133.3034,34.9643],[133.2995,34.9585],[133.3089,34.9371],[133.3016,34.928],[133.3042,34.9199],[133.3023,34.913],[133.297,34.9089],[133.2944,34.9028],[133.296,34.8947],[133.2972,34.8895],[133.3031,34.8834],[133.3062,34.8783],[133.3102,34.8737],[133.3161,34.8673],[133.3234,34.8645],[133.3226,34.8591],[133.3301,34.8559],[133.3304,34.8502],[133.3349,34.8447],[133.3323,34.8396],[133.3442,34.8297],[133.3528,34.8297],[133.357,34.8223],[133.3672,34.8191],[133.3745,34.8126],[133.3778,34.8051],[133.3758,34.7967],[133.3727,34.7923],[133.3716,34.7846],[133.3758,34.7815],[133.3681,34.7742],[133.3652,34.7685],[133.3669,34.7613],[133.3619,34.7569],[133.367,34.7532],[133.3698,34.7466],[133.3605,34.7356],[133.3621,34.7266],[133.3667,34.7238],[133.3692,34.7177],[133.3703,34.7121],[133.3718,34.7047],[133.3733,34.6997],[133.3752,34.6946],[133.3826,34.6894],[133.3857,34.6838],[133.388,34.6766],[133.3941,34.6736],[133.4028,34.6719],[133.3995,34.662],[133.3961,34.6529],[133.3886,34.6437],[133.3873,34.635],[133.3857,34.6259],[133.3829,34.6215],[133.3858,34.6161],[133.3925,34.61],[133.396,34.6023],[133.3965,34.5954],[133.4068,34.5893],[133.4124,34.5888],[133.4214,34.5868],[133.4243,34.5758],[133.4263,34.5704],[133.431,34.5663],[133.4421,34.5587],[133.4458,34.5496],[133.4489,34.5427],[133.4527,34.5351],[133.453,34.5299],[133.4484,34.5225],[133.4484,34.5116],[133.4455,34.5057],[133.4534,34.5063],[133.4543,34.4944],[133.4482,34.4871],[133.4461,34.4813],[133.4441,34.486],[133.4423,34.4811],[133.4445,34.4466],[133.4259,34.4528],[133.4145,34.4593],[133.4143,34.4784],[133.4089,34.4799],[133.4105,34.4729],[133.4062,34.4621],[133.4145,34.4529],[133.434,34.4431],[133.4392,34.4365],[133.4307,34.4241],[133.4116,34.4376],[133.4042,34.4355],[133.4072,34.4285],[133.3963,34.4268],[133.3909,34.4226],[133.3859,34.4219],[133.3799,34.3928],[133.3831,34.3884],[133.3829,34.3812],[133.3774,34.3817],[133.3718,34.3747],[133.3669,34.3691],[133.3617,34.3689],[133.3552,34.3681],[133.3464,34.3655],[133.3464,34.3765],[133.34,34.3788],[133.3347,34.3807],[133.3259,34.3796],[133.3159,34.3811],[133.3104,34.3839],[133.3041,34.3863],[133.2965,34.3851],[133.2904,34.3849],[133.2848,34.388],[133.2804,34.3955],[133.281,34.4011],[133.2755,34.3955],[133.2676,34.3923],[133.2617,34.3948],[133.2544,34.3887],[133.2468,34.3894],[133.2429,34.3998],[133.2524,34.4015],[133.257,34.3968],[133.2617,34.4047],[133.2704,34.4061],[133.2724,34.4135],[133.2728,34.4199],[133.27,34.4259],[133.27,34.4315],[133.2659,34.4345],[133.2569,34.4359],[133.2567,34.4417],[133.2513,34.4415],[133.2548,34.4275],[133.2468,34.4352],[133.2415,34.4359],[133.2439,34.4235],[133.2369,34.4199],[133.2327,34.4163],[133.2251,34.4099],[133.2179,34.4093],[133.2107,34.4106],[133.193,34.4035],[133.1784,34.3992],[133.1667,34.3966],[133.1537,34.3936],[133.129,34.3836],[133.1218,34.3827],[133.1101,34.3881],[133.102,34.3908],[133.0879,34.3941],[133.0923,34.3887],[133.086,34.3781],[133.0823,34.3579],[133.0791,34.3463],[133.072,34.3429],[133.0605,34.3451],[133.0498,34.3413],[133.0469,34.3365],[133.0395,34.3312],[133.0369,34.3363],[133.0274,34.3317],[133.0224,34.3311],[133.0168,34.3291],[133.01,34.3291],[133.0021,34.3339],[132.9968,34.3353],[132.987,34.3325],[132.9782,34.3333],[132.9647,34.3365],[132.9541,34.3365],[132.942,34.3351],[132.9298,34.3261],[132.9203,34.3257],[132.9159,34.3297],[132.9139,34.3365],[132.9131,34.3293],[132.8945,34.3263],[132.8882,34.3239],[132.8864,34.3189],[132.8785,34.3155],[132.8718,34.3121],[132.8718,34.3062],[132.8641,34.3014],[132.8584,34.2997],[132.8539,34.2965],[132.8469,34.2923],[132.8456,34.2991],[132.8343,34.3043],[132.8365,34.3122],[132.8313,34.3143],[132.8239,34.3154],[132.8142,34.3149],[132.8009,34.3103],[132.797,34.3053],[132.7952,34.2981],[132.792,34.2937],[132.7873,34.286],[132.7881,34.2782],[132.7807,34.2773],[132.775,34.2801],[132.7698,34.2789],[132.7647,34.282],[132.7567,34.2805],[132.753,34.2767],[132.7589,34.2691],[132.7571,34.2637],[132.7529,34.2605],[132.7638,34.2623],[132.7708,34.2592],[132.7721,34.2532],[132.7666,34.2495],[132.7575,34.2463],[132.7572,34.2411],[132.7468,34.2424],[132.7374,34.2421],[132.7276,34.2394],[132.7183,34.2403],[132.7036,34.2365],[132.6962,34.2345],[132.6912,34.2281],[132.6842,34.2217],[132.684,34.2108],[132.6742,34.2145],[132.6667,34.2191],[132.6603,34.2183],[132.6608,34.2097],[132.6547,34.2069],[132.6474,34.2045],[132.6426,34.2031],[132.6352,34.2017],[132.6272,34.2059],[132.6218,34.2121],[132.616,34.2128],[132.6157,34.2239],[132.6036,34.2233],[132.5958,34.2307],[132.5859,34.2145],[132.5764,34.2058],[132.572,34.2021],[132.5678,34.1985],[132.5534,34.1957],[132.5428,34.1942],[132.5377,34.1937],[132.5406,34.2028],[132.5435,34.2088],[132.5312,34.2213],[132.5373,34.2285],[132.5468,34.2257],[132.5495,34.2302],[132.5553,34.2337],[132.5556,34.2399],[132.5512,34.2425],[132.5445,34.2403],[132.5389,34.2476],[132.5348,34.2436],[132.5238,34.2457],[132.5283,34.2483],[132.5293,34.2532],[132.5246,34.2586],[132.5179,34.2557],[132.5167,34.2622],[132.516,34.2738],[132.5181,34.2809],[132.5137,34.2889],[132.5083,34.2929],[132.5042,34.3019],[132.4968,34.3107],[132.4968,34.3183],[132.5028,34.3268],[132.5036,34.3365],[132.4975,34.3365],[132.4911,34.3365],[132.4968,34.3487],[132.5024,34.3491],[132.5051,34.3443],[132.5072,34.3391],[132.516,34.3445],[132.5082,34.3525],[132.5183,34.3579],[132.5237,34.3584],[132.5181,34.3613],[132.5131,34.3617],[132.508,34.3569],[132.5005,34.3556],[132.4917,34.3536],[132.486,34.3555],[132.4811,34.3571],[132.4696,34.3519],[132.4643,34.3531],[132.4569,34.3517],[132.458,34.3637],[132.4551,34.3558],[132.4493,34.3513],[132.4359,34.3529],[132.4289,34.3553],[132.4228,34.3595],[132.4125,34.3625],[132.4034,34.3623],[132.3985,34.3651],[132.3797,34.3616],[132.3742,34.36],[132.3661,34.3578],[132.3613,34.3561],[132.3611,34.3561],[132.3637,34.3609],[132.3463,34.3565],[132.3399,34.3533],[132.3492,34.3535],[132.3398,34.3469],[132.3342,34.3443],[132.3453,34.3445],[132.336,34.3377],[132.332,34.3451],[132.326,34.3443],[132.3203,34.3388],[132.3198,34.3338],[132.3178,34.324],[132.3139,34.3189],[132.3081,34.3167],[132.3043,34.3103],[132.3,34.3061],[132.2934,34.3027],[132.2865,34.2962],[132.2826,34.2903],[132.275,34.2807],[132.2709,34.2771],[132.2643,34.2783],[132.2636,34.2725],[132.2491,34.2664],[132.2382,34.2614],[132.2322,34.2573],[132.2258,34.2465],[132.2269,34.2363],[132.2199,34.2333],[132.236,34.2255],[132.2393,34.218],[132.2446,34.2143],[132.2213,34.2083],[132.2152,34.2047],[132.2088,34.2025],[132.2015,34.2078],[132.1958,34.2043],[132.2035,34.2245],[132.1985,34.2253],[132.1927,34.2307],[132.1828,34.2285],[132.1703,34.2253],[132.1692,34.2337],[132.1586,34.2335],[132.1524,34.2337],[132.1447,34.2364],[132.1465,34.2532],[132.1449,34.2581],[132.138,34.2629],[132.1353,34.2683],[132.1366,34.2801],[132.1394,34.2847],[132.1292,34.2943],[132.1247,34.2913],[132.1279,34.296],[132.1288,34.3038],[132.1225,34.3087],[132.124,34.3145],[132.1276,34.3217],[132.1267,34.3326],[132.1218,34.3336],[132.1128,34.3305],[132.1003,34.3365],[132.1004,34.3443],[132.095,34.3501],[132.0881,34.3515],[132.0844,34.3579],[132.077,34.3559],[132.0692,34.3563],[132.071,34.3625],[132.0694,34.3695],[132.0738,34.3733],[132.075,34.3834],[132.0767,34.3888],[132.0699,34.3908],[132.0733,34.4017],[132.0716,34.4083],[132.0681,34.4151],[132.0729,34.4199],[132.0767,34.4259],[132.0742,34.4319],[132.0802,34.4423],[132.0686,34.4641],[132.0633,34.4762],[132.0581,34.4882],[132.0523,34.4975],[132.0441,34.4997],[132.0359,34.5022],[132.0418,34.5075],[132.0482,34.5161],[132.0473,34.5215],[132.0527,34.5299],[132.058,34.5302],[132.0626,34.5334],[132.0747,34.5358],[132.0838,34.5379],[132.0912,34.5462],[132.098,34.5528],[132.1063,34.5583],[132.111,34.5619],[132.1152,34.5667],[132.118,34.5746],[132.1218,34.5811],[132.1237,34.5865],[132.1273,34.5921],[132.1299,34.598],[132.1218,34.6],[132.1169,34.6026],[132.1157,34.6127],[132.1212,34.6191],[132.1296,34.6303],[132.1283,34.6365],[132.126,34.6413],[132.1338,34.6453],[132.1373,34.6522],[132.1464,34.6621],[132.1478,34.6681],[132.154,34.6779],[132.1612,34.6833],[132.1588,34.6899],[132.1519,34.693],[132.1435,34.6937],[132.1357,34.6957],[132.1312,34.6991],[132.13,34.708],[132.136,34.708],[132.1423,34.7119],[132.1495,34.7182],[132.1537,34.7213],[132.1605,34.7253],[132.176,34.7339],[132.1843,34.7338],[132.1928,34.7374],[132.1961,34.7449],[132.203,34.7488],[132.2094,34.7449],[132.2151,34.7462],[132.2215,34.7503],[132.2236,34.758],[132.226,34.7659],[132.2284,34.7719],[132.2334,34.774],[132.2379,34.7795],[132.2418,34.7845],[132.2417,34.7895],[132.2419,34.799],[132.241,34.8059],[132.2505,34.8071],[132.2593,34.8065],[132.2669,34.8021],[132.2699,34.7981],[132.2776,34.7987],[132.2749,34.7938],[132.2782,34.7892],[132.2797,34.7835],[132.2911,34.7783],[132.298,34.7771],[132.301,34.7847],[132.306,34.7901],[132.3137,34.7986],[132.3205,34.7961],[132.3248,34.7924],[132.3356,34.7901],[132.3477,34.7948],[132.352,34.7981],[132.3603,34.8002],[132.3718,34.8012],[132.3812,34.7961],[132.381,34.7858],[132.3895,34.7827],[132.396,34.7794],[132.4061,34.7911],[132.4139,34.7979],[132.4228,34.7981],[132.4232,34.8035],[132.4222,34.8102],[132.4329,34.8176],[132.4454,34.8147],[132.4559,34.8074],[132.4621,34.8028],[132.4712,34.8023],[132.4796,34.7998],[132.4844,34.7973],[132.4905,34.7999],[132.5006,34.7992],[132.5051,34.796],[132.5109,34.8014],[132.5195,34.8037],[132.5307,34.7975],[132.5374,34.7949],[132.5436,34.7977],[132.5468,34.8029],[132.5536,34.8081],[132.5607,34.8073],[132.5673,34.8064],[132.5689,34.8118],[132.5788,34.8161],[132.5858,34.8227],[132.5936,34.8292],[132.5982,34.8323],[132.6054,34.8317],[132.6116,34.8343],[132.6114,34.8404],[132.6201,34.8429],[132.6319,34.8427],[132.642,34.8379],[132.6507,34.8405],[132.6601,34.8327],[132.6691,34.8329],[132.671,34.8433],[132.6792,34.8513],[132.6847,34.8508],[132.6923,34.8448],[132.6972,34.8429],[132.7014,34.8467],[132.7099,34.8499],[132.708,34.8605],[132.6999,34.8821],[132.6838,34.8847],[132.6751,34.8943],[132.663,34.8899],[132.6547,34.8997],[132.6488,34.9005],[132.635,34.8987],[132.6404,34.9039],[132.6439,34.9098],[132.6505,34.9199],[132.6561,34.9229],[132.6616,34.9246],[132.6672,34.9311],[132.6729,34.9319],[132.6829,34.9454],[132.6845,34.9507],[132.6895,34.9518],[132.6992,34.9532],[132.707,34.955],[132.7126,34.9534],[132.7163,34.9499],[132.7268,34.9533],[132.7378,34.9609],[132.7407,34.9567],[132.7468,34.9593],[132.7496,34.9655],[132.7489,34.9726],[132.7452,34.9771],[132.7548,34.9779],[132.7627,34.9812],[132.7679,34.9847],[132.7651,34.9901],[132.7656,34.9965],[132.7772,34.9997],[132.7872,35.0048],[132.7871,35.014],[132.7939,35.0201],[132.8049,35.0257],[132.8102,35.0323],[132.8139,35.0407],[132.8287,35.047],[132.8362,35.0473],[132.8365,35.0525],[132.8309,35.0569],[132.827,35.0612],[132.8363,35.0701],[132.8447,35.0793],[132.8496,35.0841],[132.8592,35.0915],[132.859,35.0926]]]]}},{"type":"Feature","properties":{"nam":"Hokkai Do","nam_ja":"\u5317\u6d77\u9053","id":1},"geometry":{"type":"MultiPolygon","coordinates":[[[[148.3427,45.2912],[148.3417,45.2973],[148.3521,45.3026],[148.3547,45.3087],[148.3718,45.3163],[148.3818,45.319],[148.3882,45.3203],[148.3951,45.3229],[148.4005,45.3258],[148.4092,45.3293],[148.4174,45.3277],[148.4183,45.3365],[148.4236,45.3426],[148.4259,45.3482],[148.4309,45.3464],[148.4442,45.3532],[148.4512,45.3628],[148.4564,45.3613],[148.455,45.3691],[148.4594,45.3765],[148.4649,45.3803],[148.4708,45.3771],[148.4766,45.3802],[148.4815,45.3887],[148.4772,45.3919],[148.4723,45.3978],[148.4792,45.4108],[148.4876,45.4199],[148.4946,45.4229],[148.502,45.4246],[148.5106,45.4309],[148.5202,45.4425],[148.5249,45.4479],[148.5303,45.45],[148.5377,45.4499],[148.5442,45.4527],[148.551,45.458],[148.56,45.4609],[148.5691,45.4729],[148.5718,45.4787],[148.5765,45.4847],[148.5825,45.4907],[148.5896,45.4919],[148.5946,45.4927],[148.6038,45.4923],[148.6111,45.4935],[148.6162,45.4995],[148.6218,45.4995],[148.6324,45.5032],[148.6397,45.5083],[148.6425,45.5167],[148.641,45.5233],[148.6536,45.5375],[148.6618,45.5395],[148.667,45.5377],[148.6802,45.5383],[148.688,45.5403],[148.7208,45.5445],[148.7377,45.5495],[148.7468,45.5505],[148.754,45.5571],[148.7612,45.5547],[148.7664,45.5549],[148.7774,45.5548],[148.7852,45.5573],[148.7996,45.5521],[148.8112,45.5535],[148.8323,45.5487],[148.8396,45.5521],[148.8413,45.5447],[148.8557,45.5423],[148.8642,45.5374],[148.8718,45.5354],[148.8811,45.5255],[148.8898,45.5168],[148.8954,45.5131],[148.8937,45.5032],[148.8883,45.4843],[148.8718,45.4746],[148.8579,45.4693],[148.8367,45.4624],[148.8311,45.4541],[148.8283,45.4392],[148.8317,45.4277],[148.8428,45.4255],[148.8553,45.4199],[148.8577,45.4133],[148.8628,45.4079],[148.8703,45.4033],[148.8747,45.3982],[148.8773,45.3929],[148.8739,45.3821],[148.8666,45.3783],[148.8606,45.3697],[148.8581,45.365],[148.8525,45.3613],[148.8528,45.3563],[148.8478,45.3565],[148.8428,45.3523],[148.8482,45.3456],[148.8435,45.3396],[148.8381,45.3371],[148.8299,45.3389],[148.8166,45.3365],[148.8072,45.3351],[148.7813,45.3245],[148.7658,45.3307],[148.7522,45.3365],[148.7468,45.337],[148.7401,45.3375],[148.7274,45.3367],[148.7153,45.3365],[148.7092,45.3371],[148.6968,45.3343],[148.6892,45.3365],[148.6631,45.3349],[148.6555,45.3373],[148.6504,45.3309],[148.6453,45.3339],[148.6402,45.3349],[148.6348,45.332],[148.6294,45.3328],[148.6218,45.3303],[148.6117,45.3237],[148.6038,45.3212],[148.5987,45.3189],[148.592,45.3189],[148.5786,45.3147],[148.5664,45.3107],[148.5612,45.3059],[148.549,45.2995],[148.5349,45.2947],[148.5318,45.2895],[148.5211,45.2837],[148.5165,45.2786],[148.5064,45.2791],[148.511,45.2737],[148.5053,45.2731],[148.5029,45.2683],[148.5041,45.2632],[148.4968,45.2581],[148.4898,45.2604],[148.4788,45.262],[148.466,45.2532],[148.4589,45.2502],[148.452,45.2522],[148.4388,45.2525],[148.4343,45.2497],[148.4268,45.2473],[148.4215,45.2441],[148.4058,45.2351],[148.3957,45.2333],[148.3851,45.2291],[148.3787,45.2264],[148.3718,45.2267],[148.352,45.2259],[148.3428,45.2243],[148.3287,45.2235],[148.3046,45.2165],[148.2796,45.2023],[148.2793,45.1951],[148.273,45.1971],[148.2717,45.1915],[148.2652,45.1847],[148.2632,45.1893],[148.2468,45.1874],[148.2163,45.1699],[148.2182,45.1649],[148.2134,45.1626],[148.2004,45.157],[148.1964,45.1496],[148.1883,45.1503],[148.1743,45.1472],[148.1686,45.1469],[148.1594,45.1411],[148.1479,45.138],[148.1353,45.1276],[148.1218,45.1227],[148.1128,45.1184],[148.0907,45.1065],[148.0836,45.0991],[148.0792,45.0919],[148.0684,45.0865],[148.0661,45.0798],[148.0595,45.074],[148.0558,45.0681],[148.042,45.0652],[148.0387,45.0614],[148.0329,45.0581],[148.0304,45.053],[148.0225,45.0479],[148.0161,45.0405],[148.0102,45.0357],[148.0065,45.0268],[147.9968,45.0245],[147.9967,45.0161],[147.9899,45.0145],[147.9885,45.0065],[147.9839,45.0032],[147.9712,45],[147.9625,44.9978],[147.9579,44.9949],[147.9496,44.9911],[147.9411,44.9878],[147.9359,44.9826],[147.9237,44.9781],[147.9225,44.9709],[147.9172,44.9656],[147.9076,44.9613],[147.8995,44.9617],[147.9009,44.9677],[147.8927,44.9681],[147.8856,44.9631],[147.8747,44.9642],[147.8548,44.9652],[147.8399,44.9614],[147.8213,44.9555],[147.8009,44.9495],[147.7852,44.9483],[147.7751,44.9525],[147.762,44.9584],[147.7468,44.9655],[147.7298,44.9804],[147.7308,44.9941],[147.7288,45],[147.7047,45.0061],[147.6812,45.0032],[147.6711,45],[147.6635,44.9976],[147.6461,44.9884],[147.6259,44.9718],[147.6218,44.9631],[147.6145,44.9499],[147.6139,44.9403],[147.6218,44.9342],[147.6289,44.9302],[147.6398,44.9268],[147.6519,44.9252],[147.6529,44.9199],[147.644,44.9161],[147.6342,44.908],[147.6218,44.8929],[147.6137,44.8811],[147.6095,44.8771],[147.6023,44.8677],[147.5985,44.8547],[147.5897,44.847],[147.5863,44.8425],[147.5764,44.8365],[147.5654,44.8295],[147.5611,44.8219],[147.5552,44.8213],[147.5524,44.817],[147.5424,44.8154],[147.5339,44.8171],[147.5156,44.8119],[147.4991,44.801],[147.4981,44.7947],[147.4968,44.7879],[147.4889,44.782],[147.4742,44.7803],[147.4657,44.7805],[147.4529,44.7775],[147.4409,44.7729],[147.435,44.7652],[147.4249,44.7658],[147.4053,44.7557],[147.3993,44.7487],[147.3875,44.7464],[147.3763,44.7375],[147.3718,44.7321],[147.3703,44.7251],[147.3633,44.7229],[147.3544,44.7218],[147.3491,44.7208],[147.3513,44.7159],[147.3446,44.7161],[147.3365,44.7155],[147.333,44.7109],[147.3291,44.6991],[147.3236,44.6991],[147.3164,44.6922],[147.3172,44.6866],[147.31,44.6844],[147.3082,44.6793],[147.3015,44.6699],[147.2963,44.6674],[147.2871,44.6623],[147.2672,44.6387],[147.2631,44.6269],[147.2608,44.6144],[147.252,44.6067],[147.255,44.6017],[147.2468,44.6009],[147.244,44.5962],[147.2381,44.595],[147.2277,44.5865],[147.2216,44.5817],[147.2141,44.5763],[147.2058,44.5675],[147.197,44.5699],[147.1906,44.5699],[147.168,44.5635],[147.1539,44.5603],[147.1446,44.5592],[147.1332,44.561],[147.1218,44.5649],[147.1121,44.5693],[147.1061,44.5695],[147.0812,44.5597],[147.0602,44.5447],[147.0479,44.5361],[147.0297,44.5191],[147.0181,44.5032],[147.0082,44.4905],[147.0064,44.4847],[146.9968,44.4725],[146.9932,44.4658],[146.9909,44.4582],[146.9842,44.4475],[146.9798,44.4431],[146.9714,44.4351],[146.9626,44.4311],[146.9527,44.4265],[146.9372,44.4299],[146.9294,44.4315],[146.9215,44.4311],[146.9144,44.4307],[146.9038,44.4346],[146.8933,44.4367],[146.8854,44.4384],[146.8778,44.4388],[146.8725,44.4413],[146.868,44.4448],[146.861,44.4544],[146.863,44.4611],[146.861,44.4667],[146.8658,44.4734],[146.8691,44.4791],[146.8718,44.4923],[146.8796,44.5032],[146.8885,44.5141],[146.8963,44.5206],[146.9083,44.5227],[146.9155,44.5226],[146.9256,44.5261],[146.9498,44.5457],[146.9547,44.5536],[146.9409,44.5755],[146.9344,44.5805],[146.9334,44.5865],[146.9354,44.5965],[146.9372,44.6055],[146.9342,44.6102],[146.9385,44.6181],[146.9453,44.63],[146.9495,44.6343],[146.9546,44.62],[146.9614,44.6001],[146.9652,44.5935],[146.9736,44.5865],[146.985,44.5784],[146.9968,44.5787],[147.0103,44.5865],[147.0259,44.5991],[147.0317,44.6161],[147.031,44.6228],[147.0334,44.6382],[147.0175,44.6438],[147.0039,44.6555],[147.0092,44.6603],[147.0195,44.6597],[147.0282,44.6628],[147.0398,44.6587],[147.0484,44.6609],[147.0493,44.6549],[147.0597,44.6566],[147.0603,44.6488],[147.0692,44.6465],[147.0759,44.6398],[147.0884,44.6403],[147.0951,44.6389],[147.1143,44.6459],[147.1218,44.6478],[147.1357,44.6576],[147.1446,44.6664],[147.1512,44.6699],[147.1629,44.6805],[147.1694,44.6848],[147.1817,44.6894],[147.1917,44.707],[147.2004,44.7392],[147.1998,44.7532],[147.1933,44.7648],[147.1774,44.7639],[147.1692,44.7651],[147.1618,44.7695],[147.1492,44.7707],[147.1424,44.7689],[147.1342,44.7713],[147.1295,44.7695],[147.1264,44.7769],[147.1166,44.7793],[147.1126,44.7874],[147.1045,44.7987],[147.1031,44.8066],[147.1014,44.8129],[147.1041,44.8183],[147.1109,44.8239],[147.1218,44.8269],[147.1308,44.8304],[147.1409,44.8297],[147.1474,44.8263],[147.1564,44.8253],[147.1628,44.8187],[147.1704,44.8191],[147.1774,44.8147],[147.1871,44.8064],[147.1948,44.7994],[147.2009,44.7979],[147.2371,44.8069],[147.2468,44.8127],[147.2492,44.8207],[147.2558,44.8365],[147.2606,44.8461],[147.2654,44.8519],[147.263,44.8622],[147.2671,44.8681],[147.2797,44.8752],[147.2857,44.8783],[147.2912,44.8773],[147.2984,44.884],[147.3158,44.8865],[147.3268,44.8915],[147.3388,44.8925],[147.3718,44.9067],[147.3937,44.9199],[147.4075,44.9299],[147.4118,44.9343],[147.4204,44.9392],[147.4266,44.9457],[147.4377,44.9545],[147.443,44.9594],[147.4486,44.9633],[147.4573,44.973],[147.4645,44.9773],[147.476,44.9852],[147.4821,44.9837],[147.4853,44.99],[147.4968,44.99],[147.5028,44.9894],[147.5089,44.993],[147.5037,44.9966],[147.5121,44.9965],[147.518,44.9986],[147.5161,45.0093],[147.5195,45.0132],[147.5158,45.0233],[147.5131,45.0326],[147.5212,45.0416],[147.5224,45.0559],[147.5269,45.0713],[147.5321,45.0775],[147.5329,45.0865],[147.5294,45.0931],[147.5267,45.0998],[147.5216,45.1021],[147.5143,45.1038],[147.5057,45.108],[147.4995,45.1107],[147.5059,45.1137],[147.5099,45.1173],[147.515,45.1139],[147.5209,45.1106],[147.5291,45.1107],[147.5371,45.1063],[147.5448,45.1076],[147.553,45.1104],[147.5601,45.1069],[147.5703,45.107],[147.5766,45.1022],[147.5721,45.0973],[147.5805,45.0909],[147.5847,45.0865],[147.6156,45.0824],[147.6218,45.0825],[147.6277,45.0783],[147.6362,45.0765],[147.6574,45.0817],[147.6642,45.0853],[147.6706,45.0878],[147.6855,45.0939],[147.6925,45.0985],[147.699,45.1053],[147.6952,45.1112],[147.696,45.118],[147.6984,45.1241],[147.6924,45.1343],[147.6938,45.1435],[147.7053,45.151],[147.7071,45.1611],[147.7062,45.1687],[147.7161,45.1699],[147.7244,45.1741],[147.7292,45.1763],[147.7327,45.1805],[147.7334,45.1903],[147.7396,45.1955],[147.7468,45.1961],[147.7587,45.1975],[147.7673,45.1949],[147.7702,45.2009],[147.7764,45.2047],[147.7816,45.2097],[147.7902,45.2097],[147.7999,45.2096],[147.813,45.2159],[147.8206,45.2186],[147.8344,45.2151],[147.8401,45.2083],[147.8456,45.2085],[147.8531,45.2112],[147.8624,45.2202],[147.8718,45.2257],[147.8718,45.2317],[147.8718,45.2388],[147.8767,45.2424],[147.8822,45.2532],[147.8856,45.2582],[147.8718,45.2633],[147.8696,45.278],[147.8694,45.2836],[147.8718,45.2913],[147.8734,45.2962],[147.8643,45.3075],[147.8634,45.3149],[147.8591,45.3177],[147.8598,45.3259],[147.856,45.3365],[147.8554,45.3445],[147.8581,45.3524],[147.8512,45.3649],[147.8584,45.3778],[147.8718,45.3924],[147.8734,45.3985],[147.8782,45.403],[147.8905,45.4078],[147.8987,45.4199],[147.9094,45.4293],[147.9252,45.4379],[147.9383,45.4319],[147.9437,45.4321],[147.949,45.4261],[147.9562,45.4215],[147.9649,45.4219],[147.9668,45.3961],[147.974,45.3926],[147.9713,45.3853],[147.9733,45.3773],[147.9775,45.3681],[147.9871,45.3521],[147.9968,45.3431],[148.0046,45.3365],[147.9973,45.3337],[147.9975,45.325],[148.0033,45.3198],[148.0076,45.3112],[148.006,45.3039],[148.0091,45.2923],[148.0133,45.2895],[148.0196,45.2913],[148.0225,45.284],[148.0281,45.2819],[148.0302,45.2747],[148.0407,45.2673],[148.0639,45.2622],[148.07,45.2609],[148.1194,45.2576],[148.1689,45.26],[148.1744,45.26],[148.2468,45.2689],[148.2667,45.2721],[148.3193,45.2839],[148.3427,45.2912]]],[[[141.5791,45.1769],[141.5696,45.1993],[141.5717,45.2179],[141.5716,45.2354],[141.5884,45.2532],[141.5951,45.2587],[141.6123,45.2775],[141.6206,45.2965],[141.6175,45.3085],[141.6218,45.3137],[141.6457,45.3365],[141.6547,45.3503],[141.658,45.3682],[141.6531,45.3765],[141.6379,45.3919],[141.6366,45.4013],[141.6357,45.4199],[141.6395,45.4356],[141.6432,45.4417],[141.6441,45.4481],[141.66,45.4403],[141.6657,45.4371],[141.6754,45.4231],[141.6836,45.4209],[141.6794,45.4156],[141.6779,45.4067],[141.686,45.4109],[141.6868,45.4046],[141.6922,45.4077],[141.6986,45.4037],[141.7071,45.4024],[141.7072,45.3973],[141.7296,45.399],[141.7444,45.404],[141.7468,45.4147],[141.7527,45.4112],[141.7708,45.4052],[141.796,45.4077],[141.8323,45.4199],[141.8577,45.4348],[141.8718,45.4505],[141.8792,45.4623],[141.8745,45.4749],[141.8805,45.4839],[141.8798,45.4956],[141.893,45.5032],[141.8931,45.5119],[141.9061,45.5161],[141.9131,45.5185],[141.9235,45.5184],[141.9359,45.5232],[141.9432,45.5225],[141.9503,45.5188],[141.9603,45.5128],[141.9651,45.5032],[141.9688,45.4884],[141.9728,45.4814],[141.986,45.4717],[141.9968,45.4621],[142.0031,45.4613],[142.008,45.4581],[142.0173,45.4554],[142.0239,45.4487],[142.0243,45.4431],[142.0253,45.4373],[142.0356,45.4314],[142.0333,45.4266],[142.0349,45.4199],[142.0509,45.4033],[142.0637,45.3947],[142.0971,45.3794],[142.1218,45.3653],[142.1677,45.342],[142.1738,45.3365],[142.1816,45.3287],[142.2174,45.2931],[142.2346,45.276],[142.2468,45.2637],[142.2573,45.2532],[142.2637,45.2467],[142.3456,45.1757],[142.3526,45.1699],[142.3718,45.1523],[142.389,45.1375],[142.3944,45.1331],[142.4302,45.1041],[142.4536,45.0865],[142.4757,45.0681],[142.4871,45.0608],[142.4968,45.0608],[142.5037,45.0609],[142.4998,45.0544],[142.5066,45.0448],[142.5145,45.0384],[142.5217,45.0317],[142.5277,45.0297],[142.5356,45.0289],[142.5329,45.0205],[142.5334,45.0131],[142.5383,45.0061],[142.5382,45],[142.5425,44.9913],[142.5561,44.9825],[142.5636,44.9783],[142.5674,44.9698],[142.5803,44.9626],[142.5853,44.9617],[142.5796,44.9561],[142.5808,44.9481],[142.5907,44.9407],[142.5859,44.9354],[142.5856,44.9274],[142.5888,44.9199],[142.6043,44.9046],[142.6218,44.8917],[142.6276,44.89],[142.6355,44.8849],[142.6359,44.8785],[142.6414,44.8729],[142.6471,44.866],[142.66,44.8417],[142.6706,44.8365],[142.6804,44.8311],[142.6842,44.8225],[142.69,44.8179],[142.7017,44.8083],[142.7021,44.8033],[142.712,44.7923],[142.7193,44.7861],[142.7313,44.7689],[142.7468,44.7567],[142.7528,44.7532],[142.7613,44.7457],[142.7732,44.7388],[142.7762,44.7321],[142.7818,44.7292],[142.7878,44.7242],[142.8008,44.7133],[142.8122,44.7076],[142.8172,44.7101],[142.816,44.7052],[142.8321,44.6923],[142.8391,44.6894],[142.8523,44.6795],[142.8609,44.6769],[142.8664,44.6699],[142.8718,44.663],[142.8804,44.6598],[142.8921,44.6537],[142.8971,44.6472],[142.914,44.6335],[142.9213,44.6291],[142.9266,44.6297],[142.9326,44.6251],[142.9324,44.6164],[142.9432,44.6095],[142.9462,44.6019],[142.9539,44.6001],[142.9616,44.5903],[142.9761,44.5737],[142.9968,44.5579],[143.0352,44.5365],[143.0413,44.5347],[143.0453,44.5309],[143.0548,44.5285],[143.0629,44.5329],[143.0623,44.5271],[143.063,44.5216],[143.0925,44.5032],[143.1012,44.4987],[143.1218,44.4885],[143.1656,44.4662],[143.22,44.4403],[143.2308,44.4334],[143.2295,44.4273],[143.2398,44.4199],[143.2468,44.4162],[143.2768,44.4017],[143.3338,44.3759],[143.3489,44.3715],[143.354,44.3663],[143.3609,44.3588],[143.3664,44.3523],[143.3581,44.3541],[143.3607,44.3467],[143.3658,44.344],[143.3673,44.3365],[143.3718,44.3333],[143.4169,44.3088],[143.4968,44.2762],[143.5597,44.2533],[143.6201,44.2335],[143.6261,44.2325],[143.6522,44.2222],[143.7468,44.1931],[143.7773,44.1848],[143.7829,44.1835],[143.7889,44.1803],[143.8351,44.1699],[143.8718,44.1605],[143.9004,44.154],[143.9968,44.1356],[144.077,44.1247],[144.0867,44.1276],[144.0972,44.1275],[144.1018,44.1298],[144.1074,44.1219],[144.1218,44.1171],[144.129,44.1154],[144.1827,44.1061],[144.1899,44.1047],[144.2061,44.1031],[144.2143,44.1031],[144.2356,44.1076],[144.2422,44.1142],[144.2529,44.1045],[144.2578,44.0865],[144.2536,44.0747],[144.2525,44.0625],[144.2618,44.0581],[144.2614,44.0515],[144.2558,44.0406],[144.2603,44.035],[144.2737,44.0246],[144.279,44.0248],[144.2845,44.0212],[144.2908,44.0168],[144.2822,44.0162],[144.282,44.0105],[144.2899,44.0032],[144.3,43.9931],[144.2985,43.9843],[144.3192,43.9729],[144.3639,43.9567],[144.3718,43.9543],[144.407,43.9451],[144.4968,43.9289],[144.5549,43.9225],[144.5837,43.9199],[144.6218,43.9179],[144.6289,43.9177],[144.6396,43.9179],[144.6518,43.9179],[144.66,43.9179],[144.6677,43.9188],[144.7063,43.9199],[144.7468,43.9239],[144.7953,43.932],[144.8062,43.9428],[144.8354,43.9523],[144.8359,43.96],[144.8498,43.9746],[144.8619,43.9777],[144.8718,43.9819],[144.8782,43.9845],[144.8846,43.9893],[144.8906,43.9932],[144.9072,44.0032],[144.9174,44.0119],[144.9227,44.0177],[144.9312,44.0351],[144.9366,44.0439],[144.944,44.0397],[144.9536,44.0461],[144.9587,44.0489],[144.9607,44.0547],[144.966,44.0573],[144.9762,44.0624],[144.9785,44.0691],[144.9837,44.067],[144.9933,44.0698],[144.9906,44.075],[144.9968,44.0736],[145.0038,44.0782],[145.0107,44.0865],[145.0105,44.0961],[145.0159,44.1004],[145.0229,44.1047],[145.0289,44.1068],[145.0354,44.1081],[145.043,44.1103],[145.0517,44.1168],[145.0617,44.1229],[145.0664,44.1247],[145.0722,44.1291],[145.0774,44.1316],[145.0802,44.1369],[145.0866,44.1383],[145.0983,44.1487],[145.1101,44.151],[145.1218,44.1593],[145.1271,44.1659],[145.1356,44.1699],[145.1443,44.1733],[145.1544,44.1793],[145.1595,44.1829],[145.1703,44.1867],[145.192,44.1956],[145.2071,44.2129],[145.2168,44.2295],[145.2221,44.2356],[145.2259,44.2428],[145.2269,44.2489],[145.2309,44.2532],[145.239,44.2577],[145.2468,44.2633],[145.2585,44.2703],[145.2623,44.2772],[145.2678,44.2835],[145.2809,44.2901],[145.2826,44.2969],[145.2897,44.3001],[145.2931,44.3107],[145.3043,44.3113],[145.3109,44.3191],[145.3093,44.3257],[145.3138,44.33],[145.3167,44.3355],[145.3225,44.3407],[145.33,44.3458],[145.3385,44.342],[145.3458,44.3393],[145.3428,44.3261],[145.3498,44.3221],[145.3527,44.317],[145.348,44.3126],[145.3479,44.3069],[145.3497,44.3014],[145.3498,44.2962],[145.3542,44.2906],[145.3573,44.2816],[145.3613,44.2744],[145.3673,44.272],[145.3668,44.2592],[145.3626,44.2532],[145.3492,44.2439],[145.3505,44.2339],[145.3488,44.2245],[145.3354,44.2094],[145.3333,44.1995],[145.3306,44.1934],[145.3224,44.1901],[145.3185,44.1839],[145.3124,44.1783],[145.3077,44.1699],[145.2993,44.1655],[145.2943,44.1592],[145.2883,44.1531],[145.2651,44.1391],[145.2563,44.1256],[145.251,44.1103],[145.2468,44.1043],[145.2416,44.0915],[145.2425,44.0865],[145.2427,44.0815],[145.2458,44.0693],[145.2412,44.0659],[145.2397,44.0587],[145.2234,44.0386],[145.2177,44.0358],[145.2089,44.0311],[145.204,44.0277],[145.2011,44.0233],[145.1963,44.0199],[145.1913,44.0154],[145.1841,44.0102],[145.1799,44.0032],[145.1679,43.9912],[145.1573,43.9843],[145.1533,43.9749],[145.1447,43.9699],[145.1374,43.9594],[145.1309,43.9511],[145.1271,43.9399],[145.1218,43.9332],[145.1197,43.9249],[145.1148,43.9199],[145.1086,43.9086],[145.1003,43.8981],[145.0954,43.8926],[145.0977,43.8804],[145.0945,43.8754],[145.0997,43.8615],[145.0914,43.8365],[145.0842,43.8218],[145.0742,43.8159],[145.0623,43.8075],[145.0645,43.7964],[145.0605,43.7875],[145.0618,43.7809],[145.0641,43.7687],[145.0684,43.7532],[145.0743,43.7433],[145.0927,43.7275],[145.0966,43.7203],[145.1218,43.6861],[145.1292,43.6729],[145.1331,43.6679],[145.1374,43.6533],[145.1465,43.6465],[145.2026,43.6283],[145.2464,43.6159],[145.2939,43.6066],[145.3259,43.597],[145.3415,43.5865],[145.3504,43.5666],[145.3452,43.5587],[145.3371,43.5548],[145.3303,43.5518],[145.324,43.5509],[145.3111,43.5506],[145.3024,43.5512],[145.2909,43.552],[145.3017,43.5539],[145.2813,43.5627],[145.2935,43.5605],[145.3044,43.5599],[145.3043,43.5655],[145.3157,43.5674],[145.3279,43.5639],[145.3311,43.5683],[145.3398,43.5723],[145.3391,43.5811],[145.3267,43.58],[145.3212,43.5767],[145.3245,43.5807],[145.318,43.5831],[145.3263,43.5865],[145.3325,43.5881],[145.3264,43.5927],[145.3208,43.5921],[145.3137,43.5947],[145.3092,43.6001],[145.3022,43.5991],[145.297,43.5959],[145.2803,43.5921],[145.2874,43.602],[145.2708,43.5936],[145.2629,43.5967],[145.2726,43.6003],[145.2643,43.6009],[145.2566,43.5983],[145.2682,43.6062],[145.2468,43.614],[145.2316,43.6151],[145.2262,43.6203],[145.2057,43.6241],[145.1968,43.6251],[145.1993,43.6202],[145.2022,43.6105],[145.197,43.6062],[145.1966,43.6005],[145.2117,43.5903],[145.2208,43.5865],[145.2151,43.5778],[145.2226,43.5688],[145.2225,43.5604],[145.233,43.547],[145.2388,43.5352],[145.2468,43.522],[145.2468,43.5077],[145.249,43.4947],[145.2584,43.4689],[145.2636,43.4417],[145.2704,43.4199],[145.2753,43.4097],[145.2913,43.3849],[145.3086,43.3597],[145.3338,43.3365],[145.3718,43.3117],[145.3772,43.3089],[145.3893,43.2984],[145.4023,43.2933],[145.4081,43.2933],[145.433,43.2857],[145.4675,43.2759],[145.4771,43.2725],[145.4862,43.2725],[145.4883,43.2669],[145.4968,43.2727],[145.5046,43.279],[145.507,43.2864],[145.5124,43.2931],[145.5168,43.2974],[145.5249,43.3011],[145.5265,43.3086],[145.5324,43.3145],[145.5366,43.3117],[145.5505,43.3172],[145.555,43.3212],[145.5509,43.3248],[145.5594,43.3267],[145.5679,43.3293],[145.5746,43.3325],[145.5789,43.3365],[145.5872,43.3411],[145.5833,43.3468],[145.5981,43.3557],[145.6089,43.3576],[145.6149,43.3607],[145.6218,43.3635],[145.6274,43.3689],[145.6378,43.3731],[145.6413,43.3809],[145.6442,43.3851],[145.6507,43.3914],[145.6592,43.3927],[145.6684,43.3925],[145.674,43.3876],[145.6808,43.3895],[145.6901,43.3867],[145.6965,43.3847],[145.7214,43.3839],[145.7315,43.3889],[145.7341,43.3942],[145.7411,43.3917],[145.7468,43.3902],[145.7507,43.3943],[145.757,43.3997],[145.7629,43.3995],[145.7612,43.394],[145.7659,43.3916],[145.774,43.3938],[145.7805,43.3899],[145.7852,43.3871],[145.8022,43.3886],[145.8074,43.3887],[145.816,43.3861],[145.8122,43.3823],[145.8079,43.3707],[145.8038,43.3637],[145.791,43.3619],[145.7865,43.3557],[145.7748,43.3486],[145.7619,43.3433],[145.7552,43.3398],[145.7502,43.3373],[145.7391,43.3396],[145.7315,43.3295],[145.7242,43.3365],[145.7155,43.3365],[145.7085,43.3359],[145.7027,43.3289],[145.6881,43.3273],[145.6774,43.3204],[145.6807,43.3161],[145.6739,43.3136],[145.6639,43.3208],[145.6465,43.3223],[145.6218,43.3166],[145.6114,43.3113],[145.6083,43.3058],[145.6097,43.2983],[145.6043,43.2947],[145.5984,43.2958],[145.5987,43.2877],[145.5949,43.283],[145.5899,43.2783],[145.5851,43.2853],[145.5716,43.2838],[145.5668,43.2815],[145.5666,43.2739],[145.5616,43.2649],[145.5573,43.2532],[145.5551,43.2389],[145.5496,43.2279],[145.5532,43.2218],[145.5489,43.2144],[145.5356,43.2124],[145.5288,43.2047],[145.5306,43.1988],[145.5355,43.1954],[145.5336,43.19],[145.5254,43.1882],[145.5198,43.187],[145.5123,43.1902],[145.5066,43.1843],[145.509,43.1786],[145.5171,43.1779],[145.5215,43.1751],[145.5218,43.1661],[145.4968,43.1593],[145.4968,43.1655],[145.5046,43.1699],[145.4968,43.1825],[145.4869,43.1873],[145.4702,43.1894],[145.4341,43.1877],[145.4061,43.1862],[145.3718,43.1829],[145.3601,43.1798],[145.3533,43.1784],[145.3431,43.1795],[145.3384,43.1747],[145.3318,43.1733],[145.3268,43.1741],[145.3208,43.1699],[145.3129,43.1683],[145.3075,43.1715],[145.3012,43.1715],[145.2826,43.1699],[145.2468,43.1584],[145.2396,43.1532],[145.2352,43.1505],[145.2308,43.1469],[145.2264,43.1432],[145.2209,43.1422],[145.2143,43.1389],[145.203,43.1367],[145.185,43.1403],[145.1804,43.1442],[145.1743,43.1497],[145.1466,43.1453],[145.1323,43.1347],[145.1218,43.1319],[145.1151,43.1233],[145.1103,43.1036],[145.1156,43.0865],[145.1182,43.0813],[145.111,43.0809],[145.0996,43.0778],[145.0887,43.0672],[145.0896,43.0593],[145.0857,43.0553],[145.0877,43.0468],[145.0819,43.0444],[145.0625,43.0408],[145.0539,43.0351],[145.0426,43.0309],[145.0318,43.0297],[145.0306,43.0242],[145.0251,43.0222],[145.0259,43.0148],[145.031,43.0125],[145.028,43.0071],[145.0241,42.9997],[145.0094,42.9939],[145.0026,42.9918],[144.9968,42.9942],[144.9896,42.99],[144.9793,42.9845],[144.9744,42.9822],[144.9686,42.9817],[144.9619,42.9812],[144.9576,42.9852],[144.9512,42.9839],[144.9442,42.9853],[144.9309,42.9901],[144.9242,42.9815],[144.9204,42.986],[144.9106,42.9867],[144.9061,42.9899],[144.8961,42.9885],[144.8907,42.9875],[144.8845,42.9854],[144.8767,42.9868],[144.8718,42.9963],[144.8561,43.0019],[144.8597,43.0067],[144.8526,43.014],[144.8416,43.0165],[144.8337,43.0145],[144.8386,43.023],[144.8358,43.0323],[144.8431,43.0377],[144.8471,43.0432],[144.8524,43.0461],[144.8452,43.052],[144.8221,43.0596],[144.8001,43.0591],[144.7819,43.0542],[144.7781,43.0506],[144.7691,43.0432],[144.7468,43.0245],[144.7323,43.0032],[144.7283,42.9973],[144.7227,42.9801],[144.7257,42.9741],[144.7397,42.9681],[144.7468,42.9581],[144.7555,42.9555],[144.7607,42.9505],[144.7689,42.9473],[144.7854,42.939],[144.7747,42.9336],[144.7586,42.934],[144.7468,42.9343],[144.7174,42.9364],[144.7093,42.9369],[144.6761,42.9397],[144.668,42.9442],[144.661,42.9465],[144.642,42.9467],[144.6322,42.9515],[144.6218,42.9517],[144.6051,42.951],[144.5912,42.9501],[144.5851,42.9495],[144.5733,42.9509],[144.5534,42.9481],[144.5299,42.9519],[144.5237,42.9497],[144.5174,42.9491],[144.5044,42.9446],[144.4968,42.9421],[144.4865,42.9402],[144.4764,42.9429],[144.4652,42.9449],[144.4515,42.9445],[144.4452,42.9487],[144.4408,42.9521],[144.4267,42.953],[144.4205,42.955],[144.4094,42.9579],[144.3975,42.9616],[144.3943,42.9675],[144.3867,42.97],[144.3797,42.9684],[144.3718,42.9691],[144.3677,42.9755],[144.3718,42.9812],[144.3718,42.9867],[144.3665,42.9909],[144.3609,42.9929],[144.3541,42.9974],[144.3486,42.9962],[144.3413,42.9946],[144.3409,42.9999],[144.3352,42.9963],[144.3295,42.9971],[144.3238,42.9979],[144.3212,43.0023],[144.318,43.0063],[144.2701,43.0032],[144.2468,43.0003],[144.2291,42.9981],[144.2197,42.9967],[144.1689,42.9847],[144.1218,42.9676],[144.1098,42.9603],[144.0915,42.9532],[144.0824,42.9537],[144.0711,42.9491],[144.049,42.9416],[144.0055,42.9208],[144,42.918],[143.9196,42.8748],[143.8718,42.8441],[143.8606,42.8365],[143.824,42.809],[143.8079,42.7963],[143.7971,42.7895],[143.7638,42.7639],[143.7468,42.7535],[143.6914,42.7135],[143.6754,42.7007],[143.6592,42.6904],[143.6419,42.6761],[143.6318,42.6699],[143.6218,42.6613],[143.5977,42.6415],[143.5382,42.5865],[143.5251,42.5739],[143.4968,42.5435],[143.4576,42.5032],[143.4328,42.4757],[143.3921,42.4199],[143.3891,42.4158],[143.3718,42.3893],[143.3617,42.3736],[143.3521,42.3549],[143.3397,42.3365],[143.3284,42.3149],[143.3247,42.3101],[143.3227,42.3043],[143.3282,42.2983],[143.3216,42.298],[143.3207,42.2901],[143.3261,42.2915],[143.3223,42.2857],[143.3143,42.2687],[143.3103,42.2615],[143.3107,42.2532],[143.3084,42.2457],[143.3148,42.2369],[143.3159,42.2296],[143.3204,42.2251],[143.3197,42.2164],[143.3211,42.2099],[143.3357,42.2027],[143.3335,42.194],[143.3352,42.1867],[143.3345,42.1797],[143.333,42.1749],[143.3305,42.1699],[143.3247,42.1607],[143.3259,42.1527],[143.317,42.1218],[143.3232,42.1177],[143.3195,42.1095],[143.316,42.0961],[143.3116,42.0865],[143.3089,42.0811],[143.309,42.0721],[143.3126,42.0637],[143.3124,42.0552],[143.3089,42.0514],[143.3007,42.0439],[143.2934,42.0398],[143.2883,42.0338],[143.2876,42.0278],[143.281,42.0247],[143.2754,42.0224],[143.2596,42.0032],[143.2468,41.9725],[143.2428,41.953],[143.2419,41.9446],[143.2454,41.9351],[143.2468,41.9288],[143.23,41.9392],[143.2243,41.9421],[143.2211,41.9475],[143.2161,41.9518],[143.2083,41.9549],[143.1978,41.9578],[143.195,41.963],[143.1841,41.9675],[143.1801,41.9729],[143.1757,41.9765],[143.1643,41.9831],[143.162,41.9921],[143.1602,41.9985],[143.1576,42.0032],[143.1522,42.0085],[143.147,42.0165],[143.1429,42.0194],[143.1364,42.0266],[143.1218,42.0345],[143.1142,42.0398],[143.1079,42.0423],[143.103,42.045],[143.097,42.0498],[143.0788,42.0569],[143.0683,42.0616],[143.0339,42.0761],[143.0203,42.08],[143.0113,42.0814],[143.0025,42.0865],[142.9993,42.0931],[142.99,42.0998],[142.9803,42.1021],[142.9678,42.1154],[142.9437,42.1241],[142.9307,42.1265],[142.9224,42.1245],[142.9184,42.1277],[142.9132,42.1281],[142.9106,42.1326],[142.9052,42.1328],[142.8975,42.1331],[142.8786,42.1335],[142.8718,42.1344],[142.8645,42.1367],[142.8507,42.1399],[142.8304,42.1411],[142.8178,42.1415],[142.8089,42.1465],[142.7892,42.1564],[142.7735,42.1619],[142.7666,42.1699],[142.7621,42.1747],[142.7468,42.1773],[142.736,42.1775],[142.7226,42.1854],[142.6998,42.1865],[142.6957,42.1901],[142.6857,42.1929],[142.6734,42.1919],[142.6652,42.1965],[142.6604,42.1983],[142.6498,42.2094],[142.6418,42.2135],[142.636,42.2189],[142.6218,42.2254],[142.6073,42.2322],[142.5856,42.2435],[142.5736,42.2456],[142.5599,42.2479],[142.5408,42.2532],[142.5093,42.2672],[142.5009,42.2679],[142.4846,42.2713],[142.478,42.2746],[142.4548,42.2939],[142.4523,42.2997],[142.4465,42.3041],[142.4284,42.3091],[142.4081,42.3095],[142.4032,42.3127],[142.3864,42.3191],[142.3718,42.3249],[142.3673,42.3284],[142.3591,42.3365],[142.3349,42.3455],[142.321,42.3549],[142.3033,42.3619],[142.2981,42.3655],[142.2778,42.3772],[142.2716,42.3859],[142.2468,42.4055],[142.227,42.4173],[142.2227,42.4233],[142.2072,42.4324],[142.2073,42.4382],[142.1958,42.4474],[142.1755,42.4567],[142.1535,42.4638],[142.1218,42.4689],[142.0758,42.4724],[142.0714,42.4783],[142.0559,42.4806],[142.0293,42.4846],[142.0202,42.4929],[142.0124,42.5014],[141.9968,42.5099],[141.9859,42.5141],[141.9802,42.5178],[141.9661,42.5285],[141.956,42.5383],[141.941,42.5474],[141.9352,42.5525],[141.9195,42.5573],[141.8996,42.5779],[141.8801,42.5865],[141.8718,42.5903],[141.8233,42.6061],[141.8181,42.6016],[141.8174,42.6076],[141.8108,42.6112],[141.8015,42.6023],[141.8009,42.6107],[141.7468,42.6229],[141.7373,42.6242],[141.7045,42.6288],[141.6742,42.6285],[141.6313,42.6286],[141.6378,42.632],[141.6661,42.6443],[141.6739,42.6452],[141.6872,42.6519],[141.6986,42.6531],[141.696,42.6581],[141.6684,42.6489],[141.6308,42.6371],[141.6257,42.6449],[141.6252,42.6361],[141.6248,42.6311],[141.6187,42.6301],[141.6177,42.6243],[141.6114,42.6273],[141.6023,42.6269],[141.5373,42.6149],[141.4968,42.604],[141.4462,42.5865],[141.4186,42.5751],[141.3718,42.5536],[141.3508,42.543],[141.3223,42.5261],[141.282,42.5032],[141.2468,42.4805],[141.208,42.4554],[141.2015,42.4536],[141.1926,42.4528],[141.1792,42.4473],[141.1666,42.4404],[141.1593,42.4423],[141.125,42.4199],[141.1038,42.4044],[141.0929,42.3965],[141.053,42.3581],[141.0549,42.3529],[141.0452,42.3511],[141.0332,42.3398],[141.0273,42.3365],[141.0186,42.3281],[141.0118,42.3184],[141.008,42.3131],[141.0097,42.3058],[141.0036,42.3032],[140.9968,42.3025],[140.9912,42.3038],[140.9823,42.3082],[140.9763,42.3071],[140.9699,42.3081],[140.9688,42.3137],[140.9519,42.3187],[140.9432,42.321],[140.931,42.3365],[140.9358,42.3394],[140.9423,42.3409],[140.9422,42.3472],[140.9512,42.3481],[140.9564,42.343],[140.9614,42.3365],[140.9687,42.3365],[140.9708,42.3282],[140.9765,42.3243],[140.9816,42.3244],[140.9826,42.3308],[140.9873,42.3329],[140.9808,42.3437],[140.9968,42.3466],[141.0081,42.3483],[141.0037,42.3507],[140.9968,42.3506],[140.9903,42.3497],[140.977,42.3494],[140.9855,42.3539],[140.9768,42.3585],[140.9721,42.3563],[140.9543,42.3608],[140.9468,42.3637],[140.9395,42.3653],[140.9303,42.3673],[140.9243,42.369],[140.9175,42.3698],[140.9101,42.3771],[140.9069,42.3923],[140.9001,42.4199],[140.8885,42.439],[140.8718,42.4609],[140.8639,42.4657],[140.8585,42.4655],[140.8389,42.4707],[140.8197,42.487],[140.8121,42.49],[140.8019,42.4994],[140.7869,42.5023],[140.7808,42.5],[140.7795,42.5141],[140.7861,42.514],[140.7816,42.5197],[140.7751,42.5209],[140.776,42.5273],[140.7744,42.5369],[140.7565,42.5537],[140.7468,42.5577],[140.7426,42.5606],[140.7341,42.5677],[140.7259,42.5725],[140.7166,42.5759],[140.7112,42.5813],[140.7009,42.5865],[140.6791,42.5877],[140.6649,42.5878],[140.6527,42.5865],[140.6427,42.5865],[140.6218,42.5805],[140.6078,42.5754],[140.6021,42.5758],[140.5921,42.5739],[140.5836,42.5676],[140.5684,42.5711],[140.5612,42.5768],[140.5537,42.579],[140.5406,42.586],[140.5284,42.5884],[140.5175,42.5901],[140.5116,42.5865],[140.5045,42.5849],[140.4968,42.5866],[140.4864,42.5865],[140.4769,42.5891],[140.4685,42.5865],[140.4596,42.5811],[140.4116,42.5435],[140.3723,42.5032],[140.349,42.4732],[140.3157,42.4199],[140.2951,42.3754],[140.2813,42.3365],[140.2765,42.3112],[140.2765,42.2818],[140.2869,42.2532],[140.2927,42.2475],[140.2987,42.2437],[140.307,42.2389],[140.3193,42.2359],[140.3405,42.2275],[140.3683,42.2238],[140.3836,42.2241],[140.3986,42.2165],[140.4084,42.204],[140.416,42.2003],[140.4304,42.1905],[140.4417,42.182],[140.455,42.1774],[140.4615,42.1699],[140.475,42.1597],[140.4812,42.1565],[140.4968,42.149],[140.5092,42.1366],[140.516,42.1293],[140.5313,42.1223],[140.5459,42.1154],[140.5659,42.1115],[140.5792,42.1089],[140.5885,42.1093],[140.5964,42.1124],[140.6218,42.1173],[140.6284,42.1198],[140.6454,42.1249],[140.6597,42.1294],[140.6841,42.1261],[140.6904,42.127],[140.7069,42.1391],[140.7133,42.138],[140.7225,42.1322],[140.7371,42.1237],[140.7468,42.1203],[140.7603,42.1171],[140.7675,42.0981],[140.7739,42.0865],[140.7867,42.0794],[140.7941,42.0759],[140.8019,42.0775],[140.8039,42.0574],[140.8107,42.0525],[140.8129,42.0479],[140.8172,42.0409],[140.8208,42.0363],[140.8266,42.0323],[140.8365,42.0269],[140.8494,42.0171],[140.8608,42.0118],[140.868,42.008],[140.8789,42.0059],[140.8852,42.0007],[140.8922,41.9975],[140.9081,41.9846],[140.9092,41.9792],[140.914,41.9712],[140.9189,41.9673],[140.9262,41.9612],[140.9329,41.9527],[140.9337,41.944],[140.9414,41.9351],[140.9505,41.9374],[140.9571,41.9199],[140.9832,41.9058],[140.9882,41.9041],[140.9968,41.9003],[141.0118,41.8943],[141.0172,41.8944],[141.0237,41.8923],[141.0313,41.8953],[141.0437,41.8941],[141.0523,41.8921],[141.0685,41.8878],[141.0739,41.888],[141.0826,41.8833],[141.0955,41.8796],[141.1094,41.8746],[141.116,41.8704],[141.1203,41.8647],[141.1267,41.8631],[141.1344,41.8589],[141.1414,41.8581],[141.1482,41.8554],[141.1446,41.8485],[141.1451,41.8365],[141.1546,41.8283],[141.1614,41.8251],[141.1706,41.8205],[141.1763,41.8215],[141.1807,41.8185],[141.186,41.8111],[141.1864,41.8025],[141.1792,41.7995],[141.1739,41.7966],[141.1646,41.7932],[141.1579,41.7858],[141.1494,41.7852],[141.1379,41.7839],[141.1332,41.7865],[141.1218,41.7889],[141.1125,41.7869],[141.099,41.7757],[141.0955,41.7694],[141.0936,41.7637],[141.0865,41.76],[141.0785,41.7532],[141.0781,41.7477],[141.0747,41.7427],[141.0696,41.741],[141.0628,41.739],[141.0552,41.7361],[141.0513,41.7326],[141.0538,41.7272],[141.0485,41.7263],[141.0377,41.7283],[141.0321,41.7247],[141.0308,41.7195],[141.0222,41.7221],[141.0164,41.7229],[141.0074,41.7167],[140.9985,41.7148],[140.9678,41.7109],[140.9583,41.7129],[140.9534,41.7155],[140.9474,41.7261],[140.9307,41.7375],[140.8986,41.7485],[140.8823,41.7532],[140.8718,41.7547],[140.8569,41.7605],[140.8514,41.7601],[140.8433,41.7612],[140.8374,41.7601],[140.8207,41.7649],[140.8148,41.7672],[140.7981,41.7725],[140.7747,41.7753],[140.7468,41.7715],[140.7337,41.7673],[140.7225,41.7569],[140.7229,41.7459],[140.7179,41.7457],[140.7069,41.7413],[140.7019,41.7414],[140.696,41.7532],[140.6929,41.7637],[140.6965,41.7693],[140.7012,41.7737],[140.7023,41.7852],[140.7052,41.7811],[140.7118,41.7795],[140.7064,41.7747],[140.712,41.7745],[140.7151,41.7699],[140.7242,41.7721],[140.7248,41.7779],[140.7274,41.7856],[140.724,41.7959],[140.7197,41.7997],[140.7172,41.8067],[140.71,41.8093],[140.7026,41.816],[140.69,41.8205],[140.6643,41.823],[140.6503,41.8202],[140.6411,41.8175],[140.6263,41.8091],[140.6218,41.803],[140.6189,41.7982],[140.6206,41.7888],[140.6159,41.7817],[140.6134,41.7711],[140.6049,41.7633],[140.603,41.7532],[140.6021,41.7432],[140.5955,41.7407],[140.5879,41.739],[140.5824,41.7382],[140.5788,41.733],[140.5643,41.7292],[140.5559,41.7234],[140.5506,41.7215],[140.5365,41.7111],[140.5269,41.701],[140.5192,41.7023],[140.5119,41.7007],[140.4968,41.7009],[140.4838,41.6987],[140.4756,41.699],[140.4642,41.6981],[140.4583,41.6964],[140.445,41.6855],[140.4368,41.6699],[140.4349,41.6597],[140.4323,41.6375],[140.4293,41.5865],[140.4313,41.5627],[140.437,41.5593],[140.4391,41.5547],[140.4369,41.5501],[140.4316,41.5409],[140.4296,41.5359],[140.4201,41.5307],[140.4174,41.5261],[140.4112,41.5224],[140.409,41.5173],[140.4019,41.5189],[140.3944,41.5172],[140.3818,41.516],[140.3752,41.5163],[140.3646,41.516],[140.3564,41.5127],[140.3476,41.506],[140.3384,41.5079],[140.3288,41.5032],[140.3161,41.4977],[140.3096,41.4942],[140.2929,41.4915],[140.2593,41.4817],[140.2579,41.4702],[140.2542,41.4658],[140.2468,41.4636],[140.2447,41.4549],[140.2392,41.4507],[140.2357,41.441],[140.2246,41.4307],[140.2193,41.4199],[140.2163,41.4113],[140.2052,41.4054],[140.1995,41.3986],[140.1845,41.4024],[140.1678,41.4167],[140.1628,41.4199],[140.1532,41.4255],[140.1453,41.4291],[140.138,41.4277],[140.1307,41.431],[140.1218,41.4302],[140.1135,41.4278],[140.1081,41.4275],[140.103,41.4268],[140.094,41.4254],[140.0877,41.4217],[140.0771,41.4246],[140.0733,41.4283],[140.0588,41.4393],[140.0491,41.4457],[140.0409,41.4478],[140.0285,41.4624],[140.0295,41.4707],[140.0242,41.4797],[140.0199,41.4863],[140.0161,41.4898],[140.0172,41.4986],[140.0136,41.5032],[140.0133,41.5084],[140.0095,41.5117],[140.0042,41.5233],[140.0023,41.5291],[139.9968,41.5415],[139.9895,41.5453],[139.9882,41.5513],[139.986,41.5608],[139.9845,41.5722],[139.9833,41.5844],[139.9833,41.5933],[139.9839,41.6065],[139.9865,41.6147],[139.9938,41.6309],[139.9926,41.6363],[139.9968,41.6403],[139.997,41.6497],[140.0019,41.6514],[140.0022,41.658],[140.0043,41.6699],[140.0077,41.6818],[140.009,41.6916],[140.0182,41.7009],[140.0224,41.7069],[140.0275,41.7152],[140.0346,41.7201],[140.0502,41.7391],[140.062,41.7532],[140.0661,41.7599],[140.0725,41.7735],[140.0735,41.7986],[140.0703,41.8029],[140.0756,41.8081],[140.0831,41.8097],[140.0901,41.8079],[140.0953,41.8102],[140.1046,41.8045],[140.1126,41.8083],[140.1218,41.8218],[140.1253,41.8365],[140.1242,41.8493],[140.1265,41.8559],[140.1218,41.8648],[140.1164,41.8675],[140.1112,41.8637],[140.115,41.8716],[140.1202,41.8674],[140.126,41.8711],[140.1352,41.8899],[140.1392,41.8951],[140.1363,41.9011],[140.1365,41.9066],[140.1396,41.9106],[140.1406,41.9199],[140.1329,41.9531],[140.1284,41.9599],[140.1275,41.9666],[140.1322,41.9697],[140.1328,41.9759],[140.1277,41.9801],[140.1218,42.0007],[140.1104,42.0074],[140.1041,42.0109],[140.1014,42.0193],[140.0999,42.029],[140.0931,42.0363],[140.0834,42.0371],[140.0868,42.0419],[140.0814,42.0482],[140.0743,42.0549],[140.071,42.0607],[140.0686,42.0674],[140.0622,42.0746],[140.0568,42.0834],[140.026,42.1133],[140.0118,42.1211],[140.0015,42.1225],[139.9968,42.1247],[139.9902,42.1289],[139.9753,42.1288],[139.9688,42.1311],[139.9609,42.1299],[139.9378,42.1311],[139.9328,42.134],[139.9227,42.1335],[139.9184,42.1425],[139.9129,42.1509],[139.9072,42.1597],[139.9053,42.1658],[139.9001,42.1726],[139.8959,42.1841],[139.8884,42.1867],[139.8818,42.1932],[139.8811,42.203],[139.8718,42.2153],[139.8642,42.2195],[139.8543,42.2172],[139.8463,42.2204],[139.8354,42.221],[139.8284,42.2247],[139.8199,42.2237],[139.8126,42.2297],[139.8045,42.229],[139.7969,42.2316],[139.79,42.2411],[139.7841,42.2499],[139.7789,42.2532],[139.7751,42.2601],[139.7811,42.2685],[139.7857,42.2741],[139.784,42.2824],[139.7791,42.2869],[139.7756,42.2968],[139.7689,42.3031],[139.7668,42.3112],[139.7692,42.3156],[139.7729,42.3235],[139.7727,42.3287],[139.776,42.3365],[139.7818,42.3539],[139.7871,42.3537],[139.7917,42.3571],[139.8002,42.3605],[139.8026,42.3664],[139.8075,42.3691],[139.8126,42.3741],[139.8171,42.3792],[139.8183,42.3847],[139.8185,42.39],[139.8292,42.3935],[139.8417,42.4199],[139.8427,42.4259],[139.8479,42.4476],[139.8462,42.4546],[139.8524,42.463],[139.8516,42.4702],[139.8478,42.4801],[139.8478,42.487],[139.849,42.4931],[139.843,42.4995],[139.8432,42.5098],[139.8468,42.5274],[139.8386,42.5423],[139.8382,42.5475],[139.8346,42.5615],[139.8331,42.5702],[139.8328,42.5754],[139.828,42.5819],[139.8249,42.5933],[139.8236,42.6056],[139.8234,42.6138],[139.8272,42.6187],[139.8319,42.6227],[139.8384,42.6246],[139.8413,42.6303],[139.8468,42.6345],[139.8529,42.64],[139.8554,42.6459],[139.8621,42.6543],[139.8646,42.6598],[139.8691,42.6665],[139.8788,42.6699],[139.897,42.6797],[139.914,42.6838],[139.9257,42.689],[139.9328,42.689],[139.9405,42.6898],[139.9538,42.6891],[139.9709,42.6918],[139.9831,42.6889],[139.9889,42.6927],[139.9968,42.6905],[140.003,42.6873],[140.0167,42.6895],[140.023,42.6916],[140.0295,42.6889],[140.046,42.6947],[140.0575,42.7027],[140.0649,42.707],[140.0651,42.7121],[140.0687,42.7181],[140.0715,42.7262],[140.0796,42.7293],[140.0943,42.7367],[140.1071,42.7377],[140.1141,42.7423],[140.1218,42.7474],[140.1293,42.7473],[140.1345,42.7509],[140.142,42.7532],[140.1456,42.7567],[140.1507,42.7667],[140.1475,42.7707],[140.1608,42.7945],[140.1695,42.8043],[140.1736,42.8073],[140.1784,42.8137],[140.1851,42.8237],[140.1974,42.8169],[140.2049,42.8104],[140.2258,42.8052],[140.2292,42.7985],[140.2349,42.7971],[140.2377,42.7883],[140.2404,42.7774],[140.2468,42.7688],[140.2561,42.7683],[140.2809,42.7701],[140.3055,42.7787],[140.3094,42.7939],[140.3045,42.8112],[140.3057,42.8288],[140.3154,42.8365],[140.3218,42.8398],[140.3269,42.8457],[140.344,42.8562],[140.3575,42.8716],[140.3589,42.8784],[140.3718,42.8897],[140.3769,42.8961],[140.377,42.9021],[140.3915,42.9199],[140.3996,42.9243],[140.4037,42.9283],[140.4116,42.9337],[140.4154,42.941],[140.4304,42.9497],[140.4483,42.9553],[140.4845,42.9737],[140.4899,42.9771],[140.4968,42.9796],[140.5068,42.9861],[140.5136,42.9847],[140.5224,42.9917],[140.5284,43.0032],[140.529,43.0288],[140.5225,43.0323],[140.5172,43.0331],[140.512,43.0342],[140.5087,43.0382],[140.5013,43.0532],[140.4968,43.059],[140.4909,43.0696],[140.4868,43.0755],[140.4799,43.0797],[140.4711,43.0825],[140.4646,43.0865],[140.4625,43.097],[140.4596,43.1055],[140.4501,43.1097],[140.4477,43.1145],[140.4456,43.1195],[140.442,43.1256],[140.4372,43.1313],[140.4288,43.1371],[140.4302,43.143],[140.4248,43.1437],[140.4037,43.1579],[140.3894,43.1637],[140.379,43.1699],[140.3747,43.1727],[140.3684,43.177],[140.3607,43.1807],[140.3554,43.1861],[140.3491,43.1921],[140.3447,43.1976],[140.3417,43.2055],[140.3372,43.2122],[140.3297,43.2182],[140.326,43.2217],[140.3264,43.2293],[140.331,43.2389],[140.3333,43.2445],[140.3333,43.2532],[140.3319,43.2609],[140.3408,43.2661],[140.3421,43.2715],[140.3442,43.2764],[140.3374,43.282],[140.3454,43.2837],[140.3506,43.2947],[140.3539,43.2993],[140.3557,43.3093],[140.36,43.3157],[140.3565,43.3259],[140.3466,43.3345],[140.3518,43.3329],[140.3585,43.333],[140.3658,43.332],[140.3718,43.3319],[140.3792,43.3305],[140.3908,43.3331],[140.396,43.3313],[140.4018,43.3339],[140.4085,43.3341],[140.4248,43.3297],[140.4466,43.3365],[140.452,43.3395],[140.4604,43.346],[140.4632,43.3547],[140.4667,43.3629],[140.4711,43.3655],[140.4619,43.3688],[140.4662,43.374],[140.4739,43.3747],[140.4809,43.3765],[140.4891,43.3743],[140.4968,43.3735],[140.5068,43.3683],[140.5095,43.3602],[140.5144,43.3576],[140.5271,43.3599],[140.5316,43.3494],[140.5378,43.3449],[140.541,43.3403],[140.5461,43.3391],[140.5571,43.3303],[140.5628,43.3267],[140.5694,43.324],[140.5805,43.3113],[140.5905,43.3099],[140.5958,43.3034],[140.601,43.3039],[140.6069,43.2967],[140.6177,43.2976],[140.6258,43.2956],[140.6301,43.2983],[140.6353,43.2869],[140.6418,43.2873],[140.6388,43.2765],[140.6411,43.267],[140.6542,43.2624],[140.6675,43.2595],[140.682,43.2557],[140.687,43.2558],[140.692,43.2532],[140.7007,43.2515],[140.7087,43.2532],[140.7184,43.2505],[140.7276,43.2427],[140.7337,43.2429],[140.7355,43.2374],[140.7403,43.2344],[140.7468,43.2363],[140.7506,43.2307],[140.7587,43.2271],[140.7711,43.2264],[140.777,43.2258],[140.7783,43.214],[140.7763,43.2041],[140.7857,43.1995],[140.7921,43.1954],[140.8055,43.1947],[140.8149,43.1947],[140.8445,43.1986],[140.8576,43.2037],[140.8552,43.2087],[140.8575,43.2147],[140.8655,43.2163],[140.8674,43.2095],[140.8718,43.2065],[140.8869,43.2089],[140.892,43.2089],[140.8993,43.2117],[140.9105,43.2119],[140.9219,43.2159],[140.9195,43.2246],[140.9271,43.2279],[140.9329,43.2265],[140.939,43.2283],[140.9484,43.2283],[140.961,43.2328],[140.9683,43.2365],[140.9825,43.2399],[140.9917,43.2399],[140.9968,43.2399],[141.0048,43.2396],[141.0147,43.2397],[141.014,43.234],[141.0168,43.226],[141.0145,43.2191],[141.0126,43.2123],[141.006,43.2111],[141.0025,43.2075],[141.0081,43.2037],[141.0074,43.1975],[141.0148,43.1962],[141.0112,43.1924],[141.0194,43.1922],[141.0266,43.1881],[141.0307,43.183],[141.0397,43.1803],[141.0453,43.1805],[141.0541,43.1805],[141.0692,43.1769],[141.0738,43.174],[141.0857,43.1724],[141.0935,43.1699],[141.1007,43.1681],[141.1096,43.1644],[141.1218,43.1582],[141.1275,43.1553],[141.1388,43.1533],[141.147,43.1502],[141.1617,43.1449],[141.1818,43.1502],[141.2328,43.1699],[141.2468,43.1761],[141.2748,43.1905],[141.2807,43.1979],[141.2886,43.1981],[141.291,43.206],[141.2961,43.2111],[141.3072,43.2136],[141.3009,43.214],[141.3053,43.2194],[141.3093,43.2152],[141.3156,43.2193],[141.3531,43.2532],[141.3705,43.2723],[141.3785,43.2801],[141.3835,43.2845],[141.4069,43.3085],[141.4115,43.3149],[141.4239,43.3289],[141.4233,43.3365],[141.424,43.3497],[141.4288,43.36],[141.4261,43.3739],[141.4317,43.3895],[141.4286,43.4199],[141.4107,43.4489],[141.401,43.4617],[141.3978,43.4689],[141.3938,43.4724],[141.3918,43.4784],[141.3731,43.495],[141.372,43.5032],[141.3648,43.5109],[141.3591,43.5187],[141.3596,43.5271],[141.3618,43.5373],[141.3718,43.5548],[141.3862,43.5865],[141.3846,43.5975],[141.3835,43.6048],[141.3718,43.6147],[141.3653,43.6193],[141.3621,43.6309],[141.3515,43.6449],[141.3525,43.6507],[141.3493,43.6699],[141.3388,43.6873],[141.3389,43.6925],[141.3353,43.7014],[141.3333,43.7065],[141.3299,43.7146],[141.3299,43.7253],[141.3371,43.7338],[141.34,43.7414],[141.3498,43.7532],[141.3544,43.7585],[141.3603,43.7607],[141.3645,43.7708],[141.3685,43.7753],[141.3696,43.7835],[141.3718,43.7899],[141.3879,43.8072],[141.3974,43.8111],[141.4104,43.8147],[141.4253,43.8225],[141.4318,43.8253],[141.44,43.8288],[141.4509,43.8323],[141.4574,43.8365],[141.4655,43.8346],[141.4715,43.8346],[141.4823,43.8365],[141.4891,43.8369],[141.4968,43.8388],[141.509,43.8549],[141.5215,43.8599],[141.5307,43.8581],[141.5331,43.8527],[141.5434,43.8548],[141.546,43.86],[141.5559,43.8591],[141.562,43.8601],[141.5643,43.8655],[141.5695,43.8694],[141.5793,43.8705],[141.588,43.8818],[141.5963,43.8845],[141.6001,43.8885],[141.6084,43.9039],[141.6218,43.9191],[141.6315,43.9299],[141.6343,43.9431],[141.6292,43.9459],[141.6321,43.9531],[141.6379,43.9466],[141.6477,43.9448],[141.6412,43.9482],[141.6383,43.9541],[141.643,43.9565],[141.6435,43.9645],[141.6464,43.9715],[141.6424,43.9761],[141.6516,43.9947],[141.6579,44.0032],[141.6619,44.0172],[141.6613,44.0288],[141.6628,44.0376],[141.662,44.0865],[141.6558,44.1291],[141.654,44.1559],[141.6583,44.1699],[141.6567,44.21],[141.6551,44.2209],[141.6578,44.2395],[141.6566,44.2532],[141.6494,44.2911],[141.6486,44.315],[141.6539,44.3163],[141.6603,44.3161],[141.6745,44.3273],[141.6797,44.3365],[141.684,44.3485],[141.6947,44.3691],[141.7028,44.3697],[141.7073,44.3783],[141.7102,44.3923],[141.7253,44.4054],[141.7385,44.4199],[141.7468,44.4328],[141.7572,44.4575],[141.7644,44.5032],[141.7641,44.5342],[141.7679,44.5547],[141.7744,44.5663],[141.7799,44.5663],[141.7874,44.5865],[141.7925,44.6437],[141.7915,44.6699],[141.7837,44.7233],[141.7783,44.7532],[141.7636,44.8088],[141.7552,44.8365],[141.7468,44.86],[141.7381,44.8789],[141.7234,44.9199],[141.6822,45],[141.6641,45.0323],[141.6309,45.0865],[141.6218,45.1005],[141.5852,45.1605],[141.5819,45.1699],[141.5791,45.1769]]],[[[141.1497,45.2255],[141.1533,45.2304],[141.1643,45.2394],[141.1707,45.2395],[141.1746,45.2435],[141.1796,45.2504],[141.1864,45.2532],[141.1898,45.2571],[141.195,45.2598],[141.2057,45.2553],[141.2114,45.2532],[141.2257,45.2459],[141.2327,45.2472],[141.2278,45.2385],[141.2351,45.2347],[141.2453,45.2349],[141.2524,45.2363],[141.2651,45.2311],[141.2694,45.2367],[141.2784,45.2325],[141.2946,45.2217],[141.301,45.2173],[141.3081,45.2105],[141.312,45.2031],[141.3181,45.1985],[141.3249,45.1845],[141.3284,45.1699],[141.3305,45.152],[141.3125,45.1391],[141.3088,45.1353],[141.2997,45.1257],[141.2931,45.1213],[141.2871,45.1163],[141.281,45.1079],[141.2757,45.1117],[141.27,45.1092],[141.252,45.1051],[141.2468,45.1015],[141.2395,45.0986],[141.2291,45.1004],[141.2278,45.1056],[141.2191,45.1087],[141.2108,45.1132],[141.1949,45.1245],[141.1847,45.1275],[141.168,45.1373],[141.163,45.1462],[141.1539,45.1513],[141.1498,45.1592],[141.1418,45.1634],[141.1389,45.1699],[141.1366,45.1789],[141.14,45.1832],[141.1285,45.1863],[141.1346,45.1906],[141.1405,45.1899],[141.1431,45.1949],[141.1373,45.2011],[141.1335,45.2135],[141.1391,45.2205],[141.1497,45.2255]]],[[[145.7473,44.0647],[145.7468,44.0753],[145.7453,44.0865],[145.743,44.0913],[145.7437,44.1038],[145.7526,44.1089],[145.7577,44.1168],[145.7641,44.1207],[145.7678,44.1263],[145.7733,44.1311],[145.7869,44.1438],[145.7883,44.1487],[145.7934,44.1525],[145.8126,44.1635],[145.8217,44.1699],[145.832,44.1784],[145.8542,44.202],[145.8615,44.2218],[145.8718,44.2329],[145.8845,44.2463],[145.8936,44.2532],[145.9045,44.2608],[145.9358,44.2788],[145.942,44.2788],[145.953,44.2908],[145.9642,44.2967],[145.9689,44.3022],[145.9779,44.3097],[145.9924,44.3247],[145.9968,44.3327],[146.0007,44.3365],[146.0033,44.3508],[146.011,44.3715],[146.0073,44.3817],[146.0159,44.3871],[146.0234,44.3905],[146.0279,44.3987],[146.0435,44.4115],[146.0528,44.4199],[146.06,44.4339],[146.0697,44.4468],[146.0784,44.4671],[146.0803,44.4723],[146.093,44.4835],[146.1062,44.4899],[146.1218,44.5021],[146.129,44.5091],[146.143,44.5119],[146.1536,44.5136],[146.1663,44.5181],[146.1718,44.5168],[146.1704,44.5105],[146.1797,44.5062],[146.1863,44.5069],[146.1897,44.5032],[146.196,44.4945],[146.2085,44.49],[146.2183,44.4855],[146.226,44.4831],[146.2336,44.4732],[146.241,44.4606],[146.2468,44.4567],[146.25,44.4467],[146.2592,44.4446],[146.2681,44.4447],[146.2797,44.4434],[146.2809,44.4351],[146.3062,44.4311],[146.311,44.4295],[146.3171,44.4264],[146.329,44.4249],[146.3316,44.4199],[146.3718,44.4195],[146.4057,44.4229],[146.4313,44.4199],[146.4502,44.4199],[146.4619,44.4202],[146.4968,44.4255],[146.5294,44.4319],[146.5507,44.4403],[146.5515,44.4457],[146.5586,44.4486],[146.5654,44.4514],[146.5776,44.4558],[146.5679,44.4473],[146.5537,44.4302],[146.5512,44.4199],[146.5471,44.4087],[146.54,44.4009],[146.5366,44.3952],[146.5351,44.3843],[146.5241,44.3738],[146.5176,44.3706],[146.5068,44.3669],[146.5016,44.3656],[146.4968,44.3621],[146.4908,44.3545],[146.4852,44.3542],[146.478,44.3635],[146.4685,44.3681],[146.463,44.373],[146.4506,44.3783],[146.4345,44.3767],[146.3974,44.3621],[146.3811,44.3527],[146.3718,44.3425],[146.3684,44.3365],[146.3667,44.3253],[146.3678,44.3193],[146.3531,44.3206],[146.3469,44.3181],[146.342,44.3087],[146.3281,44.3031],[146.3303,44.2975],[146.3217,44.2975],[146.3154,44.2919],[146.3063,44.2899],[146.3017,44.2839],[146.2995,44.2778],[146.2921,44.2758],[146.283,44.2757],[146.2758,44.2753],[146.2628,44.2739],[146.2514,44.2727],[146.2366,44.2713],[146.2235,44.2729],[146.214,44.2721],[146.2048,44.2719],[146.1985,44.2703],[146.1826,44.2693],[146.1687,44.2723],[146.1612,44.2699],[146.1552,44.2679],[146.1467,44.2653],[146.1325,44.2667],[146.1218,44.2657],[146.1156,44.2652],[146.0949,44.2532],[146.0693,44.2347],[146.0531,44.2129],[146.0492,44.2017],[146.0542,44.1975],[146.0471,44.1931],[146.0472,44.1866],[146.0419,44.1859],[146.0348,44.1857],[146.0287,44.1839],[146.0237,44.1771],[146.014,44.1745],[146.0043,44.1726],[145.9968,44.173],[145.9891,44.1728],[145.9829,44.1699],[145.9786,44.1663],[145.973,44.1623],[145.9708,44.1573],[145.966,44.1534],[145.9582,44.1565],[145.9478,44.1538],[145.94,44.1491],[145.9344,44.1441],[145.9245,44.1373],[145.9148,44.1291],[145.9095,44.1239],[145.9038,44.1155],[145.8995,44.105],[145.9043,44.1015],[145.9032,44.0957],[145.8977,44.0975],[145.8921,44.0962],[145.8902,44.0901],[145.8815,44.0865],[145.8819,44.0803],[145.8806,44.0747],[145.8718,44.0707],[145.8637,44.0532],[145.8654,44.0303],[145.8718,44.0265],[145.8785,44.0213],[145.8718,44.0227],[145.8652,44.0215],[145.8556,44.0217],[145.8551,44.0306],[145.8422,44.0329],[145.8278,44.0294],[145.8144,44.0173],[145.8078,44.0032],[145.805,43.9975],[145.8006,43.9925],[145.7981,43.9861],[145.7908,43.9791],[145.788,43.9623],[145.793,43.959],[145.7881,43.9526],[145.7834,43.9443],[145.7797,43.9361],[145.7695,43.9326],[145.7576,43.9265],[145.7468,43.9241],[145.7376,43.9199],[145.7184,43.9124],[145.7105,43.9113],[145.6987,43.9099],[145.6851,43.9095],[145.6762,43.9051],[145.6648,43.9109],[145.6538,43.9095],[145.6411,43.9036],[145.6293,43.8897],[145.6259,43.8842],[145.6121,43.8787],[145.6056,43.8689],[145.6013,43.8717],[145.5933,43.8707],[145.5818,43.8562],[145.5771,43.8455],[145.5762,43.8365],[145.5759,43.8311],[145.5714,43.8056],[145.5733,43.7774],[145.5693,43.7532],[145.5609,43.719],[145.5587,43.6975],[145.556,43.6779],[145.5544,43.6699],[145.5448,43.6583],[145.538,43.6587],[145.5363,43.6699],[145.5362,43.6759],[145.5409,43.6955],[145.5498,43.7249],[145.5465,43.7317],[145.5258,43.7353],[145.4968,43.7337],[145.4762,43.7288],[145.4471,43.725],[145.439,43.719],[145.4243,43.733],[145.4188,43.7532],[145.4269,43.7741],[145.4242,43.7862],[145.4154,43.8092],[145.4111,43.8191],[145.4046,43.8231],[145.3995,43.8291],[145.4028,43.8365],[145.4069,43.8421],[145.4141,43.8447],[145.4384,43.8499],[145.4474,43.8562],[145.4483,43.8621],[145.4525,43.8722],[145.4657,43.8909],[145.4841,43.9043],[145.4968,43.9083],[145.5053,43.9111],[145.5131,43.9142],[145.5272,43.9199],[145.5348,43.9235],[145.5346,43.9287],[145.5496,43.9359],[145.561,43.9453],[145.5783,43.9473],[145.5901,43.9532],[145.5939,43.9677],[145.5977,43.9727],[145.6122,43.9769],[145.6218,43.9829],[145.6287,43.9879],[145.6372,43.9906],[145.6461,43.9936],[145.6528,43.9995],[145.6512,44.0051],[145.6743,44.0116],[145.6805,44.0173],[145.6758,44.0273],[145.6814,44.0265],[145.6945,44.0309],[145.7028,44.0339],[145.7085,44.0358],[145.7169,44.0386],[145.7312,44.0454],[145.7429,44.0537],[145.7468,44.0599],[145.7473,44.0647]]],[[[146.6455,43.7027],[146.6413,43.7091],[146.6477,43.7114],[146.6391,43.7169],[146.631,43.7219],[146.6288,43.7284],[146.6233,43.7332],[146.6196,43.7409],[146.6198,43.7495],[146.6261,43.7575],[146.6138,43.7581],[146.6077,43.7532],[146.6104,43.7478],[146.6162,43.7437],[146.6128,43.7354],[146.6063,43.7357],[146.6011,43.7375],[146.5946,43.7356],[146.5935,43.7409],[146.5976,43.7453],[146.5899,43.7445],[146.5874,43.7503],[146.5912,43.7591],[146.5989,43.7626],[146.6079,43.7697],[146.6072,43.7768],[146.6021,43.7808],[146.5955,43.7837],[146.585,43.8021],[146.5863,43.8083],[146.5913,43.808],[146.6028,43.8131],[146.6098,43.8175],[146.6218,43.8173],[146.6362,43.8199],[146.6495,43.8243],[146.6663,43.8293],[146.6811,43.8267],[146.6886,43.8294],[146.6995,43.8319],[146.7078,43.8298],[146.7089,43.8247],[146.7123,43.8312],[146.7222,43.8333],[146.7308,43.8296],[146.7422,43.8268],[146.7468,43.8215],[146.7484,43.8279],[146.7421,43.8331],[146.7364,43.8344],[146.7309,43.834],[146.7223,43.8365],[146.7221,43.8424],[146.7253,43.8473],[146.7468,43.857],[146.7635,43.8699],[146.7738,43.8759],[146.786,43.8747],[146.79,43.8687],[146.7974,43.8617],[146.7903,43.8744],[146.7944,43.8802],[146.8,43.8765],[146.8058,43.872],[146.8104,43.8759],[146.8174,43.8763],[146.814,43.8702],[146.8187,43.8667],[146.826,43.8689],[146.8278,43.8737],[146.8217,43.8751],[146.82,43.8815],[146.821,43.8871],[146.8258,43.89],[146.833,43.8871],[146.845,43.8898],[146.8528,43.8843],[146.8511,43.8772],[146.8622,43.8773],[146.8718,43.8689],[146.8817,43.8594],[146.8877,43.8546],[146.8947,43.8484],[146.9013,43.8452],[146.9093,43.8473],[146.9115,43.8413],[146.9166,43.8407],[146.9183,43.8355],[146.9119,43.8323],[146.903,43.8286],[146.9071,43.8249],[146.9081,43.8193],[146.9073,43.8117],[146.9028,43.8142],[146.8992,43.8067],[146.894,43.8106],[146.8882,43.8134],[146.8821,43.815],[146.8718,43.8131],[146.8646,43.8109],[146.8575,43.8067],[146.852,43.8073],[146.8439,43.81],[146.8386,43.8069],[146.8333,43.805],[146.8269,43.8009],[146.8287,43.7961],[146.8342,43.7965],[146.8385,43.7909],[146.8456,43.7917],[146.8409,43.7846],[146.8338,43.784],[146.8275,43.7854],[146.8241,43.79],[146.8169,43.7894],[146.8115,43.7919],[146.8097,43.7863],[146.8018,43.7825],[146.7964,43.7851],[146.7908,43.783],[146.7911,43.7759],[146.7922,43.7641],[146.7869,43.7621],[146.783,43.7577],[146.7772,43.7645],[146.7716,43.7669],[146.7703,43.762],[146.7663,43.7532],[146.7607,43.7498],[146.7569,43.7532],[146.7512,43.7575],[146.754,43.7517],[146.7468,43.7479],[146.7367,43.7487],[146.7342,43.7443],[146.7291,43.7469],[146.7338,43.7417],[146.7269,43.7347],[146.7126,43.7387],[146.7064,43.745],[146.6974,43.7466],[146.6912,43.7431],[146.692,43.7378],[146.6874,43.7355],[146.6818,43.7308],[146.6873,43.7229],[146.6777,43.7159],[146.6762,43.7082],[146.6634,43.7089],[146.6592,43.706],[146.652,43.7033],[146.6455,43.7027]]],[[[139.4503,42.0521],[139.4444,42.0642],[139.4386,42.0666],[139.4276,42.0715],[139.4221,42.0718],[139.4225,42.0775],[139.4251,42.0865],[139.4237,42.0947],[139.4249,42.1002],[139.4243,42.1059],[139.4191,42.1126],[139.4194,42.1199],[139.4209,42.1248],[139.4232,42.1364],[139.416,42.1491],[139.4109,42.154],[139.4088,42.1598],[139.4059,42.1647],[139.4113,42.1699],[139.4068,42.1784],[139.4111,42.1837],[139.4164,42.1895],[139.421,42.1953],[139.424,42.2009],[139.4268,42.206],[139.4346,42.215],[139.439,42.2175],[139.4468,42.2173],[139.4531,42.2177],[139.4675,42.2176],[139.4727,42.2216],[139.4793,42.2232],[139.4968,42.227],[139.5063,42.2293],[139.515,42.2307],[139.5218,42.2313],[139.5266,42.2341],[139.5338,42.234],[139.547,42.2384],[139.5587,42.2532],[139.5607,42.2459],[139.5607,42.2289],[139.5534,42.2201],[139.5496,42.2139],[139.5459,42.2045],[139.5387,42.2008],[139.526,42.1907],[139.5207,42.1829],[139.5173,42.177],[139.5176,42.1699],[139.5169,42.16],[139.522,42.1554],[139.5201,42.1466],[139.5197,42.139],[139.5176,42.134],[139.5113,42.1176],[139.506,42.1048],[139.5036,42.0966],[139.4968,42.0879],[139.4935,42.0817],[139.4889,42.078],[139.4817,42.0731],[139.4748,42.0718],[139.4622,42.0705],[139.4521,42.0644],[139.4514,42.0583],[139.4503,42.0521]]]]}},{"type":"Feature","properties":{"nam":"Hyogo Ken","nam_ja":"\u5175\u5eab\u770c","id":28},"geometry":{"type":"MultiPolygon","coordinates":[[[[134.8671,35.6581],[134.8642,35.6511],[134.8664,35.6428],[134.8664,35.6369],[134.8712,35.6271],[134.8725,35.6197],[134.8696,35.6147],[134.8656,35.6017],[134.8624,35.5969],[134.8567,35.5934],[134.8542,35.5881],[134.8622,35.5865],[134.8686,35.5782],[134.8807,35.5673],[134.8885,35.5607],[134.896,35.5581],[134.901,35.5546],[134.9035,35.5495],[134.9089,35.5467],[134.9143,35.5448],[134.9187,35.5379],[134.9177,35.5329],[134.9228,35.5211],[134.9246,35.5147],[134.9317,35.5125],[134.943,35.5139],[134.9481,35.5145],[134.9592,35.513],[134.9638,35.5161],[134.9669,35.5213],[134.9745,35.5252],[134.9796,35.5249],[134.9829,35.5289],[134.988,35.5303],[134.9959,35.5353],[135.0045,35.5356],[135.0196,35.5383],[135.0301,35.5399],[135.0352,35.5397],[135.0362,35.5301],[135.0397,35.5265],[135.0419,35.5205],[135.0439,35.5093],[135.0399,35.5032],[135.0328,35.4973],[135.0417,35.4934],[135.0384,35.4807],[135.0358,35.4753],[135.0405,35.4735],[135.0427,35.4669],[135.0475,35.4521],[135.0504,35.4419],[135.0482,35.4329],[135.0475,35.4269],[135.0483,35.4074],[135.0409,35.4088],[135.0291,35.4096],[135.0217,35.3981],[135.0151,35.3933],[135.0095,35.3918],[135.0044,35.3896],[135,35.3869],[134.9895,35.3863],[134.9868,35.3907],[134.9789,35.3984],[134.9687,35.4003],[134.9586,35.4091],[134.9448,35.4132],[134.9338,35.4074],[134.931,35.4017],[134.927,35.3979],[134.9251,35.3859],[134.9264,35.3775],[134.9185,35.3645],[134.9226,35.3527],[134.9185,35.3493],[134.917,35.3399],[134.9253,35.3365],[134.9272,35.3293],[134.9254,35.3218],[134.9208,35.3163],[134.9256,35.3112],[134.9372,35.3076],[134.9429,35.3083],[134.9489,35.3034],[134.9602,35.2979],[134.9668,35.2969],[134.9756,35.2951],[134.9916,35.29],[134.9988,35.2911],[135.0095,35.2837],[135.0114,35.2774],[135.01,35.2698],[135.0168,35.269],[135.0257,35.2652],[135.0364,35.2619],[135.0427,35.2635],[135.0513,35.2625],[135.0566,35.258],[135.0594,35.2532],[135.0641,35.245],[135.0658,35.2401],[135.0738,35.2414],[135.0808,35.245],[135.085,35.2532],[135.0906,35.2564],[135.094,35.2601],[135.109,35.2663],[135.1155,35.2633],[135.1218,35.263],[135.1304,35.2611],[135.1361,35.265],[135.143,35.2624],[135.1481,35.2636],[135.1583,35.2599],[135.162,35.2532],[135.1662,35.2402],[135.1594,35.23],[135.1556,35.2262],[135.1651,35.2194],[135.1703,35.2203],[135.175,35.2146],[135.1807,35.2157],[135.1881,35.2082],[135.1925,35.2045],[135.199,35.194],[135.1863,35.1898],[135.1891,35.1822],[135.1869,35.1718],[135.1944,35.1713],[135.2008,35.1656],[135.2149,35.1621],[135.2245,35.1639],[135.2283,35.1674],[135.2327,35.1774],[135.2468,35.177],[135.2549,35.1767],[135.2658,35.1755],[135.2738,35.1771],[135.2808,35.174],[135.2889,35.1723],[135.2909,35.1597],[135.2828,35.1507],[135.2822,35.1449],[135.2896,35.1421],[135.2946,35.1419],[135.3064,35.1443],[135.323,35.1466],[135.3284,35.1491],[135.3405,35.1499],[135.339,35.1449],[135.3393,35.1387],[135.3435,35.1357],[135.3561,35.136],[135.3607,35.1321],[135.3684,35.1318],[135.3894,35.1288],[135.3861,35.119],[135.3896,35.1146],[135.393,35.1109],[135.3887,35.1072],[135.3885,35.0971],[135.4007,35.0931],[135.4007,35.0865],[135.3989,35.0811],[135.3992,35.0761],[135.3937,35.0737],[135.3872,35.0724],[135.3762,35.0649],[135.3718,35.0591],[135.3688,35.0536],[135.3708,35.0453],[135.3616,35.0473],[135.349,35.0509],[135.3478,35.0455],[135.3422,35.0436],[135.3304,35.0345],[135.3394,35.0259],[135.3454,35.0261],[135.3542,35.0241],[135.3545,35.0138],[135.354,35.0078],[135.3525,35],[135.3533,34.9881],[135.359,34.9823],[135.351,34.9796],[135.3462,34.9684],[135.3492,34.9643],[135.3548,34.9616],[135.3601,34.9545],[135.3649,34.956],[135.3763,34.9558],[135.3827,34.9554],[135.3872,34.9469],[135.3905,34.9429],[135.3964,34.9442],[135.4077,34.9432],[135.4121,34.9401],[135.4171,34.9411],[135.4182,34.9339],[135.4246,34.9357],[135.4357,34.9378],[135.4517,34.9309],[135.4614,34.9266],[135.4668,34.9287],[135.4657,34.9217],[135.4598,34.9182],[135.4511,34.9199],[135.438,34.9199],[135.433,34.9168],[135.424,34.9131],[135.4182,34.9088],[135.4268,34.9061],[135.4317,34.8953],[135.4378,34.8961],[135.4446,34.8985],[135.4426,34.8912],[135.4366,34.8776],[135.4342,34.8702],[135.4304,34.86],[135.4203,34.8515],[135.4239,34.8365],[135.4215,34.8263],[135.4157,34.8195],[135.4234,34.8019],[135.4292,34.8025],[135.4327,34.7977],[135.4387,34.7918],[135.4427,34.7842],[135.4453,34.7748],[135.4444,34.7684],[135.4511,34.7584],[135.4562,34.7598],[135.4558,34.7532],[135.4587,34.7347],[135.4469,34.7333],[135.447,34.7197],[135.4368,34.7149],[135.4275,34.7097],[135.4242,34.7059],[135.4103,34.7006],[135.4028,34.6932],[135.3922,34.68],[135.3762,34.6766],[135.382,34.6822],[135.3901,34.6826],[135.3925,34.687],[135.3999,34.6973],[135.3932,34.701],[135.392,34.6947],[135.3865,34.6923],[135.3812,34.6912],[135.3753,34.6872],[135.3712,34.6808],[135.3722,34.6896],[135.3688,34.6964],[135.3651,34.6897],[135.3539,34.6968],[135.3596,34.7011],[135.3637,34.7049],[135.357,34.7093],[135.352,34.7139],[135.3438,34.7185],[135.3389,34.7223],[135.332,34.7232],[135.3263,34.7252],[135.3238,34.718],[135.3064,34.7144],[135.3027,34.7191],[135.2945,34.7195],[135.2895,34.715],[135.2819,34.7124],[135.2881,34.704],[135.2721,34.7022],[135.2681,34.707],[135.2551,34.7004],[135.2472,34.6995],[135.2397,34.7015],[135.228,34.7001],[135.2347,34.6986],[135.238,34.6932],[135.2241,34.6916],[135.219,34.6956],[135.2184,34.6901],[135.2113,34.6863],[135.2041,34.687],[135.2035,34.6793],[135.2007,34.6838],[135.1969,34.6798],[135.1922,34.6846],[135.187,34.681],[135.1823,34.6773],[135.1892,34.6729],[135.1833,34.6701],[135.1777,34.6704],[135.1779,34.6649],[135.187,34.6669],[135.1827,34.6617],[135.1805,34.6556],[135.1869,34.6531],[135.1833,34.6494],[135.1672,34.6478],[135.1496,34.6459],[135.1393,34.6424],[135.1317,34.6412],[135.1218,34.6421],[135.1111,34.6413],[135.1022,34.6374],[135.0927,34.6346],[135.074,34.6309],[135.0596,34.6255],[135.0404,34.6284],[135.0183,34.6433],[135,34.6426],[134.9925,34.6418],[134.9815,34.6414],[134.9729,34.6437],[134.9665,34.6473],[134.9377,34.6659],[134.9311,34.6699],[134.9095,34.676],[134.8975,34.6868],[134.8878,34.693],[134.8718,34.7023],[134.8672,34.7049],[134.864,34.7091],[134.8581,34.7137],[134.8528,34.7137],[134.8467,34.7153],[134.8477,34.7203],[134.8362,34.7072],[134.8282,34.7099],[134.8091,34.7181],[134.8132,34.7306],[134.8116,34.739],[134.8038,34.7346],[134.7973,34.7331],[134.7871,34.74],[134.7915,34.7445],[134.7853,34.7411],[134.7684,34.7501],[134.7632,34.7485],[134.7568,34.7517],[134.7617,34.7589],[134.7468,34.7682],[134.7339,34.7694],[134.724,34.7715],[134.7071,34.777],[134.7015,34.7771],[134.6946,34.7703],[134.6873,34.7712],[134.6891,34.7774],[134.683,34.7721],[134.6775,34.7732],[134.6733,34.7765],[134.6651,34.7679],[134.6624,34.7725],[134.6651,34.7769],[134.664,34.7843],[134.6522,34.7706],[134.6575,34.7871],[134.6498,34.7796],[134.645,34.7673],[134.6329,34.7673],[134.6329,34.7725],[134.6315,34.7775],[134.6436,34.7803],[134.6221,34.7837],[134.626,34.7795],[134.6282,34.7732],[134.6235,34.7694],[134.6111,34.7677],[134.6082,34.7749],[134.6127,34.7779],[134.6061,34.7772],[134.5948,34.7735],[134.6009,34.7714],[134.6027,34.7663],[134.5953,34.764],[134.5932,34.7699],[134.5837,34.7709],[134.5859,34.7619],[134.5709,34.7581],[134.5717,34.7647],[134.5709,34.7704],[134.5656,34.7678],[134.5648,34.7605],[134.5579,34.7642],[134.5589,34.7692],[134.5483,34.773],[134.5407,34.7704],[134.5331,34.7757],[134.5298,34.7804],[134.5237,34.7792],[134.519,34.7739],[134.5129,34.7689],[134.5082,34.764],[134.5031,34.7613],[134.501,34.7662],[134.5029,34.7728],[134.4968,34.7721],[134.491,34.7661],[134.4864,34.769],[134.4809,34.7655],[134.4739,34.7552],[134.4712,34.7662],[134.4718,34.7765],[134.4692,34.7842],[134.478,34.7859],[134.4683,34.7916],[134.4698,34.7971],[134.4647,34.8036],[134.4592,34.8037],[134.4674,34.7985],[134.4656,34.7917],[134.4611,34.7884],[134.4578,34.7807],[134.4595,34.7699],[134.4633,34.7651],[134.457,34.7573],[134.4503,34.7537],[134.4552,34.7675],[134.4478,34.7679],[134.4406,34.7667],[134.4338,34.7668],[134.432,34.7565],[134.4258,34.7532],[134.4333,34.7481],[134.4274,34.7454],[134.4248,34.7406],[134.4161,34.7324],[134.407,34.7265],[134.3934,34.7287],[134.3884,34.7343],[134.3847,34.7261],[134.3751,34.7313],[134.3793,34.737],[134.3738,34.7333],[134.3718,34.7393],[134.3679,34.7447],[134.3583,34.7512],[134.3582,34.7457],[134.3632,34.7407],[134.3519,34.7371],[134.3443,34.7354],[134.3393,34.7389],[134.3309,34.7321],[134.3213,34.7218],[134.3207,34.7277],[134.3203,34.7353],[134.3137,34.7377],[134.3175,34.7532],[134.3198,34.7591],[134.3241,34.7635],[134.3321,34.7659],[134.3292,34.7737],[134.3235,34.7746],[134.3154,34.7808],[134.3185,34.7851],[134.3164,34.7924],[134.3165,34.8016],[134.307,34.8073],[134.3025,34.814],[134.295,34.8181],[134.2879,34.8214],[134.2874,34.8277],[134.2727,34.8271],[134.2632,34.8267],[134.2613,34.8314],[134.2625,34.8365],[134.2626,34.8415],[134.256,34.8484],[134.2547,34.8597],[134.2586,34.8697],[134.2662,34.8748],[134.263,34.8795],[134.2629,34.8849],[134.2682,34.8877],[134.2723,34.8913],[134.2793,34.8957],[134.2883,34.8976],[134.2927,34.9027],[134.2944,34.9075],[134.2869,34.9143],[134.2841,34.9199],[134.2784,34.9215],[134.2755,34.9291],[134.2669,34.936],[134.2589,34.9342],[134.2543,34.9377],[134.2536,34.9461],[134.2592,34.9513],[134.2664,34.9564],[134.2754,34.9629],[134.2765,34.9758],[134.2702,34.9825],[134.2783,34.9905],[134.2861,34.9959],[134.2793,35],[134.2709,35.0032],[134.2658,35.0051],[134.2638,35.0107],[134.2641,35.0157],[134.2671,35.0215],[134.2747,35.0234],[134.2806,35.035],[134.2904,35.0374],[134.2967,35.0431],[134.3038,35.0405],[134.3072,35.0455],[134.3158,35.0433],[134.3151,35.0483],[134.3144,35.0579],[134.3166,35.0657],[134.3185,35.0829],[134.3294,35.0865],[134.3367,35.0904],[134.3449,35.0904],[134.3499,35.0936],[134.3534,35.098],[134.3525,35.1137],[134.3592,35.1194],[134.3564,35.1245],[134.3596,35.1337],[134.3663,35.1454],[134.3718,35.1493],[134.3774,35.1491],[134.3868,35.1518],[134.3936,35.1527],[134.4064,35.1474],[134.412,35.1567],[134.407,35.1651],[134.4112,35.1758],[134.4114,35.1861],[134.4008,35.1875],[134.3909,35.1924],[134.3824,35.1945],[134.38,35.2081],[134.381,35.2161],[134.3849,35.2236],[134.3964,35.2283],[134.4022,35.241],[134.4082,35.2397],[134.4213,35.237],[134.4274,35.2317],[134.434,35.2295],[134.4427,35.2358],[134.4483,35.2379],[134.4624,35.2367],[134.4624,35.2441],[134.4708,35.2492],[134.4803,35.2532],[134.4855,35.2622],[134.4968,35.2676],[134.5016,35.2691],[134.5146,35.2773],[134.5118,35.2847],[134.5093,35.2956],[134.5103,35.3029],[134.514,35.3071],[134.5104,35.3113],[134.5049,35.3159],[134.5022,35.3254],[134.504,35.3365],[134.5083,35.3417],[134.51,35.3493],[134.5133,35.3539],[134.5052,35.3591],[134.5024,35.366],[134.4968,35.3673],[134.4888,35.368],[134.4758,35.3747],[134.4719,35.383],[134.4746,35.3925],[134.4783,35.4009],[134.481,35.4102],[134.4769,35.4139],[134.4777,35.4199],[134.4795,35.4253],[134.4731,35.4299],[134.4628,35.4365],[134.4542,35.4367],[134.4493,35.4381],[134.4398,35.4428],[134.4376,35.4585],[134.4334,35.4667],[134.4372,35.4756],[134.4271,35.4959],[134.4299,35.5032],[134.4246,35.5088],[134.4187,35.5137],[134.4123,35.5153],[134.4182,35.5253],[134.4196,35.5315],[134.425,35.5419],[134.4204,35.5449],[134.4243,35.5513],[134.4208,35.5629],[134.4158,35.5635],[134.4105,35.5629],[134.4059,35.5685],[134.4057,35.5737],[134.4055,35.583],[134.403,35.5935],[134.394,35.5978],[134.3872,35.6031],[134.382,35.6035],[134.3753,35.6075],[134.3695,35.6146],[134.3779,35.6139],[134.3837,35.6134],[134.3906,35.6191],[134.3959,35.6185],[134.4013,35.6163],[134.4067,35.6175],[134.4165,35.6195],[134.4203,35.6244],[134.4275,35.624],[134.4312,35.6202],[134.4336,35.6278],[134.4339,35.6328],[134.4389,35.6359],[134.4403,35.63],[134.4509,35.629],[134.4564,35.6352],[134.4608,35.6399],[134.4689,35.6405],[134.4758,35.6402],[134.4789,35.6455],[134.4853,35.6506],[134.4909,35.6541],[134.498,35.6553],[134.504,35.658],[134.511,35.6585],[134.5164,35.6613],[134.5165,35.6666],[134.5233,35.6669],[134.5312,35.6662],[134.5369,35.6699],[134.5509,35.6587],[134.5581,35.6511],[134.5633,35.6565],[134.5762,35.6522],[134.5777,35.6607],[134.5852,35.6597],[134.5915,35.6555],[134.5978,35.6587],[134.6026,35.656],[134.6054,35.6515],[134.6123,35.6485],[134.6135,35.6413],[134.6218,35.6393],[134.6278,35.6409],[134.6303,35.6475],[134.6395,35.6499],[134.6442,35.6555],[134.657,35.6655],[134.6636,35.6669],[134.6634,35.6581],[134.6573,35.6581],[134.6587,35.6517],[134.6658,35.6535],[134.6707,35.6585],[134.6783,35.6551],[134.684,35.656],[134.6872,35.6651],[134.6922,35.6651],[134.6919,35.6595],[134.6945,35.6546],[134.7016,35.6555],[134.7069,35.6536],[134.7093,35.6599],[134.7095,35.6655],[134.7153,35.6661],[134.7248,35.6671],[134.7284,35.6619],[134.7324,35.6583],[134.7385,35.6597],[134.7436,35.663],[134.7512,35.6615],[134.7583,35.6632],[134.7612,35.6699],[134.7617,35.6625],[134.769,35.6594],[134.7752,35.6615],[134.7825,35.6613],[134.7896,35.6675],[134.7954,35.6699],[134.8032,35.6646],[134.8096,35.6635],[134.8159,35.6603],[134.8209,35.6596],[134.8261,35.6555],[134.8348,35.6564],[134.8333,35.6489],[134.8406,35.6427],[134.8483,35.6528],[134.8521,35.6589],[134.8609,35.6581],[134.8671,35.6581]]],[[[134.7871,34.4272],[134.7974,34.4487],[134.808,34.4578],[134.813,34.4609],[134.818,34.4691],[134.8268,34.4677],[134.8355,34.4669],[134.8445,34.4755],[134.8625,34.5032],[134.8693,34.5135],[134.8745,34.5174],[134.8798,34.5239],[134.886,34.5287],[134.8951,34.53],[134.9096,34.535],[134.9194,34.5451],[134.9264,34.5476],[134.9328,34.5486],[134.9378,34.5535],[134.9437,34.5589],[134.956,34.5719],[134.9657,34.5865],[134.9768,34.5982],[134.9826,34.6027],[134.9966,34.608],[135.0104,34.5993],[135.0179,34.5899],[135.0235,34.5807],[135.0156,34.5624],[135.0085,34.5565],[135.0014,34.5504],[134.9968,34.5454],[134.9931,34.5255],[134.9886,34.517],[134.9842,34.511],[134.9791,34.5032],[134.9747,34.4992],[134.9634,34.4925],[134.9541,34.4839],[134.9431,34.4667],[134.932,34.458],[134.9206,34.4485],[134.9085,34.4365],[134.9038,34.4311],[134.911,34.43],[134.9026,34.4209],[134.8953,34.4199],[134.8977,34.4103],[134.8943,34.3989],[134.8967,34.3761],[134.8963,34.3667],[134.8936,34.3542],[134.8964,34.3477],[134.9034,34.3409],[134.9088,34.3412],[134.9142,34.3365],[134.9133,34.3312],[134.9177,34.3181],[134.922,34.3103],[134.9324,34.3037],[134.9417,34.2986],[134.9483,34.2842],[134.9488,34.2743],[134.9545,34.2769],[134.9519,34.2671],[134.9265,34.2589],[134.9023,34.2532],[134.8902,34.2473],[134.8718,34.2399],[134.8414,34.2283],[134.8281,34.2203],[134.8153,34.209],[134.8067,34.2047],[134.7957,34.1993],[134.7888,34.1996],[134.7734,34.2001],[134.7468,34.1927],[134.74,34.1903],[134.7293,34.1889],[134.7309,34.1953],[134.7304,34.2066],[134.7174,34.2153],[134.7014,34.217],[134.7036,34.23],[134.7101,34.2393],[134.7163,34.243],[134.7199,34.2532],[134.7094,34.2532],[134.703,34.2477],[134.7014,34.2416],[134.6952,34.2473],[134.6872,34.2474],[134.6812,34.2483],[134.6748,34.2453],[134.6645,34.2441],[134.6577,34.2413],[134.6698,34.2489],[134.6734,34.2532],[134.6714,34.267],[134.6602,34.2711],[134.6625,34.2876],[134.6591,34.2923],[134.6729,34.3168],[134.6841,34.3235],[134.6863,34.3305],[134.6927,34.3245],[134.7001,34.3245],[134.7065,34.3209],[134.7177,34.3245],[134.7218,34.3301],[134.7292,34.3296],[134.7318,34.3365],[134.7402,34.3524],[134.7468,34.3671],[134.7494,34.3733],[134.7517,34.378],[134.7557,34.3855],[134.7625,34.386],[134.7758,34.4135],[134.7844,34.4199],[134.7871,34.4272]]]]}},{"type":"Feature","properties":{"nam":"Chiba Ken","nam_ja":"\u5343\u8449\u770c","id":12},"geometry":{"type":"MultiPolygon","coordinates":[[[[139.7762,36.0909],[139.7775,36.098],[139.7868,36.1041],[139.8012,36.0919],[139.8039,36.0865],[139.8106,36.066],[139.8202,36.0573],[139.846,36.0347],[139.8591,36.0275],[139.8663,36.0203],[139.8718,36.0145],[139.8785,36.0072],[139.8842,35.9889],[139.9008,35.9769],[139.9171,35.9703],[139.9237,35.9706],[139.9341,35.9684],[139.9382,35.9619],[139.9321,35.9497],[139.9392,35.9403],[139.9521,35.9357],[139.966,35.9265],[139.9785,35.922],[139.9931,35.9103],[140,35.9094],[140.017,35.9106],[140.0242,35.9063],[140.0306,35.9009],[140.0486,35.8918],[140.0608,35.8883],[140.0705,35.8784],[140.0762,35.877],[140.089,35.8841],[140.1027,35.8807],[140.1184,35.8743],[140.1272,35.8709],[140.1376,35.8557],[140.1466,35.8456],[140.1548,35.8426],[140.1679,35.8455],[140.1915,35.8546],[140.2064,35.8614],[140.2137,35.862],[140.2325,35.8541],[140.2436,35.8554],[140.2731,35.8723],[140.2812,35.8741],[140.2894,35.8714],[140.3082,35.8645],[140.3176,35.8644],[140.3353,35.8726],[140.3502,35.8856],[140.3557,35.8945],[140.3665,35.9002],[140.3718,35.9015],[140.379,35.9031],[140.3988,35.9093],[140.4109,35.9084],[140.4205,35.9064],[140.4349,35.9117],[140.4486,35.9152],[140.4523,35.9199],[140.4585,35.9261],[140.471,35.9199],[140.4841,35.9099],[140.4968,35.9065],[140.5028,35.9058],[140.4968,35.9105],[140.4908,35.9151],[140.4872,35.9281],[140.4905,35.9319],[140.5012,35.9466],[140.5113,35.9587],[140.5287,35.946],[140.5333,35.9413],[140.5554,35.9313],[140.5737,35.922],[140.5831,35.9134],[140.588,35.9106],[140.5989,35.9032],[140.6125,35.8901],[140.6218,35.8739],[140.6301,35.8616],[140.648,35.8556],[140.6821,35.8495],[140.7031,35.8387],[140.7175,35.8227],[140.7208,35.8135],[140.7295,35.7962],[140.7468,35.7818],[140.7958,35.7532],[140.8204,35.7396],[140.8467,35.74],[140.8519,35.7439],[140.8582,35.744],[140.8643,35.7421],[140.869,35.736],[140.8709,35.7183],[140.8661,35.7125],[140.8663,35.7065],[140.8655,35.6934],[140.8593,35.6951],[140.8517,35.6978],[140.8456,35.6995],[140.838,35.711],[140.8308,35.7135],[140.811,35.7123],[140.7612,35.6979],[140.7468,35.6934],[140.737,35.6916],[140.7252,35.6936],[140.7202,35.7005],[140.7072,35.7021],[140.6858,35.6982],[140.6554,35.6882],[140.6251,35.6724],[140.6065,35.6606],[140.5597,35.6278],[140.5367,35.6111],[140.5255,35.6025],[140.5063,35.5865],[140.4981,35.5791],[140.4857,35.5664],[140.4698,35.5475],[140.4639,35.5377],[140.4603,35.5342],[140.4499,35.5245],[140.4337,35.5032],[140.4303,35.4983],[140.4157,35.4717],[140.4113,35.4615],[140.3975,35.4199],[140.3962,35.4144],[140.3918,35.3831],[140.3916,35.377],[140.395,35.3365],[140.3979,35.3302],[140.4096,35.3199],[140.4123,35.3153],[140.4148,35.3069],[140.4126,35.3021],[140.4035,35.2816],[140.4011,35.2749],[140.4008,35.2557],[140.4076,35.2499],[140.4059,35.2405],[140.4033,35.2351],[140.4001,35.2291],[140.3956,35.2159],[140.393,35.211],[140.3933,35.203],[140.385,35.1922],[140.3842,35.1872],[140.3775,35.181],[140.3718,35.1788],[140.3589,35.1822],[140.3514,35.1814],[140.3468,35.1755],[140.3393,35.1699],[140.334,35.1649],[140.3322,35.1562],[140.3284,35.1513],[140.3262,35.1401],[140.3194,35.1373],[140.3117,35.1343],[140.3126,35.1471],[140.2989,35.1509],[140.2956,35.1464],[140.2909,35.1405],[140.2868,35.1345],[140.2802,35.1331],[140.2739,35.1312],[140.2749,35.1367],[140.2683,35.1335],[140.2575,35.1376],[140.249,35.1344],[140.2468,35.1273],[140.2395,35.1241],[140.2345,35.1217],[140.2336,35.1155],[140.2267,35.1155],[140.212,35.1143],[140.2041,35.1105],[140.1955,35.1178],[140.194,35.1249],[140.1867,35.1256],[140.1837,35.1186],[140.1741,35.1202],[140.1685,35.1235],[140.1622,35.1217],[140.1537,35.1213],[140.1362,35.1215],[140.1218,35.1155],[140.1104,35.1077],[140.1044,35.0984],[140.1074,35.0939],[140.1031,35.0907],[140.0997,35.0822],[140.0993,35.0767],[140.0899,35.073],[140.0844,35.0699],[140.0796,35.0682],[140.0761,35.0632],[140.0691,35.0577],[140.0586,35.0585],[140.0381,35.0514],[140.0323,35.048],[140.0172,35.0359],[140,35.028],[139.9815,35.0113],[139.9761,35.0032],[139.9721,34.9868],[139.9676,34.9817],[139.961,34.9681],[139.9642,34.9528],[139.9644,34.9455],[139.9605,34.9387],[139.954,34.9316],[139.948,34.9273],[139.9419,34.924],[139.939,34.9162],[139.9315,34.9127],[139.924,34.9113],[139.9177,34.9067],[139.9111,34.9071],[139.9031,34.9044],[139.894,34.9056],[139.8879,34.8995],[139.8837,34.9031],[139.8772,34.9033],[139.8672,34.9063],[139.8492,34.9039],[139.8401,34.9042],[139.8345,34.9069],[139.8244,34.9111],[139.8242,34.9189],[139.8265,34.9245],[139.8241,34.9327],[139.8116,34.9431],[139.7809,34.9552],[139.7694,34.9548],[139.759,34.9586],[139.7559,34.9635],[139.7529,34.9745],[139.7579,34.9777],[139.7646,34.9753],[139.7726,34.9774],[139.7817,34.9763],[139.7939,34.9737],[139.8115,34.9783],[139.8167,34.979],[139.8242,34.9821],[139.8276,34.9887],[139.8416,34.9917],[139.8418,34.9859],[139.8482,34.9852],[139.8552,34.9897],[139.8575,35],[139.8567,35.0147],[139.8506,35.0248],[139.8441,35.0238],[139.8404,35.0278],[139.8331,35.0321],[139.8259,35.0315],[139.819,35.0336],[139.8119,35.0367],[139.8149,35.0428],[139.8191,35.0387],[139.8321,35.0439],[139.8287,35.0521],[139.8266,35.0585],[139.821,35.0649],[139.8213,35.0709],[139.8372,35.0783],[139.8423,35.0865],[139.8361,35.0997],[139.8285,35.0997],[139.8243,35.1077],[139.8248,35.1133],[139.828,35.1186],[139.8314,35.1225],[139.8348,35.13],[139.8299,35.1458],[139.8286,35.1507],[139.8172,35.1545],[139.819,35.1605],[139.8221,35.1648],[139.8171,35.1683],[139.8169,35.1773],[139.8184,35.1867],[139.8237,35.1967],[139.8304,35.2025],[139.8426,35.2083],[139.8636,35.2177],[139.87,35.2279],[139.8698,35.2349],[139.8642,35.2532],[139.8468,35.2716],[139.8484,35.2772],[139.8528,35.2839],[139.8419,35.2941],[139.8187,35.3037],[139.786,35.3122],[139.7805,35.315],[139.7944,35.3137],[139.8123,35.3157],[139.8193,35.3163],[139.8171,35.3213],[139.8219,35.3269],[139.8391,35.3337],[139.8289,35.3368],[139.8231,35.3443],[139.8381,35.3589],[139.8472,35.3469],[139.8522,35.3493],[139.8519,35.3582],[139.8416,35.3642],[139.8454,35.3747],[139.8622,35.3677],[139.8718,35.3649],[139.8825,35.3613],[139.8875,35.3615],[139.8941,35.3572],[139.8883,35.37],[139.8947,35.37],[139.8999,35.3722],[139.9074,35.3704],[139.9045,35.3749],[139.8992,35.3727],[139.911,35.3806],[139.9168,35.3818],[139.9187,35.3879],[139.9067,35.3894],[139.9023,35.3998],[139.9011,35.4055],[139.898,35.4129],[139.8992,35.4178],[139.8977,35.4232],[139.904,35.43],[139.9165,35.4371],[139.922,35.4391],[139.9283,35.4405],[139.9351,35.4419],[139.9486,35.4422],[139.9511,35.4559],[139.9621,35.4585],[139.965,35.4507],[139.9566,35.4481],[139.9542,35.4533],[139.9547,35.4441],[139.9676,35.4481],[139.9744,35.4484],[139.9711,35.4557],[139.9691,35.462],[139.9657,35.4685],[139.9822,35.4747],[139.9923,35.4573],[139.989,35.4698],[139.9936,35.4722],[139.9991,35.4658],[140,35.4718],[140.0065,35.4791],[140.0214,35.4667],[140.0183,35.4726],[140.0178,35.4804],[140.0112,35.484],[140.0218,35.4968],[140.0286,35.4963],[140.0251,35.5015],[140.0341,35.5118],[140.0423,35.5073],[140.0461,35.5115],[140.0377,35.5163],[140.0501,35.5309],[140.0575,35.5269],[140.0539,35.535],[140.0614,35.5437],[140.0723,35.55],[140.0835,35.5427],[140.0962,35.5353],[140.1011,35.5383],[140.091,35.5422],[140.0918,35.5483],[140.0865,35.5487],[140.0924,35.5544],[140.0981,35.5549],[140.1066,35.5522],[140.0913,35.5611],[140.097,35.5665],[140.1218,35.5671],[140.1271,35.5675],[140.1218,35.5691],[140.1139,35.5705],[140.0862,35.5693],[140.082,35.5865],[140.1032,35.5865],[140.1053,35.5777],[140.1109,35.5723],[140.1112,35.5865],[140.1153,35.5918],[140.1153,35.5968],[140.1077,35.592],[140.1088,35.5999],[140.1016,35.594],[140.089,35.5945],[140.0986,35.6014],[140.083,35.6139],[140.078,35.6105],[140.0866,35.6019],[140.0839,35.5967],[140.0293,35.6445],[140.0198,35.6527],[140.0137,35.6575],[140.0081,35.6588],[140,35.656],[139.9877,35.6546],[139.9867,35.6601],[139.9948,35.6609],[140,35.6596],[140.002,35.6657],[139.9968,35.6652],[139.986,35.6639],[139.9849,35.6699],[139.9922,35.6724],[139.9839,35.6772],[139.9879,35.6905],[139.9831,35.6817],[139.9751,35.6835],[139.9684,35.6833],[139.9633,35.6815],[139.9549,35.6893],[139.9581,35.6774],[139.9532,35.6717],[139.9474,35.68],[139.9368,35.6734],[139.9294,35.6699],[139.945,35.6729],[139.9329,35.6667],[139.9211,35.6607],[139.9183,35.6555],[139.9396,35.6411],[139.9099,35.6244],[139.9048,35.6285],[139.8975,35.6294],[139.907,35.6231],[139.8977,35.6167],[139.8928,35.6255],[139.8883,35.6219],[139.8726,35.6255],[139.8724,35.633],[139.8755,35.6405],[139.8821,35.644],[139.887,35.6539],[139.8866,35.6699],[139.8858,35.6768],[139.8891,35.6806],[139.9059,35.6837],[139.9187,35.6978],[139.9161,35.7077],[139.9121,35.7113],[139.9014,35.7215],[139.8971,35.7267],[139.9001,35.7356],[139.8998,35.7437],[139.8904,35.7504],[139.8808,35.7647],[139.8805,35.7712],[139.8933,35.7782],[139.8886,35.7964],[139.8906,35.8019],[139.8893,35.8087],[139.8911,35.82],[139.8882,35.825],[139.8885,35.8302],[139.8899,35.8365],[139.8916,35.8467],[139.8969,35.8554],[139.9,35.8653],[139.8873,35.8965],[139.8747,35.9129],[139.8701,35.9199],[139.8617,35.9321],[139.8494,35.9383],[139.8355,35.959],[139.8334,35.9689],[139.8256,35.9729],[139.8259,35.9848],[139.8142,35.9979],[139.8169,36.0032],[139.8142,36.0253],[139.8174,36.0325],[139.8121,36.0395],[139.8069,36.0432],[139.7907,36.0592],[139.7825,36.0711],[139.7779,36.0865],[139.7762,36.0909]]]]}},{"type":"Feature","properties":{"nam":"Toyama Ken","nam_ja":"\u5bcc\u5c71\u770c","id":16},"geometry":{"type":"Polygon","coordinates":[[[137.6349,36.9803],[137.6412,36.9749],[137.6531,36.9671],[137.6609,36.9578],[137.6666,36.9524],[137.6739,36.9507],[137.6857,36.9444],[137.6998,36.9427],[137.711,36.9446],[137.7151,36.933],[137.7197,36.9263],[137.7168,36.9208],[137.7172,36.9073],[137.7132,36.9008],[137.7136,36.8915],[137.7221,36.8818],[137.7306,36.874],[137.733,36.8589],[137.7328,36.8445],[137.7328,36.8365],[137.7335,36.8301],[137.7365,36.821],[137.745,36.8149],[137.7492,36.808],[137.7519,36.7991],[137.751,36.7905],[137.7499,36.7795],[137.7621,36.7702],[137.7591,36.7603],[137.754,36.7543],[137.7552,36.744],[137.7551,36.7343],[137.7507,36.7269],[137.7518,36.7209],[137.7499,36.7044],[137.7524,36.7],[137.7549,36.6929],[137.7539,36.6878],[137.7592,36.6862],[137.7587,36.6791],[137.7607,36.6699],[137.7589,36.6611],[137.7541,36.6581],[137.7559,36.6531],[137.7515,36.6277],[137.7468,36.6247],[137.7443,36.6176],[137.7468,36.606],[137.7524,36.5954],[137.7509,36.5896],[137.7353,36.5879],[137.7244,36.5865],[137.7204,36.5832],[137.7132,36.5775],[137.6952,36.5689],[137.6887,36.5628],[137.6884,36.5559],[137.687,36.5477],[137.6846,36.5399],[137.6923,36.5374],[137.7072,36.5359],[137.7038,36.5269],[137.7053,36.5185],[137.6989,36.5153],[137.6943,36.5107],[137.685,36.5129],[137.6774,36.5143],[137.6696,36.5103],[137.667,36.5032],[137.6667,36.4943],[137.6538,36.4908],[137.6511,36.4815],[137.6554,36.4723],[137.6553,36.4609],[137.6497,36.4559],[137.6401,36.4465],[137.6378,36.4326],[137.6334,36.4257],[137.6271,36.4237],[137.6218,36.4231],[137.608,36.4196],[137.6069,36.4141],[137.605,36.4039],[137.5957,36.3942],[137.5873,36.3899],[137.5803,36.3915],[137.5748,36.393],[137.5606,36.3881],[137.5472,36.3904],[137.5398,36.3926],[137.5318,36.401],[137.5216,36.4059],[137.5172,36.4094],[137.5119,36.4199],[137.5052,36.4248],[137.4968,36.4262],[137.4912,36.4236],[137.4748,36.4254],[137.4704,36.4199],[137.461,36.4125],[137.4497,36.4165],[137.4456,36.4135],[137.4363,36.4199],[137.428,36.4205],[137.423,36.4229],[137.4177,36.4251],[137.4117,36.4251],[137.4058,36.4263],[137.3962,36.4359],[137.3948,36.4488],[137.3949,36.4548],[137.3902,36.4597],[137.3851,36.4562],[137.3778,36.4529],[137.3718,36.4536],[137.3626,36.4503],[137.3582,36.4451],[137.3587,36.4375],[137.3524,36.435],[137.3453,36.4337],[137.3391,36.4337],[137.3346,36.4309],[137.3263,36.4285],[137.32,36.4253],[137.3135,36.4251],[137.3079,36.4318],[137.3079,36.4387],[137.3127,36.4417],[137.3133,36.4484],[137.317,36.4596],[137.3085,36.4639],[137.3025,36.4621],[137.287,36.4617],[137.2789,36.4651],[137.2669,36.4602],[137.2632,36.4565],[137.2567,36.4517],[137.248,36.4621],[137.2391,36.4518],[137.2323,36.4452],[137.2237,36.4442],[137.2193,36.4394],[137.214,36.4391],[137.2135,36.4307],[137.2065,36.4279],[137.2051,36.4343],[137.198,36.4453],[137.1936,36.4523],[137.1822,36.4526],[137.1754,36.4504],[137.1695,36.4552],[137.1607,36.4567],[137.1548,36.4494],[137.146,36.446],[137.1433,36.4392],[137.1335,36.4349],[137.1298,36.4294],[137.1232,36.4199],[137.1183,36.4185],[137.1111,36.4152],[137.1087,36.4083],[137.1018,36.3995],[137.0966,36.399],[137.0919,36.3969],[137.0946,36.3841],[137.0787,36.3845],[137.0708,36.3791],[137.0639,36.3752],[137.0582,36.3721],[137.0614,36.3672],[137.0567,36.3569],[137.0516,36.3506],[137.0488,36.3458],[137.0585,36.3427],[137.0546,36.3395],[137.0519,36.3302],[137.0448,36.324],[137.0363,36.3177],[137.0244,36.3169],[137.018,36.3132],[137.0158,36.305],[137.0119,36.2987],[137.0074,36.2911],[136.9968,36.2873],[136.9865,36.2863],[136.9751,36.2745],[136.9705,36.2778],[136.9603,36.2771],[136.9605,36.2835],[136.9654,36.2937],[136.9682,36.3022],[136.9721,36.3092],[136.9713,36.3149],[136.9646,36.3185],[136.9605,36.3265],[136.9564,36.3365],[136.952,36.3395],[136.9467,36.3461],[136.9401,36.3491],[136.9341,36.3486],[136.9258,36.3537],[136.9187,36.3559],[136.9072,36.361],[136.9037,36.3573],[136.8978,36.3535],[136.8931,36.3484],[136.8883,36.3461],[136.8828,36.3423],[136.8749,36.3429],[136.8756,36.3501],[136.8705,36.3535],[136.8761,36.3594],[136.8727,36.3635],[136.865,36.3566],[136.8651,36.3498],[136.8564,36.3497],[136.8477,36.3497],[136.8371,36.3475],[136.8409,36.3365],[136.8359,36.3198],[136.8306,36.3093],[136.8268,36.3032],[136.8102,36.3032],[136.8,36.3052],[136.7921,36.2991],[136.789,36.3138],[136.79,36.3218],[136.7836,36.329],[136.7857,36.3365],[136.7841,36.3422],[136.7873,36.3489],[136.7976,36.3525],[136.8042,36.3556],[136.8062,36.3634],[136.8013,36.3685],[136.8004,36.3779],[136.7974,36.3843],[136.7952,36.3944],[136.7953,36.3999],[136.7847,36.4097],[136.7787,36.4145],[136.7703,36.4145],[136.7711,36.4199],[136.7689,36.4297],[136.7734,36.4328],[136.7834,36.4365],[136.7964,36.4445],[136.7905,36.4471],[136.788,36.4529],[136.7975,36.4612],[136.7978,36.4681],[136.7955,36.4731],[136.8012,36.4839],[136.8023,36.4903],[136.7976,36.4925],[136.7945,36.4975],[136.796,36.5032],[136.7947,36.5081],[136.797,36.5131],[136.7996,36.5212],[136.8095,36.5331],[136.8169,36.5521],[136.81,36.5614],[136.8011,36.5696],[136.7918,36.569],[136.7934,36.5815],[136.7944,36.5865],[136.7892,36.5926],[136.7887,36.6016],[136.7855,36.6121],[136.7842,36.623],[136.7858,36.6297],[136.791,36.6312],[136.7988,36.6358],[136.7997,36.6437],[136.8057,36.6473],[136.809,36.6519],[136.8129,36.6595],[136.8198,36.6677],[136.8214,36.6741],[136.8214,36.6799],[136.8161,36.6856],[136.8108,36.6852],[136.8116,36.6927],[136.8151,36.6999],[136.8114,36.7037],[136.8045,36.7071],[136.7891,36.7185],[136.7931,36.7247],[136.7961,36.7299],[136.8056,36.7287],[136.8145,36.7305],[136.8218,36.7396],[136.8332,36.7433],[136.8444,36.7532],[136.8473,36.7578],[136.8522,36.7697],[136.8487,36.7746],[136.843,36.7819],[136.8506,36.7869],[136.8537,36.7943],[136.8504,36.8015],[136.8492,36.809],[136.8532,36.8177],[136.8592,36.8284],[136.8564,36.8365],[136.8604,36.8415],[136.8617,36.8476],[136.8668,36.8509],[136.8614,36.8545],[136.8621,36.8605],[136.8695,36.8621],[136.8747,36.8677],[136.8813,36.8752],[136.8818,36.8811],[136.8851,36.885],[136.8785,36.8964],[136.8793,36.9068],[136.8853,36.9141],[136.8928,36.9199],[136.8954,36.9249],[136.9022,36.9266],[136.9142,36.9305],[136.9193,36.9377],[136.9246,36.9423],[136.9281,36.9479],[136.9342,36.9506],[136.9404,36.9528],[136.9534,36.9563],[136.9637,36.9487],[136.9694,36.9479],[136.9801,36.9507],[136.9839,36.9589],[136.9857,36.9654],[136.9968,36.9665],[137.004,36.9617],[137.0096,36.9622],[137.0196,36.9637],[137.0255,36.963],[137.0373,36.9673],[137.0516,36.9595],[137.0423,36.9524],[137.0266,36.939],[137.0321,36.9242],[137.0262,36.9199],[137.0208,36.9129],[137.011,36.8994],[137.0039,36.8909],[136.9968,36.8852],[136.9926,36.88],[136.9873,36.8799],[136.9837,36.8728],[136.9873,36.8635],[136.9896,36.8589],[136.9968,36.8461],[137.0073,36.8365],[137.0165,36.8296],[137.0391,36.8167],[137.051,36.8084],[137.0556,36.8027],[137.0677,36.7941],[137.0796,36.7889],[137.0892,36.7822],[137.0969,36.7829],[137.1133,36.7816],[137.1104,36.7772],[137.1046,36.7759],[137.0985,36.7743],[137.0932,36.7729],[137.1032,36.7699],[137.1119,36.7679],[137.109,36.7635],[137.1218,36.7607],[137.1305,36.7572],[137.1218,36.7649],[137.1185,36.7692],[137.1171,36.7752],[137.1218,36.7797],[137.132,36.7766],[137.1381,36.7696],[137.1526,36.765],[137.18,36.7577],[137.1892,36.7573],[137.1927,36.7611],[137.2043,36.7595],[137.2245,36.7625],[137.2291,36.7646],[137.2361,36.7651],[137.2453,36.7649],[137.2665,36.7617],[137.2919,36.7579],[137.302,36.7581],[137.3159,36.7589],[137.3306,36.7619],[137.3424,36.7717],[137.344,36.7773],[137.357,36.787],[137.3718,36.7951],[137.3781,36.7983],[137.3922,36.8066],[137.3932,36.8195],[137.3997,36.8365],[137.4111,36.8481],[137.4113,36.8546],[137.4094,36.8612],[137.4158,36.8669],[137.4187,36.8768],[137.4145,36.8915],[137.4095,36.8967],[137.4198,36.9142],[137.4225,36.9199],[137.4351,36.9305],[137.4518,36.9362],[137.4653,36.9421],[137.4724,36.9453],[137.4867,36.9519],[137.4968,36.9561],[137.5048,36.9575],[137.5356,36.9612],[137.5426,36.9612],[137.5722,36.9639],[137.5863,36.9731],[137.6218,36.9785],[137.6349,36.9803]]]}},{"type":"Feature","properties":{"nam":"Tokyo To","nam_ja":"\u6771\u4eac\u90fd","id":13},"geometry":{"type":"MultiPolygon","coordinates":[[[[138.944,35.8547],[138.9441,35.8615],[138.9503,35.8699],[138.9569,35.8757],[138.966,35.8784],[138.976,35.8831],[138.9867,35.8813],[138.9968,35.8844],[139.0066,35.8911],[139.0103,35.8971],[139.0194,35.8981],[139.0362,35.8898],[139.0517,35.8782],[139.0581,35.8773],[139.0624,35.8734],[139.0726,35.8718],[139.0786,35.8754],[139.0861,35.8726],[139.0924,35.869],[139.0992,35.8685],[139.1218,35.8649],[139.1303,35.8651],[139.1384,35.8643],[139.1511,35.8609],[139.1601,35.8557],[139.1634,35.8509],[139.1755,35.8472],[139.1858,35.8428],[139.1964,35.8401],[139.2039,35.8423],[139.2091,35.8464],[139.2155,35.8453],[139.2224,35.8407],[139.2295,35.8373],[139.2394,35.8405],[139.2441,35.8368],[139.2563,35.8378],[139.2614,35.8365],[139.275,35.8396],[139.2801,35.8395],[139.2912,35.8378],[139.296,35.8341],[139.3015,35.8341],[139.3036,35.8243],[139.3136,35.8252],[139.3163,35.8189],[139.316,35.8134],[139.3257,35.795],[139.3333,35.7922],[139.3397,35.7945],[139.3476,35.7959],[139.3588,35.7924],[139.3702,35.7912],[139.3681,35.7839],[139.3718,35.7803],[139.3769,35.7801],[139.3815,35.7743],[139.3812,35.766],[139.3873,35.7662],[139.3916,35.7634],[139.3998,35.7669],[139.4084,35.7688],[139.4165,35.7662],[139.4214,35.7675],[139.433,35.7674],[139.438,35.7694],[139.4506,35.7692],[139.4588,35.7717],[139.4645,35.7737],[139.4703,35.7737],[139.4816,35.7807],[139.4896,35.7796],[139.4968,35.7787],[139.5077,35.7837],[139.5137,35.788],[139.522,35.789],[139.5318,35.7975],[139.5416,35.8074],[139.5464,35.8039],[139.5372,35.7916],[139.5425,35.7891],[139.5436,35.7817],[139.5361,35.7753],[139.5239,35.7719],[139.5161,35.7655],[139.527,35.7683],[139.5449,35.7736],[139.5454,35.7577],[139.5532,35.7557],[139.5578,35.7597],[139.5648,35.7625],[139.571,35.7642],[139.5782,35.7709],[139.5854,35.7753],[139.5938,35.7773],[139.6042,35.7743],[139.5974,35.7711],[139.603,35.7711],[139.609,35.7695],[139.6173,35.7705],[139.6218,35.7667],[139.6249,35.7732],[139.6247,35.7795],[139.6298,35.7855],[139.6357,35.7907],[139.6398,35.7943],[139.6472,35.7975],[139.6571,35.8005],[139.6759,35.7989],[139.6917,35.8007],[139.6969,35.7989],[139.7095,35.7921],[139.7223,35.7907],[139.7353,35.7897],[139.7378,35.7805],[139.7464,35.7841],[139.7535,35.7865],[139.7605,35.7979],[139.7508,35.8077],[139.7556,35.8127],[139.7612,35.8128],[139.7677,35.8175],[139.7728,35.8157],[139.7824,35.8072],[139.7961,35.8056],[139.8046,35.8088],[139.8156,35.8091],[139.821,35.8115],[139.8202,35.8021],[139.8216,35.7965],[139.8272,35.7936],[139.8342,35.7975],[139.8388,35.8008],[139.845,35.7985],[139.8564,35.7909],[139.8627,35.7947],[139.8718,35.7971],[139.8774,35.7938],[139.8718,35.7883],[139.8767,35.7809],[139.8891,35.7837],[139.8933,35.7782],[139.8805,35.7712],[139.8808,35.7647],[139.8878,35.7534],[139.8998,35.7437],[139.9001,35.7356],[139.8971,35.7267],[139.9014,35.7215],[139.9121,35.7113],[139.9161,35.7077],[139.9187,35.6978],[139.9059,35.6837],[139.8891,35.6806],[139.8858,35.6768],[139.8859,35.6711],[139.887,35.6539],[139.8821,35.644],[139.8755,35.6405],[139.8635,35.6384],[139.8497,35.6427],[139.8411,35.6433],[139.8404,35.6339],[139.8214,35.632],[139.8337,35.6347],[139.8346,35.6441],[139.8081,35.6408],[139.8002,35.6362],[139.8003,35.631],[139.8022,35.6263],[139.7986,35.6219],[139.7913,35.6295],[139.7788,35.6375],[139.7981,35.6448],[139.7956,35.6498],[139.7792,35.6397],[139.7925,35.6529],[139.7727,35.646],[139.7736,35.6527],[139.7684,35.6504],[139.7673,35.6553],[139.7627,35.6521],[139.759,35.6449],[139.7595,35.6375],[139.7526,35.6345],[139.7521,35.6262],[139.7508,35.6071],[139.7479,35.6007],[139.7472,35.5921],[139.7487,35.5865],[139.7521,35.5789],[139.7562,35.5695],[139.7502,35.5673],[139.7543,35.5616],[139.7587,35.5643],[139.7632,35.5607],[139.7711,35.5689],[139.7855,35.5705],[139.8087,35.5384],[139.7946,35.5319],[139.7898,35.5267],[139.7763,35.5344],[139.7575,35.5442],[139.7468,35.5437],[139.7409,35.5455],[139.735,35.5413],[139.7274,35.5435],[139.7179,35.5381],[139.7034,35.5365],[139.6978,35.5435],[139.7036,35.5493],[139.6938,35.5565],[139.6811,35.5613],[139.6678,35.5865],[139.6551,35.5901],[139.6436,35.5979],[139.6316,35.6059],[139.6218,35.6118],[139.6127,35.6153],[139.6076,35.616],[139.5966,35.6185],[139.5902,35.6184],[139.5785,35.6219],[139.5659,35.6272],[139.562,35.6325],[139.5518,35.6341],[139.5348,35.6402],[139.5254,35.6427],[139.5207,35.6378],[139.5235,35.6331],[139.5184,35.6306],[139.5146,35.6248],[139.5043,35.6231],[139.4968,35.6179],[139.4968,35.6113],[139.4998,35.6063],[139.4904,35.6045],[139.4834,35.6085],[139.48,35.613],[139.4762,35.6189],[139.469,35.6203],[139.4641,35.6245],[139.4542,35.6182],[139.4493,35.6118],[139.4532,35.6049],[139.4653,35.6091],[139.4709,35.6017],[139.4759,35.5997],[139.4796,35.5956],[139.4873,35.5902],[139.4943,35.5865],[139.4968,35.5815],[139.5051,35.5751],[139.4968,35.5657],[139.4896,35.5615],[139.486,35.5679],[139.4862,35.5784],[139.49,35.5841],[139.4837,35.5831],[139.479,35.5811],[139.4732,35.5763],[139.4697,35.5697],[139.469,35.5646],[139.4738,35.5599],[139.4804,35.5577],[139.482,35.5502],[139.4802,35.5441],[139.4851,35.5367],[139.4867,35.5296],[139.4862,35.5208],[139.4777,35.5121],[139.485,35.5039],[139.477,35.5016],[139.4678,35.5022],[139.466,35.5089],[139.464,35.5157],[139.4553,35.5199],[139.458,35.5281],[139.448,35.5367],[139.4433,35.5427],[139.4356,35.5463],[139.4272,35.5523],[139.4236,35.5583],[139.4173,35.5618],[139.4101,35.5717],[139.4029,35.5753],[139.3986,35.5844],[139.3907,35.5854],[139.3857,35.5882],[139.3795,35.5899],[139.3753,35.5941],[139.3632,35.5989],[139.356,35.5991],[139.3467,35.6019],[139.3414,35.6048],[139.3307,35.6035],[139.3215,35.6058],[139.3138,35.6044],[139.3046,35.6052],[139.2968,35.609],[139.2822,35.613],[139.2689,35.6093],[139.2648,35.6023],[139.2587,35.6035],[139.2529,35.6019],[139.2468,35.6052],[139.2406,35.6063],[139.236,35.6105],[139.2304,35.6165],[139.2262,35.6225],[139.2204,35.6257],[139.2158,35.6368],[139.2157,35.6461],[139.2066,35.6507],[139.2009,35.6525],[139.1948,35.6515],[139.1842,35.6449],[139.1757,35.649],[139.168,35.6511],[139.1674,35.6617],[139.1617,35.6679],[139.1486,35.6667],[139.1428,35.6699],[139.1369,35.6721],[139.131,35.6718],[139.1218,35.6787],[139.115,35.6841],[139.1085,35.6896],[139.1,35.6921],[139.0924,35.6907],[139.0829,35.6947],[139.0741,35.6957],[139.0661,35.6982],[139.0545,35.704],[139.0499,35.7077],[139.0442,35.7093],[139.0323,35.7162],[139.0256,35.7193],[139.0201,35.7283],[139.0125,35.7388],[139.0053,35.7495],[138.9968,35.7523],[138.9927,35.7571],[138.9837,35.7695],[138.986,35.779],[138.9846,35.7846],[138.9788,35.7879],[138.9759,35.7921],[138.9733,35.7977],[138.9709,35.8038],[138.9719,35.8107],[138.9697,35.8157],[138.9697,35.8313],[138.9638,35.8293],[138.9533,35.8365],[138.9481,35.8417],[138.9483,35.8493],[138.944,35.8547]]]]}},{"type":"Feature","properties":{"nam":"Saitama Ken","nam_ja":"\u57fc\u7389\u770c","id":11},"geometry":{"type":"Polygon","coordinates":[[[139.1293,36.2834],[139.136,36.2785],[139.1611,36.2784],[139.1695,36.2749],[139.198,36.2623],[139.2086,36.2623],[139.2116,36.2563],[139.2239,36.2585],[139.2299,36.2532],[139.2381,36.2461],[139.2437,36.2445],[139.2567,36.2455],[139.2648,36.2427],[139.268,36.2504],[139.297,36.2434],[139.3037,36.2455],[139.3054,36.2402],[139.31,36.2333],[139.3235,36.2297],[139.3291,36.2335],[139.3278,36.2399],[139.3353,36.2431],[139.346,36.2492],[139.351,36.2544],[139.3575,36.2532],[139.3702,36.2461],[139.3771,36.2441],[139.3829,36.238],[139.3899,36.2297],[139.4079,36.2231],[139.4168,36.2181],[139.4208,36.2109],[139.4442,36.1969],[139.4572,36.1906],[139.4733,36.1893],[139.4935,36.1922],[139.513,36.1928],[139.5258,36.1913],[139.5419,36.1955],[139.5583,36.2014],[139.5747,36.2048],[139.5879,36.2104],[139.601,36.2055],[139.6099,36.1969],[139.6218,36.1882],[139.6281,36.1946],[139.6406,36.1974],[139.6503,36.1969],[139.65,36.2113],[139.6606,36.2147],[139.662,36.2079],[139.67,36.2077],[139.6777,36.2014],[139.6828,36.2015],[139.6879,36.1998],[139.6896,36.1945],[139.6944,36.1903],[139.6912,36.1726],[139.6986,36.1521],[139.7031,36.1451],[139.7101,36.1359],[139.7154,36.1243],[139.7268,36.1114],[139.7298,36.0879],[139.7368,36.0865],[139.7468,36.0871],[139.761,36.0813],[139.7703,36.0812],[139.7762,36.0909],[139.7825,36.0711],[139.7896,36.0619],[139.8069,36.0432],[139.8121,36.0395],[139.8174,36.0325],[139.8142,36.0253],[139.8169,36.0039],[139.8142,35.9979],[139.8259,35.9848],[139.8256,35.9729],[139.8334,35.9689],[139.8355,35.959],[139.8494,35.9383],[139.8617,35.9321],[139.8701,35.9199],[139.8747,35.9129],[139.8873,35.8965],[139.8992,35.8669],[139.8969,35.8554],[139.8916,35.8467],[139.8899,35.8365],[139.8885,35.8302],[139.8882,35.825],[139.8911,35.82],[139.8893,35.8087],[139.8906,35.8019],[139.8886,35.7964],[139.8938,35.7827],[139.8813,35.7821],[139.8718,35.7845],[139.8774,35.7938],[139.8718,35.7971],[139.8627,35.7947],[139.8564,35.7909],[139.8468,35.7965],[139.8388,35.8008],[139.8342,35.7975],[139.8272,35.7936],[139.8216,35.7965],[139.8202,35.8021],[139.8251,35.8115],[139.8211,35.8151],[139.8156,35.8091],[139.8046,35.8088],[139.7961,35.8056],[139.7824,35.8072],[139.7728,35.8157],[139.7677,35.8175],[139.7612,35.8128],[139.7556,35.8127],[139.7505,35.8093],[139.7605,35.7979],[139.7559,35.7896],[139.7468,35.7869],[139.7378,35.7805],[139.7384,35.7866],[139.725,35.7873],[139.7095,35.7921],[139.6976,35.7984],[139.6917,35.8007],[139.6759,35.7989],[139.6571,35.8005],[139.6472,35.7975],[139.6416,35.7981],[139.6357,35.7907],[139.6298,35.7855],[139.6247,35.7795],[139.6249,35.7732],[139.6218,35.7667],[139.6173,35.7705],[139.612,35.7697],[139.6055,35.7707],[139.5994,35.7695],[139.6042,35.7743],[139.5971,35.7766],[139.5887,35.7786],[139.5821,35.7718],[139.577,35.7681],[139.5708,35.7655],[139.5628,35.7617],[139.5578,35.7597],[139.5479,35.7537],[139.5478,35.7738],[139.527,35.7683],[139.5161,35.7655],[139.5239,35.7719],[139.5361,35.7753],[139.5436,35.7817],[139.5425,35.7891],[139.5372,35.7916],[139.5463,35.7995],[139.5416,35.8074],[139.5318,35.7975],[139.5252,35.7919],[139.5137,35.788],[139.5077,35.7837],[139.4978,35.7811],[139.4899,35.7803],[139.4816,35.7807],[139.4753,35.777],[139.4703,35.7737],[139.4645,35.7737],[139.4588,35.7717],[139.4506,35.7692],[139.4427,35.7668],[139.438,35.7694],[139.426,35.7671],[139.4165,35.7662],[139.4084,35.7688],[139.3998,35.7669],[139.3919,35.7633],[139.3873,35.7662],[139.3812,35.766],[139.3792,35.7711],[139.38,35.7777],[139.3718,35.7786],[139.3681,35.7839],[139.3702,35.7912],[139.3588,35.7924],[139.3518,35.7935],[139.3437,35.7949],[139.3333,35.7922],[139.3257,35.795],[139.316,35.8134],[139.3163,35.8189],[139.3136,35.8252],[139.3054,35.8226],[139.3015,35.8341],[139.2927,35.8365],[139.286,35.8365],[139.2808,35.8405],[139.275,35.8396],[139.2614,35.8365],[139.2563,35.8378],[139.2468,35.8369],[139.2416,35.8385],[139.2333,35.8371],[139.2224,35.8407],[139.2155,35.8453],[139.2091,35.8464],[139.1964,35.8401],[139.1858,35.8428],[139.1755,35.8472],[139.1634,35.8509],[139.1601,35.8557],[139.1511,35.8609],[139.1384,35.8643],[139.1303,35.8651],[139.1218,35.8649],[139.1018,35.8662],[139.0924,35.869],[139.0861,35.8726],[139.0786,35.8754],[139.0726,35.8718],[139.0624,35.8734],[139.0581,35.8773],[139.0517,35.8782],[139.0362,35.8898],[139.0239,35.8974],[139.0103,35.8971],[139.0066,35.8911],[139.0015,35.8844],[138.9867,35.8813],[138.9799,35.8846],[138.9682,35.8821],[138.9569,35.8757],[138.9503,35.8699],[138.9441,35.8615],[138.944,35.8547],[138.9339,35.8511],[138.9282,35.8493],[138.915,35.8525],[138.9099,35.8519],[138.8997,35.8469],[138.8929,35.8399],[138.8865,35.8464],[138.88,35.8468],[138.8718,35.8549],[138.8659,35.8585],[138.859,35.8575],[138.8567,35.8641],[138.8463,35.8672],[138.8325,35.8624],[138.8204,35.8653],[138.8136,35.8623],[138.8086,35.8696],[138.8029,35.8703],[138.793,35.8751],[138.7924,35.8804],[138.7911,35.8913],[138.7782,35.9001],[138.7675,35.8993],[138.7582,35.9023],[138.7503,35.9017],[138.7397,35.9056],[138.7348,35.9039],[138.7288,35.9093],[138.7283,35.9175],[138.7371,35.9269],[138.7385,35.9343],[138.7324,35.9445],[138.7281,35.9547],[138.7235,35.9582],[138.7197,35.9619],[138.7123,35.9697],[138.7127,35.9853],[138.7173,35.9932],[138.7277,35.9959],[138.7357,36.0019],[138.7379,36.0069],[138.7439,36.0111],[138.7486,36.0183],[138.7523,36.0262],[138.755,36.0346],[138.7643,36.0368],[138.7704,36.0383],[138.7754,36.0378],[138.7806,36.0368],[138.7877,36.0317],[138.807,36.0339],[138.8141,36.0338],[138.8202,36.0363],[138.8285,36.0373],[138.835,36.0501],[138.8454,36.0618],[138.8474,36.0671],[138.8528,36.0689],[138.859,36.0699],[138.8661,36.0777],[138.8718,36.0795],[138.8772,36.0825],[138.8883,36.0856],[138.8966,36.0894],[138.904,36.0918],[138.9097,36.0912],[138.9171,36.0935],[138.9312,36.0883],[138.942,36.0943],[138.95,36.1009],[138.9578,36.1079],[138.9567,36.1161],[138.9584,36.1243],[138.9651,36.1258],[138.9733,36.1219],[138.9764,36.1173],[138.986,36.116],[138.9908,36.1211],[138.9952,36.1256],[139.0022,36.1256],[139.0062,36.1306],[139.0122,36.1328],[139.0204,36.1312],[139.025,36.1342],[139.037,36.1263],[139.0428,36.1296],[139.0413,36.1409],[139.0431,36.1485],[139.0621,36.1531],[139.0597,36.164],[139.0574,36.1699],[139.0576,36.1837],[139.0645,36.1879],[139.0632,36.1959],[139.0827,36.2169],[139.0964,36.2383],[139.1078,36.2532],[139.1102,36.2589],[139.1162,36.2683],[139.1218,36.2731],[139.1293,36.2834]]]}},{"type":"Feature","properties":{"nam":"Yamaguchi Ken","nam_ja":"\u5c71\u53e3\u770c","id":35},"geometry":{"type":"MultiPolygon","coordinates":[[[[131.6899,34.681],[131.6901,34.6759],[131.6862,34.6699],[131.6889,34.6623],[131.6883,34.6567],[131.6945,34.6555],[131.6947,34.6485],[131.6968,34.6417],[131.697,34.6329],[131.6941,34.6281],[131.6942,34.621],[131.7027,34.6147],[131.7089,34.6126],[131.7162,34.6137],[131.7171,34.6038],[131.7193,34.5869],[131.7207,34.5819],[131.726,34.5783],[131.7236,34.5721],[131.7152,34.5679],[131.7112,34.5628],[131.7042,34.5644],[131.7043,34.559],[131.7007,34.5507],[131.7042,34.5415],[131.7003,34.5368],[131.7047,34.5342],[131.6917,34.5225],[131.6859,34.5197],[131.6808,34.5185],[131.6703,34.5106],[131.6672,34.5041],[131.6749,34.5009],[131.6795,34.4932],[131.6811,34.4831],[131.6915,34.4805],[131.6992,34.4743],[131.6953,34.4677],[131.6948,34.4565],[131.6979,34.4497],[131.6933,34.4432],[131.6976,34.4351],[131.711,34.4296],[131.7171,34.4299],[131.7221,34.4289],[131.729,34.4325],[131.7376,34.4288],[131.7454,34.4354],[131.7553,34.44],[131.7585,34.4341],[131.7717,34.4365],[131.7842,34.4347],[131.7931,34.4362],[131.7942,34.4298],[131.7909,34.4199],[131.7863,34.4105],[131.7833,34.3995],[131.7776,34.3979],[131.7731,34.3916],[131.7709,34.3871],[131.7643,34.3826],[131.7642,34.3761],[131.7654,34.3649],[131.7702,34.3562],[131.7772,34.3536],[131.7783,34.3433],[131.774,34.3373],[131.7792,34.3337],[131.7856,34.3293],[131.7945,34.3272],[131.7953,34.3213],[131.7982,34.3168],[131.8044,34.3138],[131.8135,34.3117],[131.8192,34.3026],[131.8301,34.3025],[131.8333,34.3111],[131.8415,34.3095],[131.8507,34.3065],[131.8605,34.3053],[131.8664,34.3055],[131.8797,34.309],[131.8851,34.3119],[131.8843,34.3217],[131.8873,34.3271],[131.895,34.322],[131.8991,34.3191],[131.9124,34.3303],[131.9163,34.3365],[131.9253,34.3344],[131.9326,34.3279],[131.9415,34.3252],[131.9454,34.3204],[131.9578,34.3064],[131.9626,34.3129],[131.9613,34.3213],[131.9699,34.3243],[131.9745,34.3339],[131.9747,34.342],[131.9805,34.3441],[131.9819,34.3502],[131.9891,34.3533],[131.9936,34.3603],[131.9968,34.3643],[132.0028,34.3659],[132.0116,34.3685],[132.0116,34.3779],[132.0064,34.3869],[132.0049,34.3919],[131.9985,34.4005],[131.9968,34.4071],[131.9895,34.4142],[131.9932,34.4199],[131.9968,34.4279],[132.0058,34.4323],[132.0135,34.4367],[132.0167,34.4409],[132.0158,34.4533],[132.0211,34.4573],[132.0245,34.4623],[132.0302,34.4625],[132.0356,34.4653],[132.0471,34.4694],[132.0545,34.4678],[132.066,34.4683],[132.0802,34.4423],[132.0742,34.4319],[132.0757,34.426],[132.0729,34.4199],[132.0681,34.4151],[132.0716,34.4083],[132.0733,34.4017],[132.0703,34.3953],[132.0767,34.3888],[132.075,34.3834],[132.0725,34.3761],[132.0694,34.3695],[132.071,34.3625],[132.0692,34.3563],[132.077,34.3559],[132.0844,34.3579],[132.0881,34.3515],[132.095,34.3501],[132.1004,34.3443],[132.1003,34.3365],[132.1071,34.3279],[132.1128,34.3305],[132.1184,34.3305],[132.1267,34.3326],[132.1279,34.3255],[132.1233,34.319],[132.1225,34.3087],[132.1288,34.3038],[132.1239,34.2961],[132.1277,34.2922],[132.1394,34.2847],[132.1366,34.2801],[132.1335,34.2708],[132.138,34.2629],[132.1449,34.2581],[132.1465,34.2532],[132.1436,34.2412],[132.1496,34.2366],[132.1549,34.2315],[132.1622,34.233],[132.1702,34.2295],[132.179,34.2297],[132.1926,34.2265],[132.1973,34.2305],[132.1985,34.2253],[132.2023,34.2287],[132.1926,34.2069],[132.2015,34.2078],[132.2088,34.2025],[132.2152,34.2047],[132.2213,34.2083],[132.2449,34.2107],[132.246,34.2048],[132.2398,34.1974],[132.2325,34.1958],[132.2307,34.1873],[132.2368,34.1899],[132.2336,34.185],[132.2403,34.1769],[132.2446,34.1718],[132.2455,34.1659],[132.2468,34.1533],[132.246,34.1481],[132.241,34.142],[132.2328,34.1269],[132.2216,34.1308],[132.2014,34.1251],[132.1998,34.1203],[132.2037,34.1161],[132.2091,34.0865],[132.2106,34.0725],[132.2081,34.0623],[132.213,34.0523],[132.2198,34.0488],[132.2186,34.0437],[132.217,34.034],[132.2174,34.0221],[132.2128,34.0032],[132.2025,33.9912],[132.1994,33.9845],[132.1898,33.9673],[132.1841,33.9613],[132.176,33.9623],[132.1601,33.9573],[132.1397,33.9562],[132.1342,33.9566],[132.1287,33.9529],[132.1238,33.947],[132.1199,33.9531],[132.1218,33.9417],[132.1246,33.9328],[132.1266,33.9199],[132.1303,33.9106],[132.1309,33.9052],[132.1267,33.8981],[132.1315,33.8943],[132.128,33.8901],[132.1322,33.8819],[132.1454,33.8751],[132.1471,33.8652],[132.156,33.8611],[132.1579,33.856],[132.1572,33.8453],[132.152,33.8431],[132.1441,33.8365],[132.1393,33.8319],[132.1294,33.8333],[132.1218,33.8346],[132.1169,33.8318],[132.1165,33.8399],[132.117,33.8506],[132.1157,33.8561],[132.1185,33.8679],[132.1193,33.8754],[132.1114,33.8777],[132.099,33.8827],[132.0893,33.8889],[132.0817,33.8907],[132.0756,33.9031],[132.0671,33.9064],[132.0607,33.9092],[132.0528,33.9095],[132.0441,33.9091],[132.0554,33.9131],[132.0577,33.9199],[132.0522,33.9165],[132.0445,33.9136],[132.0334,33.9081],[132.0267,33.9041],[132.0207,33.9051],[132.0086,33.9097],[132.0041,33.9145],[131.9968,33.9181],[131.9815,33.9291],[131.9753,33.9288],[131.9692,33.9228],[131.9752,33.9199],[131.9699,33.9167],[131.9632,33.9199],[131.9618,33.927],[131.9682,33.9295],[131.9628,33.9438],[131.9552,33.9499],[131.9473,33.95],[131.9355,33.9473],[131.9296,33.9506],[131.9267,33.9571],[131.9295,33.9617],[131.9243,33.9562],[131.917,33.9677],[131.9058,33.9725],[131.898,33.9769],[131.8916,33.9781],[131.8819,33.9809],[131.8744,33.9882],[131.8628,33.9884],[131.8678,33.9976],[131.862,34.0032],[131.8557,34.0079],[131.8429,34.0099],[131.8369,34.0094],[131.8318,34.0109],[131.8275,34.0032],[131.8186,33.994],[131.8049,33.9895],[131.7935,33.9873],[131.7967,33.9833],[131.8029,33.9808],[131.8148,33.9821],[131.8145,33.976],[131.8165,33.9701],[131.8098,33.9677],[131.8048,33.9709],[131.8014,33.9751],[131.7956,33.977],[131.7887,33.9737],[131.7827,33.9754],[131.7778,33.9769],[131.7728,33.9775],[131.7636,33.9759],[131.7586,33.9829],[131.7659,33.9801],[131.7751,33.9845],[131.7844,33.9858],[131.782,33.994],[131.7914,34.0032],[131.7969,34.0093],[131.8042,34.0164],[131.8105,34.016],[131.8139,34.0227],[131.825,34.0235],[131.8267,34.0294],[131.8213,34.0277],[131.8177,34.0349],[131.8117,34.0383],[131.8036,34.041],[131.7965,34.0403],[131.7853,34.0276],[131.7857,34.0371],[131.7945,34.0477],[131.7997,34.0491],[131.7921,34.0507],[131.7952,34.0549],[131.7969,34.0601],[131.7928,34.0554],[131.7819,34.0543],[131.7834,34.0606],[131.7794,34.0543],[131.7657,34.0533],[131.7635,34.0588],[131.7588,34.0564],[131.7577,34.0489],[131.7468,34.0463],[131.7383,34.0547],[131.7437,34.0594],[131.7485,34.0626],[131.7574,34.0652],[131.7509,34.0656],[131.7525,34.0706],[131.7468,34.0657],[131.7432,34.0701],[131.7388,34.0641],[131.7344,34.0609],[131.7291,34.0628],[131.7183,34.0577],[131.7089,34.0605],[131.7071,34.0544],[131.6992,34.0555],[131.6973,34.0473],[131.688,34.0474],[131.6897,34.0541],[131.6836,34.0521],[131.679,34.0545],[131.6752,34.0501],[131.6768,34.0432],[131.6695,34.0451],[131.6615,34.0412],[131.6454,34.0379],[131.6427,34.0459],[131.635,34.0469],[131.6218,34.0381],[131.614,34.0253],[131.6096,34.0212],[131.6016,34.0272],[131.6018,34.0344],[131.6,34.0405],[131.5952,34.0431],[131.5987,34.0385],[131.5926,34.0348],[131.5822,34.0381],[131.5889,34.0325],[131.5845,34.0255],[131.5786,34.0203],[131.5615,34.0131],[131.5605,34.0075],[131.5513,34.0032],[131.5426,34.0071],[131.5444,33.999],[131.539,33.9973],[131.5344,34.0017],[131.5259,33.9991],[131.5221,34.0078],[131.5174,34.0032],[131.5092,34.0035],[131.5095,34.0103],[131.514,34.014],[131.5033,34.0255],[131.4968,34.0249],[131.4864,34.0283],[131.4749,34.0377],[131.467,34.0335],[131.4657,34.0253],[131.4692,34.0186],[131.4773,34.0172],[131.4793,34.0117],[131.4741,34.0105],[131.4613,34.0035],[131.4495,34.0095],[131.4522,34.0041],[131.4567,33.9989],[131.4621,33.9943],[131.4602,33.9878],[131.4545,33.9934],[131.4495,33.9954],[131.442,33.9919],[131.4414,33.9835],[131.4353,33.9867],[131.4301,33.9907],[131.4232,33.9892],[131.4255,33.9949],[131.4301,34.0032],[131.4273,34.0137],[131.4184,34.0155],[131.4135,34.0084],[131.4073,34.0005],[131.3989,33.9931],[131.3989,33.9862],[131.3957,33.9907],[131.3934,33.9975],[131.3996,33.9977],[131.402,34.0032],[131.4041,34.0135],[131.4114,34.0203],[131.4016,34.0259],[131.395,34.0251],[131.3938,34.035],[131.3992,34.0408],[131.3981,34.0498],[131.3842,34.0493],[131.3821,34.0361],[131.3856,34.0323],[131.3718,34.0287],[131.3818,34.0227],[131.3772,34.0079],[131.3727,34.0032],[131.3624,33.9969],[131.3608,33.9898],[131.3524,33.9871],[131.3473,33.9817],[131.3508,33.9759],[131.3503,33.9684],[131.3441,33.9631],[131.3405,33.9593],[131.3305,33.9528],[131.325,33.9525],[131.3194,33.9549],[131.3112,33.9517],[131.3057,33.9493],[131.2996,33.941],[131.2897,33.9373],[131.2847,33.9369],[131.2797,33.9341],[131.2873,33.9347],[131.2658,33.9228],[131.259,33.926],[131.2486,33.9274],[131.251,33.9339],[131.2318,33.9271],[131.2341,33.9341],[131.2425,33.9382],[131.2468,33.9423],[131.2423,33.9467],[131.2384,33.9513],[131.2327,33.9479],[131.2328,33.9416],[131.2218,33.9337],[131.2144,33.9366],[131.2091,33.9441],[131.1986,33.9427],[131.1849,33.9391],[131.1844,33.9321],[131.1606,33.9513],[131.1578,33.9611],[131.1688,33.9634],[131.1599,33.9647],[131.1622,33.9705],[131.1722,33.9691],[131.1671,33.9713],[131.1738,33.9747],[131.167,33.9772],[131.1613,33.9735],[131.1661,33.9783],[131.1601,33.9858],[131.1691,33.9925],[131.1656,33.9968],[131.1568,33.9889],[131.1464,33.9944],[131.1497,34.0032],[131.1329,34.0032],[131.1387,33.9917],[131.1313,33.9959],[131.1218,34.003],[131.1151,34.0135],[131.1096,34.0192],[131.1037,34.0287],[131.0916,34.0373],[131.0841,34.0374],[131.067,34.0389],[131.0608,34.0403],[131.0467,34.0423],[131.0475,34.0475],[131.0455,34.0523],[131.0426,34.0574],[131.0369,34.057],[131.0323,34.0511],[131.0274,34.0457],[131.0297,34.0392],[131.0228,34.0361],[131.0148,34.029],[131.0175,34.0242],[131.0203,34.02],[131.0126,34.0116],[131.0043,34.0168],[131.0004,34.0084],[131.005,34.0032],[130.9963,33.9992],[130.9952,33.991],[130.9913,33.9865],[130.9841,33.9831],[130.9786,33.9791],[130.9557,33.9648],[130.9457,33.9567],[130.9396,33.9522],[130.9332,33.9475],[130.9258,33.9466],[130.9283,33.9415],[130.9213,33.9382],[130.9246,33.932],[130.9275,33.9262],[130.9242,33.9199],[130.9226,33.9145],[130.9118,33.9113],[130.904,33.9137],[130.9,33.9179],[130.9077,33.9225],[130.8984,33.9217],[130.8974,33.9306],[130.8927,33.9391],[130.8789,33.9428],[130.8734,33.9464],[130.8758,33.9541],[130.8814,33.9509],[130.8863,33.9483],[130.8931,33.9433],[130.899,33.9446],[130.9036,33.9524],[130.909,33.9499],[130.9157,33.9509],[130.9127,33.9411],[130.917,33.9467],[130.9189,33.9522],[130.9095,33.9553],[130.9124,33.964],[130.9126,33.9709],[130.9161,33.9793],[130.9125,33.9835],[130.9088,33.9918],[130.9084,34.0005],[130.9155,34.0118],[130.9141,34.0228],[130.9084,34.0255],[130.9031,34.0251],[130.9134,34.0431],[130.9111,34.0591],[130.9067,34.0639],[130.9018,34.0674],[130.8933,34.0693],[130.8906,34.0644],[130.8879,34.071],[130.8825,34.0738],[130.8767,34.0799],[130.8792,34.0865],[130.8745,34.0894],[130.8718,34.0979],[130.8666,34.1021],[130.8616,34.104],[130.8597,34.1098],[130.8645,34.1187],[130.8655,34.1319],[130.8697,34.1384],[130.8767,34.1363],[130.8804,34.142],[130.8882,34.1347],[130.9015,34.1402],[130.9036,34.1469],[130.8988,34.1485],[130.8964,34.1541],[130.9023,34.1527],[130.9092,34.1591],[130.9253,34.1699],[130.9271,34.1773],[130.9295,34.1823],[130.9316,34.1875],[130.9311,34.1931],[130.929,34.2045],[130.9294,34.2106],[130.9175,34.2134],[130.9185,34.2221],[130.9209,34.2391],[130.9166,34.2426],[130.9016,34.2532],[130.8964,34.2643],[130.8918,34.2675],[130.8872,34.273],[130.8757,34.2802],[130.8718,34.2837],[130.8664,34.2873],[130.8693,34.2923],[130.8802,34.2947],[130.8852,34.3023],[130.8844,34.3098],[130.8894,34.3097],[130.8894,34.3173],[130.8967,34.3173],[130.8917,34.319],[130.897,34.3255],[130.8922,34.3227],[130.8916,34.3313],[130.8893,34.3365],[130.8893,34.3435],[130.8949,34.3483],[130.8992,34.3533],[130.9,34.3623],[130.9116,34.354],[130.9186,34.3536],[130.9234,34.3474],[130.9255,34.3417],[130.9298,34.346],[130.9339,34.3518],[130.9428,34.3543],[130.949,34.3536],[130.9569,34.3557],[130.9619,34.3581],[130.9797,34.3636],[130.9854,34.3679],[130.9938,34.3719],[130.9998,34.3739],[131.0038,34.3707],[131.0114,34.3731],[131.0217,34.3731],[131.034,34.3703],[131.0356,34.3779],[131.0337,34.3833],[131.0297,34.3873],[131.0246,34.3905],[131.0173,34.398],[131.0166,34.4037],[131.0104,34.4023],[131.0018,34.399],[130.9968,34.3995],[130.9856,34.4002],[130.9797,34.3999],[130.9733,34.4036],[130.9671,34.4055],[130.9584,34.4072],[130.9505,34.4049],[130.9539,34.3991],[130.9546,34.3892],[130.9467,34.3873],[130.9379,34.3905],[130.9314,34.3927],[130.9348,34.3965],[130.9369,34.4018],[130.9418,34.4031],[130.9578,34.4117],[130.9562,34.4199],[130.9611,34.4278],[130.9711,34.4299],[130.9723,34.4382],[130.9794,34.4363],[130.9968,34.4304],[131.0022,34.4281],[131.002,34.4199],[131.0042,34.4152],[131.0139,34.4123],[131.019,34.4112],[131.0299,34.4104],[131.0355,34.412],[131.0407,34.4106],[131.0466,34.4114],[131.0518,34.4153],[131.0615,34.4199],[131.0684,34.4199],[131.0753,34.4234],[131.0854,34.4199],[131.0911,34.4199],[131.0971,34.4199],[131.1063,34.4142],[131.1109,34.4093],[131.1167,34.4115],[131.1269,34.412],[131.1295,34.4177],[131.1307,34.4124],[131.1352,34.406],[131.1383,34.4007],[131.1368,34.3911],[131.1427,34.3827],[131.1509,34.3771],[131.1544,34.3725],[131.1683,34.3729],[131.1759,34.3773],[131.1845,34.3805],[131.1895,34.3825],[131.1972,34.3973],[131.1999,34.3925],[131.2069,34.3821],[131.2045,34.3757],[131.215,34.3708],[131.2236,34.379],[131.2231,34.3883],[131.2287,34.3887],[131.2337,34.3911],[131.2382,34.3873],[131.2428,34.3837],[131.2544,34.3836],[131.2551,34.3894],[131.2604,34.3843],[131.271,34.39],[131.277,34.3896],[131.2801,34.3836],[131.2857,34.3865],[131.2901,34.3814],[131.2976,34.3828],[131.3052,34.3829],[131.311,34.3869],[131.3159,34.3909],[131.3213,34.392],[131.3285,34.3991],[131.3265,34.4047],[131.3307,34.4126],[131.3367,34.4183],[131.3469,34.4169],[131.3529,34.4111],[131.3637,34.4131],[131.3718,34.4137],[131.378,34.4199],[131.3853,34.4199],[131.3957,34.4199],[131.4011,34.4219],[131.402,34.4287],[131.4111,34.4259],[131.4092,34.4315],[131.4172,34.4358],[131.4126,34.4383],[131.4217,34.441],[131.415,34.4449],[131.409,34.4473],[131.4043,34.4451],[131.3983,34.4468],[131.3948,34.4527],[131.3964,34.4603],[131.4059,34.4537],[131.4114,34.4516],[131.4169,34.4521],[131.4229,34.4539],[131.4348,34.4671],[131.4311,34.4715],[131.4389,34.4716],[131.4443,34.4756],[131.4422,34.4805],[131.4461,34.4855],[131.4525,34.4804],[131.4613,34.4862],[131.4635,34.4919],[131.4664,34.4985],[131.4603,34.5002],[131.4558,34.5085],[131.4517,34.5147],[131.4538,34.5203],[131.4555,34.526],[131.4613,34.5296],[131.4661,34.5385],[131.4694,34.5336],[131.4761,34.5337],[131.4879,34.5336],[131.4968,34.5315],[131.5033,34.5339],[131.5056,34.5389],[131.5119,34.5475],[131.5147,34.5519],[131.5214,34.5558],[131.5286,34.5597],[131.5369,34.5625],[131.5406,34.5687],[131.5458,34.5711],[131.5541,34.5806],[131.5542,34.5865],[131.5504,34.5929],[131.5547,34.5978],[131.5571,34.6033],[131.5567,34.6123],[131.5652,34.6212],[131.5765,34.6205],[131.5861,34.6241],[131.5973,34.6218],[131.6015,34.6275],[131.6021,34.6338],[131.5979,34.631],[131.5918,34.6288],[131.5925,34.6371],[131.5908,34.646],[131.5969,34.6511],[131.5989,34.6563],[131.6029,34.6619],[131.6117,34.6665],[131.6183,34.6642],[131.6264,34.6655],[131.6339,34.6639],[131.6406,34.6599],[131.6409,34.653],[131.6415,34.6449],[131.6475,34.6409],[131.6445,34.6471],[131.6453,34.6523],[131.6503,34.6535],[131.6547,34.6572],[131.6595,34.6549],[131.6651,34.6599],[131.6709,34.6644],[131.6688,34.6701],[131.667,34.6753],[131.6717,34.6735],[131.6778,34.6761],[131.6844,34.6776],[131.6899,34.681]]],[[[132.2068,33.8569],[132.1996,33.8698],[132.2042,33.8747],[132.2014,33.8802],[132.1908,33.8855],[132.186,33.8931],[132.1765,33.894],[132.1789,33.8994],[132.1756,33.905],[132.1758,33.9199],[132.1751,33.9299],[132.1874,33.9346],[132.1827,33.9505],[132.1933,33.9544],[132.2029,33.9487],[132.2097,33.952],[132.2103,33.9597],[132.2135,33.9651],[132.2216,33.9593],[132.2282,33.9594],[132.2322,33.9671],[132.2442,33.9629],[132.2468,33.9547],[132.2639,33.9486],[132.2707,33.9503],[132.278,33.9534],[132.2824,33.9559],[132.287,33.9504],[132.2867,33.9423],[132.2921,33.9375],[132.2975,33.9339],[132.3009,33.9299],[132.2996,33.9247],[132.3051,33.9186],[132.311,33.9147],[132.3181,33.9199],[132.3219,33.9145],[132.3191,33.91],[132.3197,33.9029],[132.3273,33.9045],[132.3343,33.9019],[132.3413,33.9043],[132.3488,33.9051],[132.3567,33.9099],[132.3526,33.9175],[132.3588,33.9173],[132.3655,33.9251],[132.3701,33.9283],[132.3751,33.9248],[132.3837,33.927],[132.4024,33.9293],[132.4052,33.935],[132.4012,33.9407],[132.4064,33.9429],[132.4152,33.952],[132.4227,33.9539],[132.4295,33.9504],[132.4368,33.9515],[132.437,33.9453],[132.4429,33.9422],[132.4506,33.943],[132.4604,33.9461],[132.4683,33.9477],[132.4563,33.9405],[132.4501,33.9325],[132.444,33.9318],[132.4408,33.9275],[132.4346,33.9322],[132.4323,33.9269],[132.427,33.9265],[132.4214,33.9256],[132.4192,33.9199],[132.4112,33.9173],[132.4082,33.9109],[132.4043,33.9155],[132.3957,33.9176],[132.3895,33.9158],[132.3765,33.9143],[132.3718,33.9111],[132.3713,33.9035],[132.3656,33.9024],[132.3613,33.8961],[132.3664,33.8925],[132.3632,33.8878],[132.3632,33.8804],[132.3673,33.8773],[132.3676,33.8696],[132.3716,33.8624],[132.3601,33.8611],[132.355,33.8667],[132.346,33.8696],[132.3427,33.8651],[132.3352,33.8621],[132.3268,33.8576],[132.3252,33.8636],[132.3264,33.8701],[132.3368,33.8779],[132.3363,33.8832],[132.3308,33.8862],[132.3267,33.8821],[132.3276,33.8877],[132.3227,33.8918],[132.3159,33.8929],[132.3089,33.8921],[132.2959,33.8967],[132.2927,33.8926],[132.2904,33.9012],[132.2851,33.9016],[132.2789,33.9003],[132.2753,33.8938],[132.268,33.8901],[132.2674,33.8769],[132.2715,33.8739],[132.2784,33.8712],[132.2715,33.8722],[132.2649,33.869],[132.2593,33.8769],[132.253,33.8775],[132.2468,33.8757],[132.2413,33.8745],[132.2279,33.8757],[132.2211,33.8744],[132.2145,33.8712],[132.2068,33.8569]]]]}},{"type":"Feature","properties":{"nam":"Fukushima Ken","nam_ja":"\u798f\u5cf6\u770c","id":7},"geometry":{"type":"Polygon","coordinates":[[[140.2801,37.9769],[140.287,37.9729],[140.2918,37.9712],[140.3025,37.9691],[140.3086,37.9642],[140.3149,37.9643],[140.3162,37.9586],[140.3287,37.9586],[140.3346,37.9519],[140.3461,37.9513],[140.3513,37.9505],[140.356,37.9528],[140.3567,37.9583],[140.3652,37.9587],[140.37,37.957],[140.3855,37.9531],[140.387,37.9675],[140.3968,37.9741],[140.4078,37.9735],[140.4096,37.9639],[140.416,37.9625],[140.4239,37.9579],[140.4321,37.9544],[140.4404,37.9553],[140.4495,37.9511],[140.4575,37.9514],[140.4717,37.9476],[140.4681,37.9377],[140.4687,37.9245],[140.4771,37.9071],[140.4832,37.9036],[140.4882,37.8999],[140.4968,37.9003],[140.5025,37.9039],[140.5113,37.9045],[140.5176,37.9078],[140.5272,37.9077],[140.5321,37.9055],[140.5526,37.9101],[140.5624,37.9114],[140.5636,37.9195],[140.5697,37.9199],[140.5747,37.9172],[140.5847,37.9093],[140.5921,37.9063],[140.5985,37.9079],[140.6058,37.912],[140.6122,37.9156],[140.6185,37.913],[140.6218,37.9054],[140.6251,37.9003],[140.6449,37.8958],[140.6613,37.9007],[140.6671,37.8954],[140.6904,37.8883],[140.6832,37.8798],[140.6831,37.8743],[140.6877,37.8713],[140.6926,37.8589],[140.6919,37.8517],[140.6858,37.8469],[140.6794,37.8365],[140.6846,37.8304],[140.6857,37.8183],[140.6914,37.8113],[140.6947,37.8039],[140.7071,37.8023],[140.7135,37.7995],[140.7212,37.7932],[140.728,37.7817],[140.7414,37.788],[140.7497,37.7855],[140.7623,37.7848],[140.7771,37.7813],[140.7929,37.7734],[140.7995,37.7765],[140.7946,37.7819],[140.7863,37.7894],[140.779,37.7921],[140.7718,37.7977],[140.7651,37.7964],[140.7737,37.802],[140.7842,37.8042],[140.7896,37.8021],[140.8043,37.798],[140.8114,37.7961],[140.8204,37.7989],[140.8257,37.7975],[140.8318,37.7953],[140.8451,37.7956],[140.8526,37.7958],[140.8574,37.8041],[140.8541,37.808],[140.8561,37.8139],[140.854,37.8235],[140.8552,37.8295],[140.8546,37.8346],[140.8545,37.8421],[140.8509,37.8513],[140.8564,37.8543],[140.862,37.8627],[140.8591,37.8691],[140.8551,37.8749],[140.8606,37.8799],[140.8567,37.8848],[140.8567,37.8913],[140.869,37.8957],[140.8847,37.8995],[140.8928,37.9025],[140.8991,37.9039],[140.9013,37.8978],[140.9137,37.8974],[140.92,37.8927],[140.9257,37.8957],[140.9312,37.8963],[140.9364,37.8727],[140.9395,37.8661],[140.9444,37.8578],[140.9499,37.8583],[140.9559,37.8597],[140.9495,37.8554],[140.9552,37.8435],[140.9576,37.8365],[140.9597,37.8316],[140.969,37.828],[140.9759,37.8263],[140.981,37.8253],[140.9866,37.8241],[140.987,37.7958],[140.9905,37.7694],[140.9968,37.7639],[141.0041,37.7532],[141.01,37.7448],[141.0124,37.7261],[141.012,37.7084],[141.0124,37.6872],[141.0175,37.6863],[141.0162,37.6715],[141.0225,37.6647],[141.0275,37.6656],[141.0185,37.6625],[141.0243,37.6461],[141.023,37.6239],[141.0268,37.6051],[141.0256,37.5865],[141.0265,37.5747],[141.0291,37.5482],[141.035,37.5139],[141.0388,37.5032],[141.0391,37.4913],[141.0433,37.4812],[141.0369,37.4666],[141.037,37.4571],[141.0375,37.4472],[141.0354,37.4306],[141.0368,37.42],[141.0346,37.3858],[141.0356,37.3732],[141.0391,37.3639],[141.035,37.3575],[141.0323,37.3481],[141.0298,37.3413],[141.0271,37.3365],[141.0258,37.3237],[141.031,37.322],[141.0282,37.3166],[141.0368,37.3175],[141.0318,37.3135],[141.0256,37.3137],[141.0259,37.3048],[141.0242,37.2997],[141.0129,37.2532],[141.0124,37.241],[141.0199,37.2404],[141.0211,37.2349],[141.0166,37.23],[141.0225,37.2291],[141.0125,37.2289],[141.0063,37.2125],[141.0008,37.1837],[140.9998,37.1699],[141.0008,37.1558],[141.0035,37.1515],[141.0053,37.1458],[141,37.1399],[140.9992,37.1192],[140.9994,37.1109],[140.9909,37.1037],[140.9825,37.0865],[140.9791,37.0749],[140.9731,37.0383],[140.9749,37.0132],[140.9804,37.0032],[140.982,36.9968],[140.9781,36.9923],[140.9672,36.9793],[140.9695,36.9742],[140.9631,36.97],[140.9531,36.9617],[140.95,36.9573],[140.9406,36.9549],[140.9264,36.9408],[140.9207,36.9343],[140.9138,36.9369],[140.9107,36.9445],[140.9062,36.9414],[140.9011,36.9412],[140.8949,36.9391],[140.8896,36.937],[140.8691,36.9316],[140.8746,36.928],[140.867,36.9251],[140.8617,36.9218],[140.8541,36.9199],[140.841,36.9091],[140.8347,36.9113],[140.8292,36.9126],[140.8178,36.9087],[140.8014,36.894],[140.7909,36.8759],[140.7902,36.8601],[140.7863,36.8563],[140.7861,36.8615],[140.7794,36.8666],[140.7728,36.8672],[140.7652,36.8623],[140.7659,36.8673],[140.7586,36.8725],[140.7468,36.8715],[140.7415,36.8755],[140.7349,36.8725],[140.7258,36.8747],[140.7182,36.8724],[140.7123,36.8746],[140.7062,36.8785],[140.6992,36.8837],[140.6955,36.8883],[140.6882,36.8888],[140.6811,36.8928],[140.6736,36.8933],[140.6664,36.8953],[140.657,36.8974],[140.6478,36.901],[140.6374,36.8977],[140.6271,36.9025],[140.6218,36.9033],[140.6164,36.9035],[140.6144,36.9084],[140.6095,36.9118],[140.6031,36.9199],[140.5945,36.9263],[140.5937,36.9347],[140.5863,36.9455],[140.5763,36.9428],[140.5682,36.9375],[140.57,36.9324],[140.5679,36.9199],[140.565,36.9129],[140.57,36.9121],[140.5807,36.9046],[140.58,36.8993],[140.5814,36.8933],[140.5866,36.8864],[140.5926,36.8813],[140.5919,36.8731],[140.5808,36.8673],[140.5758,36.8691],[140.5676,36.8634],[140.5619,36.8633],[140.5574,36.8603],[140.5476,36.8588],[140.5394,36.8592],[140.5354,36.8525],[140.5293,36.8491],[140.5283,36.8437],[140.5198,36.8365],[140.5172,36.8279],[140.5116,36.8223],[140.5051,36.8233],[140.5022,36.8187],[140.4968,36.8192],[140.4879,36.8182],[140.4898,36.8125],[140.4823,36.8044],[140.4785,36.7977],[140.4715,36.7945],[140.4637,36.7918],[140.462,36.797],[140.4557,36.8021],[140.4485,36.8093],[140.4385,36.8216],[140.4317,36.8176],[140.4246,36.8209],[140.419,36.8266],[140.4153,36.832],[140.4083,36.8319],[140.4017,36.8326],[140.3955,36.8326],[140.3862,36.8354],[140.3773,36.838],[140.3764,36.8458],[140.3718,36.8555],[140.3686,36.8654],[140.3718,36.8701],[140.3678,36.8807],[140.3631,36.8851],[140.3566,36.8848],[140.3472,36.8853],[140.3295,36.8911],[140.3224,36.9053],[140.318,36.9129],[140.3076,36.9199],[140.303,36.9257],[140.2983,36.9294],[140.2877,36.9343],[140.2793,36.9327],[140.274,36.9307],[140.2643,36.9334],[140.2573,36.9382],[140.2468,36.9423],[140.2408,36.9499],[140.2468,36.9585],[140.2525,36.9628],[140.2468,36.9705],[140.2439,36.9771],[140.25,36.9829],[140.2504,36.9886],[140.2445,36.9934],[140.2408,37.0005],[140.2451,37.0098],[140.2517,37.0091],[140.2499,37.0195],[140.2492,37.0261],[140.2436,37.0249],[140.232,37.0235],[140.2246,37.0239],[140.2202,37.0188],[140.2143,37.0198],[140.2046,37.024],[140.2006,37.0275],[140.1965,37.0354],[140.2002,37.047],[140.1946,37.0531],[140.1908,37.0569],[140.1941,37.0641],[140.1859,37.0687],[140.1754,37.0711],[140.167,37.077],[140.1603,37.0802],[140.1533,37.0865],[140.1571,37.0904],[140.1498,37.0926],[140.1378,37.1064],[140.1302,37.1039],[140.1218,37.1087],[140.1081,37.1177],[140.1007,37.1227],[140.0957,37.1241],[140.0896,37.1217],[140.0797,37.1244],[140.0638,37.1273],[140.0513,37.1307],[140.047,37.1355],[140.0402,37.1381],[140.0354,37.1397],[140.0228,37.1432],[140.0137,37.1406],[140.007,37.1418],[140,37.1431],[139.9921,37.1433],[139.9763,37.1471],[139.9703,37.1487],[139.9637,37.1486],[139.9614,37.1535],[139.9549,37.155],[139.9447,37.1535],[139.9353,37.1539],[139.9306,37.1519],[139.9245,37.1521],[139.9166,37.1479],[139.9091,37.1486],[139.9026,37.154],[139.8776,37.1463],[139.8718,37.1469],[139.8664,37.1474],[139.8604,37.1407],[139.8538,37.1377],[139.8477,37.1395],[139.8393,37.1341],[139.8335,37.1337],[139.8286,37.127],[139.8227,37.1235],[139.8163,37.1182],[139.8162,37.1117],[139.819,37.1005],[139.8207,37.0865],[139.8153,37.086],[139.8097,37.0849],[139.8049,37.0865],[139.7893,37.0903],[139.7786,37.0893],[139.7724,37.0865],[139.7688,37.0829],[139.7634,37.0766],[139.7549,37.0744],[139.7468,37.0709],[139.7384,37.0726],[139.7312,37.0692],[139.72,37.0709],[139.7147,37.0687],[139.7066,37.0643],[139.7013,37.0602],[139.6928,37.0626],[139.6848,37.0605],[139.6777,37.0575],[139.6702,37.0472],[139.6651,37.0406],[139.6568,37.0417],[139.6523,37.0379],[139.6438,37.0361],[139.6387,37.0322],[139.6317,37.0332],[139.6237,37.0299],[139.6218,37.0219],[139.6192,37.0173],[139.6113,37.0138],[139.6035,37.0157],[139.5972,37.0121],[139.5888,37.0149],[139.5831,37.0154],[139.5801,37.0087],[139.5774,37.0032],[139.5648,36.9971],[139.5583,36.9971],[139.5546,36.9927],[139.5487,36.9936],[139.5423,36.9878],[139.5356,36.9811],[139.5303,36.9808],[139.5169,36.9781],[139.5058,36.9712],[139.4968,36.9686],[139.4848,36.9751],[139.4769,36.9728],[139.4656,36.9714],[139.4599,36.9697],[139.4581,36.9613],[139.4573,36.9561],[139.4527,36.9508],[139.4428,36.9477],[139.4358,36.9425],[139.4348,36.9375],[139.4315,36.9314],[139.4285,36.925],[139.422,36.9247],[139.4128,36.9269],[139.3989,36.9199],[139.3934,36.9109],[139.3841,36.9116],[139.3792,36.9155],[139.3718,36.9181],[139.3631,36.9175],[139.3552,36.9165],[139.3495,36.9131],[139.3486,36.9199],[139.3453,36.9254],[139.3342,36.9249],[139.3151,36.9269],[139.3047,36.9259],[139.295,36.9345],[139.2871,36.9344],[139.2765,36.9337],[139.2665,36.9413],[139.2576,36.9341],[139.2468,36.9309],[139.2415,36.9302],[139.2359,36.9342],[139.2318,36.9374],[139.2346,36.9421],[139.241,36.9415],[139.2437,36.9471],[139.2468,36.9562],[139.2489,36.9609],[139.2483,36.9667],[139.251,36.9725],[139.2474,36.981],[139.2519,36.9835],[139.2551,36.9895],[139.2513,37.0032],[139.2468,37.0092],[139.2443,37.0146],[139.2468,37.0211],[139.2485,37.0275],[139.2532,37.0342],[139.253,37.0394],[139.2588,37.0429],[139.2564,37.0571],[139.2539,37.0629],[139.2468,37.0721],[139.249,37.0796],[139.2417,37.0865],[139.2404,37.0926],[139.2368,37.0999],[139.2361,37.1162],[139.2436,37.1278],[139.2468,37.147],[139.2499,37.1561],[139.2505,37.1635],[139.2473,37.1699],[139.2439,37.1745],[139.2443,37.1806],[139.2379,37.188],[139.2311,37.1941],[139.226,37.1981],[139.2225,37.2045],[139.2179,37.2097],[139.2139,37.2017],[139.2064,37.1952],[139.1966,37.1942],[139.1949,37.2031],[139.1889,37.2093],[139.1849,37.2146],[139.1792,37.2199],[139.1673,37.232],[139.1648,37.238],[139.17,37.2483],[139.1734,37.2532],[139.178,37.2575],[139.1908,37.2693],[139.1956,37.2747],[139.2049,37.2832],[139.2119,37.286],[139.2169,37.3037],[139.2242,37.3197],[139.2198,37.3303],[139.2215,37.3365],[139.2277,37.3429],[139.2336,37.3439],[139.2338,37.3566],[139.2371,37.368],[139.2366,37.3766],[139.232,37.3801],[139.2317,37.3877],[139.2236,37.393],[139.2159,37.3916],[139.2098,37.3946],[139.2048,37.4063],[139.1972,37.4109],[139.2083,37.4169],[139.2074,37.4278],[139.2136,37.4371],[139.2161,37.443],[139.2213,37.446],[139.2273,37.4475],[139.2349,37.445],[139.2468,37.4493],[139.2524,37.4525],[139.2581,37.4472],[139.2704,37.4505],[139.278,37.4531],[139.2852,37.4511],[139.3054,37.4591],[139.3108,37.4559],[139.3151,37.4588],[139.3261,37.4625],[139.333,37.4584],[139.3458,37.4605],[139.3515,37.4679],[139.3623,37.4701],[139.3678,37.4669],[139.3797,37.4633],[139.3869,37.4631],[139.3976,37.4601],[139.4062,37.466],[139.4047,37.4733],[139.4098,37.4835],[139.4079,37.4921],[139.4137,37.4967],[139.4107,37.5032],[139.4143,37.5095],[139.4232,37.5117],[139.4285,37.5144],[139.4377,37.5139],[139.4437,37.5152],[139.4568,37.5181],[139.4621,37.5141],[139.4703,37.5068],[139.4754,37.5031],[139.4848,37.5097],[139.4968,37.5128],[139.5037,37.5104],[139.5137,37.5089],[139.5212,37.5144],[139.5275,37.5133],[139.5349,37.5121],[139.5431,37.5123],[139.5559,37.5053],[139.5627,37.5032],[139.568,37.5032],[139.5852,37.5131],[139.588,37.5225],[139.5856,37.5282],[139.5806,37.5298],[139.5711,37.5387],[139.5661,37.5461],[139.5694,37.5501],[139.5678,37.5611],[139.5714,37.5681],[139.5713,37.5769],[139.5673,37.5818],[139.5651,37.5976],[139.5608,37.6013],[139.5546,37.6026],[139.5488,37.6113],[139.5522,37.6185],[139.5468,37.6279],[139.5495,37.6358],[139.5547,37.6419],[139.5494,37.6488],[139.5631,37.654],[139.5825,37.6615],[139.5886,37.6674],[139.5936,37.6655],[139.601,37.6699],[139.6051,37.6787],[139.615,37.6875],[139.6218,37.6892],[139.6273,37.6885],[139.6218,37.7001],[139.6243,37.7098],[139.6324,37.7163],[139.6378,37.7213],[139.6428,37.7275],[139.6497,37.7301],[139.654,37.7389],[139.6583,37.7439],[139.658,37.7532],[139.6659,37.7569],[139.6685,37.7623],[139.6754,37.7688],[139.6805,37.7751],[139.6943,37.7842],[139.7046,37.7955],[139.7128,37.799],[139.721,37.8084],[139.7284,37.8126],[139.7336,37.8145],[139.7415,37.8179],[139.7369,37.8269],[139.7309,37.8307],[139.7246,37.8365],[139.717,37.8464],[139.7157,37.8517],[139.7114,37.8545],[139.6983,37.8489],[139.6907,37.8481],[139.698,37.8499],[139.7075,37.8562],[139.7164,37.8538],[139.7177,37.8467],[139.7253,37.8365],[139.7311,37.8311],[139.7375,37.8271],[139.7422,37.8207],[139.7572,37.8235],[139.7654,37.8274],[139.7722,37.8298],[139.7836,37.8319],[139.7891,37.8243],[139.7957,37.8175],[139.8031,37.8148],[139.8055,37.8055],[139.8102,37.8035],[139.8247,37.8136],[139.8335,37.8159],[139.8478,37.821],[139.8585,37.827],[139.8683,37.8217],[139.8718,37.8181],[139.8772,37.8125],[139.8859,37.8099],[139.8911,37.8107],[139.8998,37.8112],[139.9072,37.8155],[139.9149,37.8142],[139.9256,37.8139],[139.9284,37.8219],[139.9326,37.8299],[139.9426,37.8213],[139.9534,37.8159],[139.9585,37.8141],[139.9622,37.8035],[139.9599,37.797],[139.9665,37.7911],[139.9682,37.7832],[139.9747,37.776],[139.9789,37.773],[139.9782,37.7665],[139.9843,37.763],[139.9895,37.7603],[139.9968,37.7607],[140.0108,37.7636],[140.02,37.7626],[140.0246,37.7664],[140.0318,37.7691],[140.045,37.7745],[140.0494,37.7793],[140.0539,37.7728],[140.0603,37.7707],[140.0662,37.7659],[140.0692,37.7581],[140.0809,37.7566],[140.0869,37.7582],[140.0905,37.7532],[140.0963,37.7467],[140.0999,37.7405],[140.1042,37.7375],[140.1175,37.7346],[140.1284,37.735],[140.1352,37.7389],[140.1406,37.7389],[140.1471,37.7528],[140.167,37.7573],[140.172,37.7561],[140.1832,37.7555],[140.1961,37.7534],[140.2057,37.7481],[140.2177,37.7472],[140.2373,37.7467],[140.2402,37.7532],[140.2468,37.7598],[140.2554,37.7662],[140.2637,37.7745],[140.2665,37.7794],[140.2771,37.7827],[140.2828,37.7935],[140.2835,37.799],[140.2899,37.8013],[140.2966,37.8062],[140.2935,37.8124],[140.2871,37.8148],[140.2768,37.8214],[140.2692,37.825],[140.2627,37.8355],[140.2625,37.8413],[140.2674,37.8481],[140.2659,37.8554],[140.266,37.8628],[140.2701,37.8672],[140.2696,37.8741],[140.2652,37.8811],[140.2653,37.8865],[140.2703,37.8915],[140.265,37.9065],[140.266,37.9131],[140.272,37.9199],[140.2768,37.9273],[140.2796,37.9399],[140.2755,37.9476],[140.2781,37.9531],[140.2724,37.9689],[140.2784,37.9763],[140.2801,37.9769]]]}},{"type":"Feature","properties":{"nam":"Ishikawa Ken","nam_ja":"\u77f3\u5ddd\u770c","id":17},"geometry":{"type":"MultiPolygon","coordinates":[[[[137.0857,37.4663],[137.0924,37.4727],[137.0971,37.479],[137.1045,37.4802],[137.1132,37.4873],[137.1218,37.4913],[137.1332,37.4948],[137.1422,37.4977],[137.1688,37.5031],[137.1775,37.5001],[137.1878,37.5025],[137.2015,37.5082],[137.2077,37.5061],[137.2179,37.5104],[137.2221,37.5148],[137.2264,37.5176],[137.2359,37.5213],[137.2418,37.5195],[137.2468,37.5221],[137.2566,37.5286],[137.2653,37.5286],[137.2748,37.5335],[137.282,37.5273],[137.2886,37.5301],[137.296,37.5265],[137.3066,37.5287],[137.3251,37.5297],[137.3291,37.5195],[137.3389,37.5167],[137.3449,37.5157],[137.351,37.5032],[137.3495,37.4983],[137.3444,37.4946],[137.3397,37.4867],[137.3441,37.4768],[137.3563,37.4669],[137.3605,37.4518],[137.353,37.4459],[137.3404,37.4411],[137.3137,37.4387],[137.3085,37.4397],[137.3027,37.4424],[137.2898,37.4426],[137.2675,37.4373],[137.2602,37.4319],[137.2482,37.4199],[137.2468,37.414],[137.2444,37.3983],[137.2374,37.3895],[137.2388,37.3735],[137.2456,37.3687],[137.2468,37.3566],[137.252,37.3531],[137.2592,37.3555],[137.2655,37.3579],[137.2622,37.348],[137.2558,37.3443],[137.2565,37.3391],[137.2643,37.3411],[137.2676,37.3365],[137.2616,37.3299],[137.26,37.3229],[137.252,37.3181],[137.2468,37.3075],[137.2401,37.3034],[137.235,37.3104],[137.2291,37.3059],[137.2361,37.3023],[137.2284,37.3009],[137.2344,37.298],[137.2218,37.2939],[137.2161,37.2968],[137.2103,37.2965],[137.2089,37.3016],[137.1984,37.2991],[137.1916,37.3011],[137.186,37.3001],[137.1729,37.3003],[137.1639,37.3048],[137.1587,37.3],[137.153,37.3067],[137.1529,37.2985],[137.1452,37.2969],[137.137,37.2958],[137.1302,37.2919],[137.1218,37.2893],[137.1081,37.2817],[137.0989,37.2791],[137.0967,37.2727],[137.0941,37.2647],[137.094,37.2571],[137.087,37.2532],[137.0832,37.2485],[137.0768,37.2457],[137.0667,37.2286],[137.0685,37.2196],[137.0654,37.2154],[137.0603,37.2132],[137.0573,37.2089],[137.0442,37.2087],[137.0357,37.2061],[137.0254,37.2049],[137.0313,37.2026],[137.0292,37.1951],[137.025,37.1878],[137.0172,37.1903],[137.0105,37.1835],[137.0032,37.1887],[136.9968,37.1948],[136.9911,37.1999],[136.9818,37.2054],[136.9701,37.2017],[136.9669,37.2089],[136.9576,37.2086],[136.956,37.2165],[136.9524,37.2204],[136.946,37.2163],[136.9553,37.2278],[136.9663,37.2335],[136.96,37.2367],[136.9442,37.2323],[136.9433,37.2247],[136.9372,37.2301],[136.9304,37.2315],[136.9249,37.2335],[136.9335,37.2237],[136.9276,37.2219],[136.918,37.2214],[136.9159,37.2275],[136.9064,37.2179],[136.9133,37.2183],[136.9192,37.2149],[136.9293,37.2066],[136.9261,37.1992],[136.9245,37.2055],[136.9176,37.2041],[136.9122,37.2023],[136.9071,37.2035],[136.9108,37.1965],[136.9073,37.1921],[136.9044,37.1857],[136.896,37.1771],[136.8923,37.1731],[136.8893,37.1666],[136.8787,37.1512],[136.8746,37.1467],[136.8752,37.1415],[136.8794,37.1356],[136.8854,37.14],[136.8897,37.1441],[136.8959,37.1375],[136.8977,37.1311],[136.8938,37.1195],[136.8927,37.1113],[136.8835,37.1152],[136.8805,37.1101],[136.8734,37.1143],[136.8634,37.1083],[136.8658,37.1026],[136.8667,37.0931],[136.8711,37.0889],[136.862,37.0831],[136.8591,37.0765],[136.8626,37.0711],[136.8718,37.0717],[136.8816,37.0685],[136.8892,37.0737],[136.8946,37.0721],[136.9035,37.0773],[136.9051,37.0865],[136.911,37.0908],[136.9246,37.0881],[136.9355,37.0865],[136.9419,37.0838],[136.9363,37.0793],[136.936,37.0743],[136.94,37.0681],[136.9532,37.0683],[136.9623,37.0675],[136.9582,37.0589],[136.9602,37.0516],[136.9709,37.0477],[136.976,37.0534],[136.9833,37.0502],[136.9915,37.0527],[136.9946,37.0598],[136.9998,37.0555],[137.0068,37.0621],[137.0047,37.0681],[137.0087,37.0723],[137.01,37.0803],[137.0117,37.0865],[137.0173,37.0953],[137.0227,37.1014],[137.0299,37.1071],[137.0342,37.1036],[137.0418,37.1076],[137.0513,37.1068],[137.0574,37.1081],[137.0519,37.1045],[137.0493,37.0989],[137.0505,37.0865],[137.0531,37.0767],[137.0519,37.0661],[137.0492,37.0585],[137.0496,37.0535],[137.0466,37.0391],[137.0474,37.0311],[137.0509,37.0215],[137.0468,37.012],[137.0471,37.0032],[137.0537,36.9952],[137.0493,36.9874],[137.0502,36.9781],[137.0565,36.9681],[137.0531,36.9629],[137.0373,36.9673],[137.0255,36.963],[137.0196,36.9637],[137.0096,36.9622],[137.004,36.9617],[136.9968,36.9665],[136.9858,36.9667],[136.9839,36.9589],[136.9801,36.9507],[136.9725,36.9446],[136.9649,36.9489],[136.9534,36.9563],[136.9404,36.9528],[136.9342,36.9506],[136.9281,36.9479],[136.9246,36.9423],[136.9215,36.9377],[136.9142,36.9305],[136.9063,36.9279],[136.8973,36.9247],[136.8928,36.9199],[136.8872,36.9167],[136.8793,36.9068],[136.8785,36.8964],[136.8815,36.8881],[136.8818,36.8811],[136.8813,36.8752],[136.8747,36.8677],[136.8695,36.8621],[136.8621,36.8605],[136.8668,36.8509],[136.8617,36.8476],[136.8626,36.8425],[136.8562,36.8401],[136.8592,36.8284],[136.8541,36.8206],[136.8487,36.8124],[136.8504,36.8015],[136.8537,36.7943],[136.8506,36.7869],[136.843,36.7819],[136.8487,36.7746],[136.8522,36.7697],[136.8473,36.7578],[136.8377,36.7449],[136.8261,36.7417],[136.8193,36.7307],[136.8074,36.7298],[136.7961,36.7299],[136.7931,36.7247],[136.7891,36.7185],[136.8017,36.7089],[136.8114,36.7037],[136.8151,36.6999],[136.8116,36.6927],[136.8108,36.6852],[136.8161,36.6856],[136.821,36.6827],[136.8214,36.6741],[136.8198,36.6677],[136.8158,36.663],[136.8072,36.6541],[136.8057,36.6473],[136.7997,36.6437],[136.7988,36.6358],[136.793,36.6311],[136.7858,36.6297],[136.7842,36.623],[136.7836,36.6147],[136.7883,36.6066],[136.7892,36.5926],[136.7938,36.5891],[136.7934,36.5815],[136.7924,36.5733],[136.8011,36.5696],[136.81,36.5614],[136.8169,36.5521],[136.8095,36.5331],[136.8011,36.5208],[136.797,36.5131],[136.7947,36.5081],[136.796,36.5032],[136.7945,36.4975],[136.7976,36.4925],[136.8012,36.4839],[136.7955,36.4731],[136.7978,36.4681],[136.7975,36.4612],[136.788,36.4529],[136.7905,36.4471],[136.7964,36.4445],[136.7834,36.4365],[136.7774,36.4313],[136.7689,36.4297],[136.7688,36.4234],[136.7703,36.4145],[136.7787,36.4145],[136.7847,36.4097],[136.7953,36.3999],[136.7952,36.3944],[136.7973,36.3889],[136.8004,36.3779],[136.8013,36.3685],[136.8062,36.3634],[136.8073,36.3585],[136.7976,36.3525],[136.7904,36.3482],[136.7841,36.3422],[136.785,36.3309],[136.79,36.3218],[136.789,36.3138],[136.7921,36.2991],[136.7951,36.2938],[136.8053,36.2848],[136.8056,36.2768],[136.8131,36.2713],[136.8145,36.2663],[136.8221,36.2664],[136.8297,36.2661],[136.8343,36.2637],[136.8414,36.2598],[136.8467,36.2532],[136.8515,36.2484],[136.8468,36.2445],[136.8396,36.2324],[136.8342,36.2255],[136.8314,36.2187],[136.8253,36.2133],[136.8199,36.2084],[136.8216,36.2035],[136.807,36.1923],[136.8022,36.1877],[136.7984,36.1728],[136.791,36.1699],[136.7869,36.1665],[136.7817,36.1669],[136.7757,36.1654],[136.7682,36.1643],[136.7724,36.1581],[136.7753,36.1502],[136.7756,36.145],[136.7788,36.1336],[136.7721,36.1259],[136.7702,36.1164],[136.7648,36.1057],[136.757,36.0999],[136.7542,36.0865],[136.7468,36.0855],[136.739,36.0807],[136.7259,36.0816],[136.7159,36.0819],[136.7081,36.0793],[136.7015,36.0753],[136.6961,36.0741],[136.6815,36.0711],[136.6745,36.0677],[136.6637,36.0676],[136.6582,36.0697],[136.6552,36.0757],[136.6567,36.083],[136.653,36.0865],[136.6514,36.0913],[136.6443,36.0961],[136.6378,36.0988],[136.631,36.1005],[136.6218,36.1065],[136.6122,36.1116],[136.6055,36.1204],[136.603,36.1278],[136.5961,36.1315],[136.5885,36.1325],[136.5819,36.1363],[136.5779,36.1396],[136.5738,36.143],[136.5634,36.1447],[136.5602,36.152],[136.5516,36.155],[136.5416,36.1537],[136.5329,36.1482],[136.5271,36.1487],[136.5217,36.1513],[136.5122,36.147],[136.5068,36.1467],[136.4968,36.1498],[136.4915,36.1584],[136.4839,36.1573],[136.4747,36.1479],[136.4642,36.1383],[136.4565,36.1364],[136.4486,36.1407],[136.4401,36.1374],[136.4317,36.1435],[136.4244,36.1537],[136.416,36.1557],[136.4123,36.1599],[136.4114,36.1699],[136.4063,36.1714],[136.3956,36.1699],[136.3897,36.1675],[136.3744,36.1699],[136.3685,36.1699],[136.3595,36.1655],[136.3552,36.1685],[136.344,36.1729],[136.3357,36.1846],[136.3367,36.1909],[136.332,36.1974],[136.329,36.2021],[136.3281,36.2077],[136.3304,36.2167],[136.3284,36.2215],[136.3315,36.2287],[136.3191,36.2337],[136.3172,36.2406],[136.315,36.2453],[136.3093,36.2471],[136.3029,36.2532],[136.3002,36.2584],[136.2911,36.261],[136.2856,36.2617],[136.274,36.2661],[136.2661,36.2657],[136.2617,36.2725],[136.2623,36.2797],[136.2569,36.2795],[136.2578,36.2889],[136.2492,36.2919],[136.2437,36.2956],[136.2506,36.3003],[136.2708,36.3155],[136.2781,36.3241],[136.2791,36.3294],[136.2876,36.3365],[136.291,36.3442],[136.2993,36.3519],[136.3061,36.3531],[136.3137,36.353],[136.3228,36.3567],[136.3479,36.3671],[136.3718,36.3839],[136.4158,36.4199],[136.4264,36.4303],[136.4647,36.472],[136.477,36.4869],[136.4939,36.5032],[136.5002,36.5087],[136.5203,36.5297],[136.5247,36.5343],[136.5566,36.5679],[136.5745,36.5865],[136.5822,36.5965],[136.5877,36.6045],[136.6018,36.6184],[136.6058,36.6223],[136.6032,36.6283],[136.6131,36.6391],[136.6218,36.6399],[136.6461,36.6699],[136.6691,36.7013],[136.6756,36.711],[136.7017,36.7523],[136.7241,36.7901],[136.7468,36.8353],[136.7522,36.8493],[136.7577,36.8664],[136.7667,36.9021],[136.7652,36.9199],[136.7603,36.9235],[136.7549,36.9241],[136.7487,36.9309],[136.7609,36.9435],[136.7602,36.9488],[136.7554,36.9514],[136.7629,36.953],[136.7682,36.9639],[136.7702,36.9815],[136.7656,36.9865],[136.7696,36.9923],[136.7674,37.0016],[136.7558,37.0067],[136.7511,37.0105],[136.7434,37.0123],[136.7429,37.0235],[136.7461,37.0301],[136.7392,37.0327],[136.7378,37.0396],[136.7343,37.0447],[136.7299,37.0503],[136.7226,37.0557],[136.7216,37.0647],[136.7197,37.0707],[136.718,37.0781],[136.7229,37.0837],[136.7243,37.0917],[136.7294,37.0983],[136.726,37.1023],[136.7253,37.1155],[136.7269,37.1234],[136.727,37.1339],[136.721,37.1423],[136.7099,37.1492],[136.7006,37.1497],[136.698,37.1439],[136.6872,37.1376],[136.6764,37.1384],[136.6716,37.1429],[136.6701,37.1491],[136.6723,37.1551],[136.6735,37.1616],[136.6735,37.1699],[136.6761,37.1779],[136.6758,37.1887],[136.6821,37.1958],[136.678,37.1995],[136.68,37.2064],[136.6852,37.2112],[136.689,37.215],[136.6962,37.2198],[136.7004,37.2231],[136.7045,37.2303],[136.7003,37.2375],[136.7032,37.2452],[136.7095,37.2482],[136.7173,37.2532],[136.7212,37.2569],[136.7331,37.281],[136.7349,37.2862],[136.7318,37.2926],[136.7249,37.2939],[136.7257,37.3002],[136.7271,37.3064],[136.724,37.3161],[136.7216,37.3213],[136.7249,37.3275],[136.737,37.3365],[136.7379,37.3434],[136.7455,37.3428],[136.7511,37.3449],[136.7568,37.3524],[136.7515,37.3573],[136.756,37.3643],[136.764,37.3657],[136.7702,37.3674],[136.777,37.3705],[136.7835,37.3721],[136.7905,37.3745],[136.7977,37.3779],[136.8056,37.3824],[136.811,37.386],[136.821,37.3883],[136.8295,37.3899],[136.8387,37.3972],[136.8482,37.4021],[136.8571,37.4026],[136.8659,37.4054],[136.8742,37.4073],[136.8796,37.4056],[136.8895,37.4019],[136.8955,37.4055],[136.9022,37.4047],[136.9094,37.3953],[136.9243,37.3953],[136.9331,37.3991],[136.9656,37.4127],[136.9748,37.4139],[136.9821,37.4199],[136.9968,37.4251],[137.017,37.4332],[137.0291,37.433],[137.0454,37.4449],[137.0458,37.4503],[137.0538,37.4493],[137.0708,37.4548],[137.0741,37.4591],[137.081,37.4635],[137.0857,37.4663]]]]}},{"type":"Feature","properties":{"nam":"Fukui Ken","nam_ja":"\u798f\u4e95\u770c","id":18},"geometry":{"type":"MultiPolygon","coordinates":[[[[136.2437,36.2956],[136.2578,36.2889],[136.2569,36.2795],[136.2633,36.2777],[136.2617,36.2725],[136.2679,36.2695],[136.274,36.2661],[136.2809,36.265],[136.2911,36.261],[136.3002,36.2584],[136.3032,36.2543],[136.3093,36.2471],[136.315,36.2453],[136.3172,36.2406],[136.3191,36.2337],[136.3247,36.2321],[136.3318,36.2293],[136.3284,36.2215],[136.3304,36.2167],[136.3281,36.2077],[136.329,36.2021],[136.332,36.1974],[136.3367,36.1909],[136.3357,36.1846],[136.344,36.1729],[136.3505,36.1699],[136.3595,36.1655],[136.3665,36.1671],[136.3718,36.17],[136.3897,36.1675],[136.3956,36.1699],[136.4063,36.1714],[136.4114,36.1699],[136.4123,36.1647],[136.416,36.1557],[136.4244,36.1537],[136.4317,36.1435],[136.4384,36.1413],[136.4486,36.1407],[136.4565,36.1364],[136.4642,36.1383],[136.4713,36.1466],[136.4839,36.1573],[136.4894,36.159],[136.4968,36.1498],[136.5036,36.1494],[136.5122,36.147],[136.5217,36.1513],[136.5271,36.1487],[136.5382,36.1524],[136.5471,36.1533],[136.5576,36.153],[136.5634,36.1447],[136.5738,36.143],[136.5779,36.1396],[136.5819,36.1363],[136.5867,36.1343],[136.5921,36.1314],[136.603,36.1278],[136.6055,36.1204],[136.6122,36.1154],[136.6172,36.1067],[136.631,36.1005],[136.6378,36.0988],[136.6443,36.0961],[136.6514,36.0913],[136.653,36.0865],[136.6567,36.083],[136.6552,36.0757],[136.6586,36.0708],[136.6637,36.0676],[136.669,36.0681],[136.6745,36.0677],[136.6815,36.0711],[136.6905,36.0727],[136.6961,36.0741],[136.7015,36.0753],[136.7081,36.0793],[136.7159,36.0819],[136.7259,36.0816],[136.739,36.0807],[136.7468,36.0855],[136.754,36.0864],[136.7579,36.081],[136.7626,36.0753],[136.7638,36.0677],[136.7529,36.0631],[136.7468,36.0611],[136.7398,36.0571],[136.733,36.0493],[136.7355,36.0402],[136.7336,36.0289],[136.7339,36.0219],[136.7317,36.0145],[136.7289,36.0097],[136.729,36.0032],[136.7264,35.9959],[136.7468,35.9913],[136.7531,35.9691],[136.7495,35.9613],[136.7535,35.9563],[136.7691,35.951],[136.7763,35.9513],[136.7842,35.9488],[136.7915,35.9467],[136.7846,35.929],[136.7901,35.921],[136.7992,35.9199],[136.8054,35.9132],[136.8116,35.9125],[136.8159,35.9044],[136.8221,35.8962],[136.8225,35.8882],[136.8191,35.8819],[136.8244,35.8749],[136.8272,35.8691],[136.832,35.8581],[136.8284,35.8489],[136.816,35.8428],[136.8026,35.8439],[136.7996,35.8365],[136.7979,35.8291],[136.7982,35.8213],[136.7943,35.808],[136.7891,35.7995],[136.775,35.7993],[136.7739,35.806],[136.7645,35.8103],[136.7572,35.8097],[136.7468,35.8051],[136.7414,35.8013],[136.7358,35.8051],[136.7233,35.8082],[136.7204,35.8005],[136.7102,35.7929],[136.6993,35.7943],[136.6911,35.7903],[136.6834,35.7896],[136.6769,35.793],[136.6658,35.7852],[136.66,35.7835],[136.6544,35.7857],[136.6526,35.7967],[136.6449,35.8069],[136.6382,35.7985],[136.6327,35.7959],[136.6263,35.797],[136.6272,35.7916],[136.6218,35.7869],[136.6124,35.7888],[136.6029,35.795],[136.5956,35.7958],[136.5897,35.7956],[136.5858,35.7915],[136.5854,35.785],[136.5783,35.7815],[136.5709,35.7776],[136.5602,35.7794],[136.5525,35.7807],[136.5461,35.7793],[136.5375,35.7811],[136.5233,35.7883],[136.5163,35.7778],[136.5126,35.7731],[136.5134,35.7624],[136.5087,35.7576],[136.5057,35.7504],[136.5014,35.7532],[136.4968,35.7608],[136.4864,35.7727],[136.4749,35.7736],[136.4692,35.7731],[136.4617,35.778],[136.452,35.7766],[136.4456,35.7731],[136.4331,35.7747],[136.4267,35.7775],[136.4156,35.7825],[136.4092,35.7805],[136.4002,35.789],[136.3902,35.7881],[136.3775,35.7952],[136.3718,35.7924],[136.3567,35.7869],[136.3521,35.7831],[136.3467,35.7769],[136.3362,35.7745],[136.3283,35.7751],[136.3239,35.7679],[136.3195,35.7532],[136.3227,35.7458],[136.3257,35.7327],[136.3245,35.7271],[136.3207,35.7235],[136.3236,35.7169],[136.3114,35.7119],[136.3105,35.7063],[136.3055,35.7013],[136.2979,35.6929],[136.2916,35.6908],[136.2917,35.6851],[136.2986,35.6777],[136.2902,35.6725],[136.2903,35.6671],[136.2806,35.6587],[136.271,35.6661],[136.2658,35.6699],[136.2582,35.6713],[136.2505,35.676],[136.2367,35.6799],[136.232,35.6826],[136.2273,35.6805],[136.2182,35.6845],[136.2127,35.6822],[136.2088,35.6867],[136.2014,35.6885],[136.1952,35.6958],[136.1911,35.7013],[136.185,35.7037],[136.1746,35.7035],[136.168,35.7028],[136.1658,35.698],[136.1571,35.7002],[136.15,35.6978],[136.147,35.6873],[136.1415,35.6791],[136.1342,35.6699],[136.1477,35.6625],[136.15,35.6551],[136.1558,35.6417],[136.1584,35.6354],[136.1598,35.6264],[136.1659,35.6188],[136.1767,35.5961],[136.1703,35.5865],[136.1693,35.5769],[136.1685,35.5655],[136.1632,35.5707],[136.1524,35.5727],[136.1452,35.5706],[136.1395,35.575],[136.134,35.5751],[136.1218,35.5762],[136.1167,35.5816],[136.1123,35.5755],[136.1086,35.5691],[136.1101,35.5613],[136.1061,35.5566],[136.1087,35.5459],[136.1067,35.5393],[136.1061,35.5321],[136.0983,35.5341],[136.0935,35.5371],[136.0831,35.5404],[136.0778,35.5353],[136.0699,35.5266],[136.0628,35.5283],[136.0571,35.5325],[136.0491,35.5346],[136.046,35.5303],[136.0402,35.5323],[136.0261,35.5296],[136.028,35.5241],[136.0201,35.5123],[136.0117,35.5032],[136.0059,35.4916],[135.9968,35.4922],[135.9907,35.4925],[135.9842,35.4892],[135.9749,35.4959],[135.9684,35.5024],[135.9634,35.5015],[135.9575,35.5057],[135.9517,35.5085],[135.9467,35.5204],[135.9398,35.5204],[135.934,35.5032],[135.93,35.4929],[135.9241,35.4895],[135.9228,35.4839],[135.9213,35.4768],[135.9164,35.4696],[135.9143,35.4525],[135.9101,35.4478],[135.9126,35.4427],[135.9131,35.4314],[135.9041,35.4297],[135.8927,35.4199],[135.8904,35.4038],[135.8738,35.3971],[135.8679,35.3955],[135.8616,35.3951],[135.8544,35.4004],[135.8549,35.407],[135.8393,35.4141],[135.8274,35.4143],[135.8215,35.4136],[135.8151,35.4131],[135.808,35.3959],[135.8071,35.3853],[135.8,35.3851],[135.7905,35.3867],[135.7907,35.3793],[135.7788,35.3725],[135.7761,35.3655],[135.7684,35.3561],[135.7595,35.3535],[135.7468,35.358],[135.7408,35.3583],[135.7362,35.3512],[135.7299,35.3514],[135.7185,35.3553],[135.7112,35.3495],[135.7055,35.3461],[135.7007,35.3437],[135.6905,35.3469],[135.6838,35.348],[135.675,35.3507],[135.6707,35.3541],[135.6614,35.3563],[135.6526,35.3599],[135.6419,35.3668],[135.6372,35.3641],[135.6218,35.3697],[135.6145,35.371],[135.607,35.3708],[135.6013,35.3717],[135.5958,35.3727],[135.5877,35.3683],[135.5797,35.3742],[135.5744,35.3746],[135.5688,35.3753],[135.5579,35.3769],[135.5504,35.3771],[135.534,35.3775],[135.5285,35.3797],[135.5264,35.3855],[135.53,35.3915],[135.5248,35.4023],[135.5282,35.4074],[135.5257,35.4199],[135.5164,35.4222],[135.5112,35.4243],[135.5029,35.4205],[135.4968,35.4249],[135.4968,35.4314],[135.4968,35.4377],[135.4886,35.4387],[135.4857,35.4486],[135.4699,35.4545],[135.4637,35.462],[135.4591,35.4675],[135.4588,35.4725],[135.4674,35.4841],[135.4711,35.4896],[135.4724,35.5003],[135.4743,35.507],[135.4675,35.5093],[135.4629,35.5133],[135.4508,35.5209],[135.454,35.5359],[135.4578,35.5417],[135.4599,35.5472],[135.4646,35.5509],[135.4865,35.558],[135.4807,35.5524],[135.4781,35.5427],[135.4734,35.5399],[135.4718,35.5349],[135.4685,35.5299],[135.4793,35.5351],[135.478,35.5263],[135.4835,35.5231],[135.4897,35.5303],[135.4921,35.5241],[135.5012,35.5238],[135.5029,35.5307],[135.5073,35.5351],[135.5036,35.5399],[135.4968,35.5391],[135.5011,35.5419],[135.4987,35.5501],[135.5038,35.5499],[135.5088,35.5494],[135.5153,35.5507],[135.5142,35.5353],[135.5158,35.5269],[135.5133,35.5162],[135.5097,35.5098],[135.5082,35.5032],[135.5144,35.4953],[135.5342,35.4889],[135.5457,35.4937],[135.5514,35.4971],[135.5584,35.4903],[135.5678,35.4922],[135.5756,35.4932],[135.577,35.4992],[135.5923,35.5032],[135.6022,35.5139],[135.6088,35.5181],[135.619,35.5199],[135.6198,35.5259],[135.6275,35.5333],[135.631,35.5375],[135.6383,35.5385],[135.6465,35.5429],[135.6561,35.5462],[135.662,35.5448],[135.6629,35.5391],[135.665,35.5337],[135.6689,35.5252],[135.6615,35.5277],[135.657,35.5313],[135.6505,35.5291],[135.6366,35.5209],[135.6282,35.5219],[135.6361,35.5189],[135.6367,35.5139],[135.6419,35.5081],[135.6359,35.5032],[135.631,35.4977],[135.6271,35.4919],[135.6218,35.4923],[135.6103,35.4917],[135.6024,35.4911],[135.5937,35.4947],[135.5863,35.4943],[135.5807,35.4899],[135.592,35.4904],[135.5969,35.4877],[135.6045,35.4824],[135.6096,35.4809],[135.6139,35.4841],[135.62,35.486],[135.6317,35.4785],[135.6385,35.4783],[135.6474,35.4784],[135.6527,35.4785],[135.6596,35.4901],[135.6663,35.4896],[135.675,35.4876],[135.687,35.4878],[135.7,35.4935],[135.7063,35.4895],[135.7112,35.4836],[135.7165,35.4844],[135.72,35.4919],[135.7255,35.4919],[135.7336,35.4929],[135.742,35.5026],[135.7468,35.5112],[135.7506,35.5302],[135.7549,35.5328],[135.7625,35.5309],[135.7639,35.5361],[135.7587,35.5387],[135.7508,35.5378],[135.7468,35.5335],[135.7363,35.5351],[135.7348,35.5271],[135.7299,35.5246],[135.7251,35.5219],[135.7183,35.5202],[135.7165,35.5295],[135.7169,35.5401],[135.7104,35.5428],[135.7005,35.5443],[135.6943,35.5432],[135.6888,35.5496],[135.7034,35.5592],[135.7076,35.5637],[135.7132,35.569],[135.7232,35.5691],[135.7325,35.5709],[135.7412,35.5692],[135.7439,35.5649],[135.7519,35.5593],[135.7531,35.553],[135.7574,35.543],[135.7671,35.5429],[135.771,35.5468],[135.7667,35.5503],[135.7646,35.5568],[135.7752,35.5495],[135.782,35.5463],[135.7865,35.5416],[135.7926,35.5417],[135.7889,35.5379],[135.7897,35.5305],[135.7979,35.5251],[135.8044,35.533],[135.8067,35.5276],[135.8156,35.5316],[135.8123,35.537],[135.8182,35.5373],[135.8216,35.5336],[135.8336,35.5363],[135.831,35.5418],[135.8252,35.5523],[135.8168,35.557],[135.8131,35.5622],[135.8051,35.5642],[135.8011,35.5713],[135.8093,35.5715],[135.8104,35.5769],[135.8147,35.5715],[135.8229,35.5711],[135.8272,35.5651],[135.8337,35.5621],[135.8393,35.5632],[135.8425,35.5705],[135.8492,35.5715],[135.8538,35.5785],[135.8544,35.5865],[135.8557,35.5917],[135.8536,35.603],[135.8445,35.6016],[135.8405,35.6081],[135.8323,35.6031],[135.8287,35.6075],[135.8354,35.616],[135.8384,35.621],[135.824,35.6242],[135.8311,35.6299],[135.8223,35.6375],[135.8152,35.6325],[135.8135,35.6392],[135.8223,35.6441],[135.8283,35.6389],[135.8338,35.6367],[135.845,35.6357],[135.8431,35.6281],[135.8475,35.6232],[135.853,35.6245],[135.8588,35.6233],[135.8568,35.6167],[135.8599,35.6106],[135.8658,35.6086],[135.8718,35.6096],[135.8783,35.6149],[135.8838,35.6175],[135.8914,35.6131],[135.8941,35.6195],[135.8981,35.6237],[135.9065,35.6248],[135.9088,35.6135],[135.9127,35.6095],[135.9212,35.6095],[135.9375,35.6145],[135.9407,35.6189],[135.9445,35.6223],[135.9503,35.6278],[135.9484,35.6329],[135.9539,35.6341],[135.9581,35.6269],[135.9621,35.6223],[135.97,35.6231],[135.9801,35.6299],[135.9859,35.6414],[135.9783,35.6496],[135.9741,35.6551],[135.969,35.6564],[135.9636,35.6563],[135.9666,35.6607],[135.9684,35.6699],[135.9697,35.6753],[135.9766,35.6847],[135.9757,35.696],[135.9716,35.7028],[135.9709,35.7118],[135.9633,35.7097],[135.9663,35.7024],[135.9555,35.703],[135.9589,35.7154],[135.9539,35.7205],[135.9583,35.727],[135.9643,35.7302],[135.9682,35.7351],[135.9734,35.7353],[135.9797,35.7329],[135.9931,35.7477],[136.0001,35.7501],[136.0078,35.7532],[136.013,35.7588],[136.0169,35.7639],[136.0248,35.756],[136.0301,35.7532],[136.0374,35.7389],[136.0246,35.7493],[136.0255,35.7427],[136.0373,35.7278],[136.0358,35.7199],[136.0387,35.7157],[136.0375,35.7103],[136.0416,35.7059],[136.0412,35.6984],[136.0439,35.6921],[136.0373,35.6945],[136.0292,35.6895],[136.025,35.6806],[136.0347,35.6755],[136.042,35.6699],[136.0447,35.6639],[136.0436,35.6587],[136.0508,35.6568],[136.0633,35.6585],[136.0686,35.66],[136.0737,35.6625],[136.0781,35.6699],[136.0774,35.6782],[136.0713,35.6795],[136.0816,35.6799],[136.0857,35.6851],[136.0816,35.6887],[136.0807,35.6979],[136.079,35.7047],[136.0843,35.7075],[136.0911,35.7101],[136.0912,35.7158],[136.0973,35.7241],[136.0963,35.7357],[136.0861,35.7383],[136.0905,35.7418],[136.0976,35.7448],[136.1011,35.7532],[136.0979,35.7654],[136.1,35.7771],[136.0947,35.7852],[136.0862,35.7992],[136.0779,35.81],[136.0694,35.8249],[136.0623,35.8293],[136.053,35.8365],[136.0463,35.8409],[136.0424,35.8457],[136.0339,35.8533],[136.0108,35.8724],[136.0035,35.8788],[135.9987,35.8821],[135.9968,35.8871],[135.9934,35.8944],[135.9968,35.9007],[135.9968,35.9059],[135.9956,35.9119],[135.9968,35.9193],[135.9968,35.9355],[135.9923,35.9403],[135.9854,35.9445],[135.986,35.9495],[135.9812,35.9543],[135.9702,35.9619],[135.9679,35.9678],[135.9583,35.9761],[135.9575,35.9816],[135.9618,35.9861],[135.9633,35.9916],[135.9639,35.9977],[135.9679,36.0013],[135.9729,36.0032],[135.9819,36.0089],[135.9968,36.0193],[136.0006,36.0245],[136.0108,36.0341],[136.0113,36.0404],[136.0106,36.0456],[136.0153,36.0489],[136.0191,36.0589],[136.0196,36.0643],[136.0216,36.0717],[136.0305,36.0865],[136.0282,36.0958],[136.0338,36.1031],[136.0468,36.1085],[136.0492,36.1177],[136.0542,36.1234],[136.0575,36.1299],[136.0651,36.1323],[136.0813,36.1429],[136.095,36.1568],[136.091,36.1602],[136.0976,36.1699],[136.1141,36.1927],[136.1205,36.1901],[136.1272,36.1905],[136.1326,36.2021],[136.1269,36.1995],[136.1218,36.2009],[136.132,36.2141],[136.1295,36.2192],[136.131,36.2247],[136.1247,36.2374],[136.1311,36.2406],[136.1266,36.2455],[136.1232,36.2493],[136.137,36.2506],[136.1436,36.2532],[136.1531,36.2532],[136.1589,36.2501],[136.1726,36.2532],[136.1828,36.2579],[136.196,36.2644],[136.2353,36.2879],[136.2437,36.2956]]]]}},{"type":"Feature","properties":{"nam":"Ehime Ken","nam_ja":"\u611b\u5a9b\u770c","id":38},"geometry":{"type":"MultiPolygon","coordinates":[[[[132.5306,33.6375],[132.5723,33.65],[132.5809,33.6521],[132.5941,33.6593],[132.6098,33.6699],[132.6162,33.6755],[132.6218,33.6781],[132.6367,33.6892],[132.6436,33.6915],[132.6514,33.6966],[132.661,33.7076],[132.6622,33.7131],[132.6735,33.7303],[132.6768,33.7441],[132.693,33.7532],[132.6979,33.7593],[132.696,33.7661],[132.6978,33.7763],[132.6969,33.782],[132.6996,33.787],[132.6938,33.7859],[132.6893,33.7882],[132.6875,33.7932],[132.6895,33.8007],[132.6864,33.8047],[132.6827,33.8083],[132.6845,33.8141],[132.6891,33.8089],[132.6951,33.8098],[132.6923,33.8169],[132.6923,33.8239],[132.6912,33.8293],[132.6869,33.8327],[132.6936,33.8337],[132.6942,33.8397],[132.6991,33.8428],[132.7006,33.8517],[132.7096,33.8541],[132.7077,33.8611],[132.7059,33.8669],[132.7134,33.8652],[132.7041,33.8763],[132.698,33.8779],[132.7002,33.8855],[132.7048,33.8904],[132.7089,33.9072],[132.7197,33.9043],[132.729,33.9039],[132.7364,33.9031],[132.7468,33.9057],[132.7527,33.9093],[132.7562,33.9158],[132.7562,33.9235],[132.7612,33.9365],[132.7643,33.9419],[132.7697,33.9598],[132.7694,33.9753],[132.7704,33.9809],[132.7737,33.9883],[132.7711,33.9956],[132.7648,33.9981],[132.7759,34.0032],[132.7834,34.0075],[132.7884,34.0093],[132.799,34.01],[132.8078,34.0188],[132.8171,34.0237],[132.8226,34.0267],[132.8294,34.0331],[132.836,34.034],[132.8418,34.0423],[132.8484,34.0443],[132.8568,34.0548],[132.8645,34.0595],[132.8707,34.0569],[132.8761,34.0574],[132.8865,34.0593],[132.9,34.0675],[132.9115,34.0625],[132.9177,34.0647],[132.9205,34.0722],[132.921,34.0836],[132.9256,34.0887],[132.9306,34.0941],[132.9261,34.1077],[132.9176,34.111],[132.9121,34.1126],[132.9048,34.1133],[132.8986,34.1095],[132.8948,34.1171],[132.9021,34.1197],[132.9087,34.1197],[132.9138,34.1212],[132.9215,34.1163],[132.9285,34.1234],[132.9377,34.1365],[132.9408,34.142],[132.9444,34.138],[132.9477,34.132],[132.9521,34.1252],[132.9589,34.1205],[132.9675,34.1131],[132.9685,34.1073],[132.9723,34.1151],[132.9803,34.106],[132.9832,34.0983],[132.9879,34.095],[132.9929,34.0865],[132.9968,34.0795],[133.002,34.0721],[133.008,34.0697],[133.0152,34.0647],[133.0207,34.0612],[133.0243,34.0522],[133.0313,34.052],[133.0294,34.0449],[133.0364,34.0377],[133.0404,34.0273],[133.0469,34.0157],[133.0518,34.0058],[133.0588,33.9955],[133.0662,33.9826],[133.0609,33.9791],[133.0636,33.9737],[133.0697,33.9712],[133.0838,33.9578],[133.088,33.9502],[133.0934,33.9485],[133.0923,33.9407],[133.0969,33.9431],[133.1071,33.9478],[133.1186,33.9411],[133.1152,33.9368],[133.1119,33.9306],[133.1183,33.9245],[133.1177,33.9314],[133.1192,33.9365],[133.1252,33.9414],[133.1254,33.9314],[133.1331,33.9271],[133.1501,33.9305],[133.1674,33.9381],[133.17,33.9335],[133.1708,33.9275],[133.1751,33.9308],[133.1713,33.9397],[133.1952,33.9452],[133.1978,33.9359],[133.1991,33.9459],[133.2337,33.9517],[133.2425,33.9565],[133.2468,33.9593],[133.2541,33.9563],[133.2484,33.9605],[133.255,33.9615],[133.2501,33.9641],[133.2479,33.9753],[133.255,33.9806],[133.2605,33.9771],[133.2602,33.9656],[133.2672,33.9698],[133.2694,33.9751],[133.2674,33.9797],[133.2761,33.9807],[133.2812,33.987],[133.2852,33.9801],[133.2938,33.9818],[133.3056,33.9829],[133.3165,33.9885],[133.3247,33.9937],[133.3299,33.9887],[133.3312,33.9823],[133.3386,33.98],[133.3366,33.9919],[133.3436,33.991],[133.348,33.9872],[133.3461,33.9824],[133.356,33.9789],[133.3718,33.9811],[133.3882,33.9857],[133.3943,33.9911],[133.4019,33.9884],[133.4102,33.9907],[133.4127,33.9862],[133.4294,33.9864],[133.4374,33.9841],[133.4424,33.9795],[133.4498,33.9816],[133.4637,33.9767],[133.4716,33.9738],[133.4794,33.972],[133.4884,33.9692],[133.4968,33.9697],[133.5018,33.9727],[133.5089,33.9734],[133.514,33.9712],[133.5237,33.9762],[133.5291,33.984],[133.5347,33.9843],[133.5403,33.9856],[133.547,33.9919],[133.5513,33.9947],[133.5408,34.0032],[133.5448,34.0069],[133.5518,34.0032],[133.5531,34.0099],[133.5596,34.0071],[133.5618,34.015],[133.5685,34.0166],[133.567,34.0229],[133.5736,34.0207],[133.5855,34.0341],[133.5979,34.0436],[133.6037,34.0359],[133.6108,34.0332],[133.6188,34.035],[133.6267,34.0375],[133.6343,34.0296],[133.6393,34.0259],[133.6449,34.0274],[133.6542,34.0284],[133.6596,34.0275],[133.6658,34.0263],[133.6707,34.0219],[133.6776,34.0171],[133.6841,34.0072],[133.6815,33.9994],[133.6777,33.9948],[133.6745,33.9835],[133.6814,33.9835],[133.6827,33.9757],[133.6801,33.9696],[133.6837,33.9641],[133.6918,33.962],[133.6872,33.954],[133.692,33.9458],[133.6856,33.939],[133.6754,33.9311],[133.6853,33.9255],[133.6885,33.9199],[133.6792,33.9096],[133.6747,33.902],[133.6774,33.8936],[133.6683,33.8874],[133.6603,33.8835],[133.6455,33.883],[133.6354,33.8802],[133.6276,33.8721],[133.6218,33.8741],[133.6113,33.8797],[133.6063,33.8814],[133.5974,33.8803],[133.5891,33.8737],[133.5826,33.8676],[133.5713,33.8694],[133.5622,33.8751],[133.5567,33.8821],[133.5427,33.8789],[133.537,33.8729],[133.5357,33.8663],[133.5267,33.8622],[133.5248,33.8533],[133.5182,33.8479],[133.5091,33.8481],[133.5073,33.8431],[133.5068,33.8365],[133.5,33.8301],[133.4927,33.8321],[133.4862,33.8295],[133.4736,33.8338],[133.4644,33.8345],[133.4552,33.8365],[133.4484,33.8331],[133.4404,33.8337],[133.427,33.8365],[133.4154,33.8397],[133.4064,33.8365],[133.3914,33.8247],[133.3718,33.8287],[133.3655,33.8307],[133.3552,33.8342],[133.3463,33.8259],[133.333,33.8214],[133.3258,33.8145],[133.3107,33.8156],[133.2931,33.8287],[133.2839,33.8315],[133.2767,33.8308],[133.27,33.8262],[133.2613,33.8122],[133.2613,33.8061],[133.2569,33.7943],[133.251,33.7893],[133.2365,33.7828],[133.2205,33.7803],[133.2053,33.7943],[133.1932,33.7937],[133.1897,33.7867],[133.187,33.78],[133.1824,33.772],[133.1821,33.7667],[133.1776,33.764],[133.1726,33.7589],[133.1646,33.7566],[133.1573,33.7502],[133.1587,33.7386],[133.1605,33.7314],[133.147,33.7231],[133.1394,33.7154],[133.1444,33.7055],[133.1366,33.7014],[133.1258,33.6984],[133.1218,33.6924],[133.1197,33.6876],[133.1196,33.682],[133.1202,33.6753],[133.119,33.6699],[133.1161,33.6603],[133.1068,33.657],[133.1013,33.6576],[133.0911,33.6572],[133.0845,33.655],[133.0768,33.6534],[133.0735,33.6451],[133.0704,33.6372],[133.0688,33.6295],[133.0676,33.6199],[133.0716,33.6155],[133.0761,33.6132],[133.079,33.6086],[133.071,33.6021],[133.0657,33.6002],[133.0553,33.595],[133.0546,33.5897],[133.0503,33.5865],[133.046,33.5754],[133.0504,33.5718],[133.0612,33.562],[133.063,33.5435],[133.054,33.5359],[133.038,33.5266],[133.0374,33.5185],[133.029,33.5072],[133.0252,33.5032],[133.0132,33.4905],[133.0148,33.4808],[132.9968,33.4757],[132.9884,33.4737],[132.9797,33.4727],[132.972,33.4697],[132.9557,33.4663],[132.9468,33.4683],[132.9402,33.4717],[132.9298,33.4691],[132.9159,33.4677],[132.9001,33.4703],[132.8945,33.4712],[132.8874,33.4727],[132.8813,33.4717],[132.8718,33.4709],[132.8666,33.4719],[132.8474,33.4791],[132.8398,33.4748],[132.8342,33.4741],[132.8207,33.4726],[132.8152,33.4644],[132.8063,33.4605],[132.8077,33.4544],[132.825,33.4462],[132.8267,33.4399],[132.8233,33.4311],[132.8244,33.4236],[132.8335,33.4199],[132.8317,33.4137],[132.8357,33.3995],[132.8417,33.3976],[132.8469,33.398],[132.8552,33.3925],[132.8524,33.3881],[132.856,33.3809],[132.8606,33.3675],[132.8664,33.3677],[132.8718,33.3647],[132.8811,33.3622],[132.8879,33.3579],[132.895,33.3487],[132.9015,33.3386],[132.9013,33.3333],[132.9009,33.3271],[132.8998,33.3207],[132.8951,33.3121],[132.8813,33.3067],[132.8718,33.3047],[132.8546,33.2922],[132.8405,33.2875],[132.8325,33.2857],[132.8241,33.2821],[132.8177,33.2835],[132.8104,33.2796],[132.797,33.2742],[132.7867,33.2669],[132.781,33.2565],[132.7776,33.2484],[132.7724,33.2417],[132.7737,33.2297],[132.7706,33.2223],[132.7719,33.2165],[132.775,33.2062],[132.7691,33.2041],[132.7593,33.2019],[132.7502,33.2025],[132.7409,33.2007],[132.7381,33.196],[132.7408,33.19],[132.7367,33.1825],[132.7278,33.1699],[132.72,33.1669],[132.7174,33.1615],[132.7109,33.155],[132.7052,33.1501],[132.6963,33.1438],[132.6955,33.1383],[132.6869,33.1349],[132.6817,33.1408],[132.6714,33.1507],[132.6637,33.1536],[132.66,33.1577],[132.6467,33.1699],[132.6406,33.1726],[132.6338,33.1783],[132.6364,33.1845],[132.6218,33.1825],[132.6188,33.1749],[132.6145,33.1699],[132.6218,33.1602],[132.6257,33.1562],[132.6307,33.1501],[132.6287,33.1383],[132.6289,33.1323],[132.6352,33.1329],[132.6407,33.1247],[132.645,33.1179],[132.6515,33.1117],[132.6627,33.1089],[132.666,33.0977],[132.6691,33.0865],[132.6665,33.0818],[132.6687,33.0717],[132.6655,33.0656],[132.657,33.057],[132.6684,33.0465],[132.6754,33.0397],[132.6777,33.033],[132.6757,33.0239],[132.6761,33.0151],[132.6834,33.0032],[132.6861,32.9981],[132.6816,32.9948],[132.684,32.9821],[132.6859,32.9772],[132.6866,32.9685],[132.686,32.9633],[132.6809,32.9645],[132.6817,32.9591],[132.6838,32.9495],[132.6779,32.9432],[132.6668,32.9423],[132.6605,32.9422],[132.6549,32.9407],[132.6546,32.9347],[132.6546,32.9249],[132.6496,32.927],[132.6337,32.9243],[132.6264,32.9228],[132.6191,32.9197],[132.614,32.9192],[132.6081,32.9153],[132.5977,32.9126],[132.5983,32.9199],[132.5902,32.9249],[132.5856,32.9346],[132.592,32.9417],[132.6018,32.9439],[132.5907,32.945],[132.5794,32.9432],[132.5727,32.946],[132.5667,32.9471],[132.5632,32.9433],[132.5576,32.9466],[132.5481,32.9453],[132.5489,32.9393],[132.5554,32.9368],[132.5611,32.9359],[132.5686,32.9298],[132.5607,32.9297],[132.5548,32.9336],[132.5428,32.935],[132.5351,32.9395],[132.5373,32.9469],[132.5312,32.9485],[132.5259,32.9449],[132.5185,32.9491],[132.5099,32.9485],[132.5047,32.9473],[132.5045,32.9411],[132.5149,32.9412],[132.5242,32.9336],[132.5178,32.9322],[132.508,32.9263],[132.4975,32.9199],[132.4999,32.9145],[132.5084,32.916],[132.5128,32.9188],[132.5249,32.9199],[132.5265,32.9148],[132.5183,32.9109],[132.5165,32.904],[132.5097,32.9031],[132.4968,32.9046],[132.4912,32.8981],[132.4855,32.9037],[132.4775,32.9046],[132.4721,32.9067],[132.4766,32.9091],[132.4753,32.917],[132.4741,32.9226],[132.4711,32.9289],[132.4692,32.9355],[132.4626,32.9359],[132.4648,32.9425],[132.4716,32.9396],[132.4767,32.9379],[132.4826,32.9387],[132.4839,32.9444],[132.49,32.9398],[132.4945,32.9422],[132.4933,32.9472],[132.5023,32.9557],[132.4968,32.9575],[132.4883,32.9601],[132.4816,32.9612],[132.4782,32.9683],[132.4704,32.9686],[132.4773,32.9721],[132.4859,32.9751],[132.484,32.9803],[132.49,32.9831],[132.4968,32.9875],[132.4939,32.9829],[132.499,32.9818],[132.5045,32.9795],[132.4995,32.9792],[132.4955,32.9743],[132.5024,32.9728],[132.4968,32.9663],[132.5043,32.9627],[132.5075,32.9676],[132.5156,32.9606],[132.5229,32.9647],[132.5266,32.9597],[132.5299,32.9654],[132.5499,32.9569],[132.5509,32.9619],[132.544,32.9659],[132.5369,32.9735],[132.531,32.9735],[132.524,32.9773],[132.5181,32.9767],[132.5107,32.9799],[132.5004,32.9929],[132.5022,33.0007],[132.5019,33.0079],[132.4968,33.0107],[132.491,33.0165],[132.4896,33.0107],[132.4827,33.0227],[132.482,33.0319],[132.4842,33.0439],[132.4813,33.0491],[132.4737,33.0425],[132.4704,33.0488],[132.4587,33.0459],[132.4531,33.0477],[132.4492,33.0411],[132.4513,33.035],[132.4448,33.0419],[132.4394,33.0487],[132.4325,33.0513],[132.4299,33.0453],[132.4285,33.0527],[132.4225,33.0547],[132.4168,33.0579],[132.4086,33.0559],[132.4068,33.0491],[132.4095,33.0447],[132.4113,33.0387],[132.406,33.0371],[132.411,33.0273],[132.4047,33.0285],[132.3991,33.0245],[132.3963,33.0152],[132.3927,33.0195],[132.387,33.0201],[132.3824,33.0181],[132.3777,33.0227],[132.383,33.0264],[132.3889,33.0255],[132.3947,33.0275],[132.3975,33.0349],[132.3962,33.0408],[132.4028,33.0439],[132.4028,33.0509],[132.3966,33.054],[132.4054,33.0616],[132.4034,33.0685],[132.414,33.0724],[132.4122,33.0631],[132.4185,33.0643],[132.4244,33.0671],[132.4271,33.0621],[132.4307,33.056],[132.4377,33.0559],[132.4433,33.0645],[132.4478,33.0623],[132.4478,33.0559],[132.4546,33.0566],[132.4585,33.0604],[132.4632,33.0627],[132.4703,33.0607],[132.4781,33.0647],[132.4789,33.0563],[132.482,33.0625],[132.4881,33.0651],[132.4793,33.071],[132.4847,33.0767],[132.4779,33.084],[132.4719,33.0819],[132.4732,33.0731],[132.4665,33.0762],[132.461,33.0758],[132.4672,33.0787],[132.4666,33.086],[132.4606,33.0865],[132.462,33.0931],[132.4662,33.0899],[132.4772,33.0942],[132.47,33.099],[132.4743,33.1069],[132.4684,33.1094],[132.4665,33.1176],[132.4596,33.1224],[132.4514,33.1219],[132.46,33.126],[132.4652,33.1263],[132.4722,33.1211],[132.4694,33.1148],[132.4733,33.1206],[132.4794,33.1213],[132.4901,33.1203],[132.4968,33.1202],[132.5013,33.1304],[132.5,33.1354],[132.4861,33.1366],[132.4771,33.1413],[132.4777,33.1362],[132.4714,33.1405],[132.4644,33.1387],[132.4525,33.1422],[132.4546,33.1367],[132.4517,33.1321],[132.4471,33.1347],[132.4407,33.1377],[132.443,33.1471],[132.4241,33.1559],[132.4319,33.1533],[132.4325,33.161],[132.4346,33.1665],[132.4403,33.1683],[132.4485,33.1747],[132.4546,33.1711],[132.4597,33.1689],[132.4571,33.1781],[132.4468,33.1841],[132.4466,33.1927],[132.439,33.1851],[132.4362,33.1898],[132.4355,33.1955],[132.4313,33.1997],[132.4261,33.2047],[132.4212,33.2085],[132.4143,33.2043],[132.4055,33.2051],[132.4155,33.2081],[132.42,33.2141],[132.4244,33.2099],[132.4323,33.2095],[132.4379,33.2057],[132.4431,33.2047],[132.4461,33.2005],[132.4514,33.205],[132.4577,33.2107],[132.4563,33.2059],[132.4566,33.1978],[132.4564,33.1919],[132.4599,33.182],[132.4645,33.1776],[132.4701,33.1761],[132.4766,33.1842],[132.484,33.1827],[132.478,33.1758],[132.4838,33.1759],[132.4764,33.1699],[132.485,33.1675],[132.4897,33.1699],[132.4954,33.1713],[132.4952,33.1765],[132.4923,33.1837],[132.4984,33.1803],[132.5032,33.1761],[132.505,33.1699],[132.5113,33.1699],[132.5099,33.1759],[132.5085,33.1827],[132.5079,33.1885],[132.5076,33.1941],[132.5006,33.1909],[132.4893,33.1959],[132.4998,33.1938],[132.5046,33.1989],[132.4988,33.2021],[132.5032,33.2066],[132.5112,33.2131],[132.5225,33.2142],[132.5297,33.2144],[132.5356,33.2166],[132.5432,33.2134],[132.5401,33.2184],[132.5381,33.2255],[132.5455,33.2217],[132.5527,33.2194],[132.5595,33.2221],[132.5508,33.2249],[132.558,33.2255],[132.5504,33.2267],[132.5529,33.2366],[132.5457,33.2328],[132.5389,33.2351],[132.5319,33.2399],[132.5232,33.2449],[132.5214,33.2514],[132.5261,33.2532],[132.539,33.2572],[132.5417,33.2632],[132.5421,33.2706],[132.5368,33.2722],[132.5344,33.265],[132.5249,33.2629],[132.5187,33.2612],[132.5125,33.2652],[132.5148,33.2607],[132.5091,33.2591],[132.5019,33.2688],[132.4968,33.2703],[132.4892,33.2692],[132.4811,33.2744],[132.4758,33.2703],[132.4815,33.2675],[132.4773,33.2629],[132.4738,33.2554],[132.4683,33.2552],[132.4702,33.2605],[132.4745,33.2667],[132.4741,33.2747],[132.4793,33.2806],[132.4818,33.2852],[132.4886,33.2935],[132.4968,33.2981],[132.5044,33.3022],[132.511,33.3048],[132.5168,33.3057],[132.5258,33.3055],[132.5254,33.3119],[132.5195,33.3149],[132.5128,33.3185],[132.5068,33.3156],[132.4977,33.3117],[132.4954,33.3187],[132.4921,33.3255],[132.4883,33.3192],[132.4802,33.319],[132.4835,33.3151],[132.4669,33.3188],[132.4689,33.3137],[132.4635,33.3116],[132.4518,33.3088],[132.4422,33.3116],[132.4337,33.3171],[132.4249,33.3143],[132.4231,33.3087],[132.4173,33.3033],[132.413,33.3062],[132.3995,33.3093],[132.3988,33.3147],[132.3923,33.3194],[132.3849,33.3194],[132.3783,33.321],[132.3718,33.3178],[132.3688,33.3224],[132.3706,33.3283],[132.3756,33.3365],[132.382,33.3379],[132.3848,33.3432],[132.3854,33.3377],[132.3904,33.3388],[132.3915,33.3472],[132.3993,33.3469],[132.4082,33.3433],[132.4082,33.3527],[132.4166,33.3537],[132.4153,33.3617],[132.4061,33.3596],[132.41,33.3651],[132.415,33.3787],[132.4188,33.3825],[132.4107,33.3843],[132.4038,33.3757],[132.3987,33.3709],[132.3832,33.3617],[132.3871,33.3661],[132.3882,33.3718],[132.3842,33.3765],[132.378,33.3846],[132.387,33.3925],[132.3941,33.3959],[132.3928,33.4011],[132.3918,33.4061],[132.3924,33.4135],[132.3871,33.417],[132.3795,33.4161],[132.3855,33.4199],[132.3966,33.4298],[132.4051,33.4237],[132.4044,33.4297],[132.4133,33.4401],[132.4024,33.4425],[132.3969,33.4407],[132.3913,33.4411],[132.3823,33.4419],[132.3886,33.4441],[132.398,33.4457],[132.4055,33.4467],[132.4117,33.4515],[132.4169,33.4559],[132.4193,33.4624],[132.4077,33.4578],[132.3974,33.4579],[132.3865,33.4596],[132.3907,33.4688],[132.3975,33.4652],[132.4005,33.4734],[132.3963,33.4765],[132.3906,33.4765],[132.3845,33.4751],[132.3791,33.4693],[132.3783,33.4599],[132.3729,33.4659],[132.3628,33.4799],[132.3516,33.4839],[132.3413,33.4846],[132.3488,33.4808],[132.3531,33.4749],[132.3378,33.4749],[132.323,33.4726],[132.3225,33.4673],[132.3178,33.4578],[132.3164,33.4515],[132.3147,33.4566],[132.3108,33.4625],[132.3058,33.4731],[132.299,33.4745],[132.2954,33.4687],[132.287,33.4635],[132.2862,33.4581],[132.282,33.4522],[132.2798,33.4469],[132.2707,33.4464],[132.265,33.443],[132.2555,33.4412],[132.2468,33.435],[132.2375,33.4262],[132.2265,33.4253],[132.2188,33.4238],[132.2133,33.4217],[132.2025,33.4151],[132.1832,33.4123],[132.1724,33.4033],[132.1668,33.3986],[132.1536,33.3904],[132.1522,33.3736],[132.1466,33.3759],[132.1353,33.3705],[132.1295,33.364],[132.1218,33.3652],[132.1025,33.3619],[132.1011,33.3669],[132.1033,33.3734],[132.1117,33.3707],[132.1138,33.3754],[132.1149,33.3816],[132.1197,33.3865],[132.1117,33.3902],[132.0954,33.3872],[132.0896,33.3845],[132.0833,33.3807],[132.0762,33.38],[132.0733,33.3747],[132.0679,33.3761],[132.0591,33.3706],[132.0508,33.3668],[132.0503,33.3609],[132.0467,33.3567],[132.0393,33.3516],[132.0298,33.3473],[132.0251,33.3445],[132.0195,33.3441],[132.0119,33.3442],[132.0174,33.3468],[132.0295,33.3555],[132.0337,33.359],[132.0375,33.3641],[132.0413,33.3678],[132.0526,33.3757],[132.0639,33.3819],[132.0772,33.3875],[132.083,33.3964],[132.0886,33.4007],[132.0979,33.4047],[132.1059,33.408],[132.1108,33.4133],[132.1153,33.4175],[132.1203,33.4199],[132.1266,33.4163],[132.1264,33.4079],[132.1329,33.403],[132.1369,33.4199],[132.1453,33.4167],[132.148,33.4113],[132.1541,33.4069],[132.1607,33.4112],[132.1658,33.4155],[132.1604,33.4258],[132.1473,33.4331],[132.1515,33.4365],[132.1558,33.4396],[132.1636,33.4302],[132.1698,33.4266],[132.175,33.4274],[132.1748,33.4338],[132.1711,33.4447],[132.1775,33.4467],[132.1834,33.4474],[132.1926,33.4423],[132.1951,33.4479],[132.1943,33.453],[132.2085,33.447],[132.2144,33.444],[132.2233,33.4445],[132.2238,33.4501],[132.225,33.4581],[132.231,33.4617],[132.2377,33.4594],[132.2468,33.4642],[132.2426,33.4589],[132.2513,33.4565],[132.2582,33.4497],[132.2644,33.4587],[132.265,33.4665],[132.2579,33.4735],[132.2662,33.4728],[132.2709,33.4772],[132.2767,33.4729],[132.281,33.4811],[132.2867,33.4801],[132.2947,33.4872],[132.3036,33.4865],[132.3066,33.4905],[132.3161,33.4933],[132.321,33.4985],[132.3277,33.5001],[132.3321,33.5032],[132.3373,33.5032],[132.3515,33.5101],[132.3565,33.5162],[132.364,33.518],[132.3697,33.5214],[132.3771,33.5243],[132.3836,33.5301],[132.3901,33.5309],[132.395,33.5359],[132.4008,33.5385],[132.4082,33.5429],[132.4132,33.5443],[132.4246,33.5515],[132.427,33.5559],[132.4325,33.5589],[132.4325,33.5671],[132.4377,33.5723],[132.4468,33.5812],[132.4529,33.5865],[132.4566,33.5937],[132.4618,33.5986],[132.4716,33.6047],[132.4745,33.6111],[132.4819,33.6172],[132.4899,33.6176],[132.4968,33.6237],[132.5072,33.6301],[132.5306,33.6375]]]]}},{"type":"Feature","properties":{"nam":"Nara Ken","nam_ja":"\u5948\u826f\u770c","id":29},"geometry":{"type":"Polygon","coordinates":[[[135.7116,34.7813],[135.7167,34.7779],[135.721,34.7744],[135.7284,34.7779],[135.7311,34.7648],[135.7334,34.7547],[135.7363,34.7497],[135.7468,34.7464],[135.7488,34.7415],[135.7567,34.7351],[135.7545,34.7279],[135.765,34.7255],[135.7738,34.7251],[135.7839,34.7242],[135.7928,34.7241],[135.7966,34.7208],[135.8034,34.7217],[135.8118,34.7163],[135.8208,34.7119],[135.8266,34.7135],[135.8323,34.713],[135.8391,34.7115],[135.8439,34.709],[135.8488,34.7074],[135.8618,34.7069],[135.8702,34.7111],[135.8765,34.7136],[135.8818,34.7136],[135.89,34.7087],[135.8956,34.725],[135.8982,34.7315],[135.9044,34.7365],[135.9131,34.7475],[135.9156,34.7532],[135.9209,34.7532],[135.9254,34.7575],[135.9234,34.7439],[135.933,34.7379],[135.9428,34.738],[135.955,34.7477],[135.9588,34.7402],[135.9663,34.7424],[135.9727,34.7415],[135.9793,34.7367],[135.9832,34.7331],[135.9849,34.7277],[135.9859,34.7151],[135.9915,34.7144],[135.9968,34.7133],[136.0055,34.7169],[136.0111,34.7149],[136.0194,34.7084],[136.0285,34.7062],[136.029,34.7137],[136.0358,34.7183],[136.0427,34.7361],[136.0526,34.7384],[136.0623,34.7287],[136.0678,34.7227],[136.07,34.7137],[136.0632,34.7085],[136.0533,34.7051],[136.0578,34.702],[136.0717,34.698],[136.0807,34.6826],[136.0855,34.6763],[136.0818,34.6699],[136.0775,34.6621],[136.0694,34.6564],[136.0635,34.6521],[136.0433,34.6611],[136.0519,34.6521],[136.0584,34.6525],[136.0633,34.6507],[136.0701,34.6407],[136.072,34.6329],[136.0691,34.6253],[136.0621,34.6196],[136.0517,34.6075],[136.0463,34.6002],[136.0501,34.5941],[136.0497,34.5871],[136.0495,34.5801],[136.0579,34.577],[136.061,34.569],[136.0662,34.5673],[136.0735,34.5667],[136.0791,34.5632],[136.0891,34.5586],[136.0963,34.5574],[136.1059,34.5571],[136.1142,34.5459],[136.1218,34.5482],[136.1359,34.5581],[136.148,34.5557],[136.1518,34.5591],[136.156,34.5554],[136.1602,34.5495],[136.1682,34.5395],[136.1715,34.5341],[136.1683,34.5264],[136.1671,34.52],[136.1781,34.5173],[136.1899,34.5238],[136.1973,34.5245],[136.2116,34.5288],[136.216,34.5228],[136.2192,34.5128],[136.2167,34.5084],[136.2147,34.5032],[136.2202,34.4964],[136.229,34.4941],[136.2274,34.4887],[136.218,34.484],[136.2151,34.4781],[136.2126,34.4709],[136.2093,34.4658],[136.2077,34.4581],[136.2059,34.4485],[136.188,34.4503],[136.1776,34.4453],[136.1657,34.448],[136.1577,34.4482],[136.1518,34.443],[136.1456,34.4416],[136.1333,34.4444],[136.1279,34.4449],[136.1165,34.4413],[136.1108,34.4356],[136.104,34.4357],[136.098,34.4355],[136.0885,34.4282],[136.0902,34.4207],[136.0883,34.4141],[136.0825,34.4096],[136.0752,34.4031],[136.0729,34.3968],[136.0687,34.3935],[136.0703,34.3881],[136.0786,34.3855],[136.0861,34.3783],[136.0913,34.3679],[136.0904,34.3625],[136.0952,34.3595],[136.0975,34.3509],[136.0977,34.3455],[136.1017,34.341],[136.1111,34.3283],[136.1179,34.3261],[136.1292,34.3159],[136.1218,34.3102],[136.1116,34.3057],[136.1053,34.305],[136.0996,34.3053],[136.0947,34.301],[136.0985,34.2885],[136.1101,34.2807],[136.119,34.2699],[136.1181,34.2631],[136.1218,34.2594],[136.1277,34.2555],[136.13,34.248],[136.1289,34.2427],[136.1218,34.2387],[136.1161,34.2311],[136.1102,34.2239],[136.1169,34.223],[136.1175,34.2163],[136.114,34.2106],[136.1078,34.2105],[136.1049,34.2061],[136.0969,34.2019],[136.0931,34.1956],[136.0926,34.19],[136.1003,34.1863],[136.1086,34.1843],[136.106,34.1752],[136.1078,34.1699],[136.1117,34.1641],[136.1141,34.1593],[136.1084,34.1538],[136.1054,34.1437],[136.1038,34.1369],[136.1081,34.1267],[136.1025,34.1224],[136.099,34.1187],[136.1033,34.1152],[136.1042,34.1087],[136.1033,34.0978],[136.1125,34.0865],[136.1182,34.0822],[136.1013,34.0851],[136.0927,34.0826],[136.0964,34.0763],[136.0937,34.0719],[136.0938,34.0642],[136.096,34.0561],[136.0924,34.0478],[136.0981,34.0435],[136.102,34.0334],[136.1033,34.0255],[136.0902,34.0253],[136.0825,34.0278],[136.0732,34.0333],[136.0672,34.0339],[136.0551,34.0349],[136.0438,34.0353],[136.0436,34.0405],[136.0377,34.0403],[136.0318,34.0325],[136.0239,34.0355],[136.0186,34.0359],[136.0147,34.0249],[136.0089,34.0209],[136.0043,34.0139],[135.9968,34.0053],[135.9902,34.0032],[135.9863,33.9966],[135.9793,33.9905],[135.9755,33.9867],[135.9633,33.9851],[135.9569,33.9811],[135.9475,33.9806],[135.9412,33.9752],[135.9355,33.9803],[135.9268,33.9811],[135.9153,33.9725],[135.9141,33.9656],[135.9071,33.9635],[135.9028,33.9549],[135.8977,33.9537],[135.8934,33.9481],[135.892,33.9417],[135.8964,33.9349],[135.8979,33.9269],[135.9039,33.9252],[135.909,33.9199],[135.8963,33.9213],[135.8974,33.9121],[135.8942,33.906],[135.8814,33.908],[135.8808,33.9141],[135.8718,33.9191],[135.8651,33.9199],[135.8681,33.9151],[135.8631,33.9069],[135.8591,33.8981],[135.8607,33.887],[135.8707,33.8885],[135.8744,33.8838],[135.8823,33.8787],[135.8766,33.8735],[135.8744,33.8615],[135.8648,33.8608],[135.8604,33.8655],[135.8611,33.8761],[135.8535,33.8763],[135.853,33.8825],[135.854,33.8887],[135.8479,33.8956],[135.8425,33.8969],[135.8371,33.8953],[135.8273,33.8995],[135.8169,33.905],[135.8082,33.9065],[135.8013,33.8957],[135.7877,33.8928],[135.7789,33.8885],[135.7674,33.8908],[135.7625,33.8873],[135.7557,33.8851],[135.7517,33.8892],[135.7445,33.8903],[135.7385,33.8937],[135.7337,33.8957],[135.728,33.9011],[135.7224,33.9025],[135.7165,33.9026],[135.7103,33.9036],[135.6866,33.9039],[135.679,33.8981],[135.6695,33.8999],[135.6612,33.8978],[135.6617,33.8901],[135.6555,33.8822],[135.6475,33.8768],[135.6423,33.8763],[135.6291,33.8735],[135.6218,33.8729],[135.625,33.8829],[135.6218,33.8981],[135.6069,33.8991],[135.6007,33.9025],[135.5996,33.9081],[135.6093,33.9125],[135.6113,33.9199],[135.6135,33.9267],[135.6098,33.9311],[135.611,33.9368],[135.6181,33.9413],[135.6156,33.9472],[135.6173,33.9543],[135.6284,33.9493],[135.6362,33.9503],[135.6358,33.9592],[135.6397,33.9658],[135.6378,33.9745],[135.6381,33.9817],[135.6356,33.9908],[135.6288,33.9964],[135.624,33.9999],[135.6218,34.0094],[135.614,34.0095],[135.6088,34.0129],[135.5955,34.0115],[135.5911,34.0191],[135.5945,34.0269],[135.5989,34.0315],[135.5945,34.0402],[135.5923,34.0455],[135.58,34.0569],[135.5667,34.0573],[135.5633,34.063],[135.5535,34.0647],[135.5477,34.0681],[135.5396,34.075],[135.5426,34.0811],[135.5477,34.0833],[135.5486,34.0947],[135.5502,34.101],[135.5571,34.1031],[135.5665,34.1128],[135.5766,34.115],[135.5824,34.1295],[135.5851,34.1391],[135.5878,34.1457],[135.6042,34.1543],[135.6151,34.1559],[135.6218,34.1596],[135.6203,34.1671],[135.6278,34.1761],[135.6356,34.179],[135.6445,34.1884],[135.6347,34.1975],[135.6343,34.2037],[135.6398,34.2087],[135.6475,34.2187],[135.6537,34.2165],[135.66,34.2183],[135.6678,34.2241],[135.6731,34.2233],[135.6816,34.2215],[135.6859,34.2188],[135.6929,34.2173],[135.6975,34.2117],[135.7073,34.2082],[135.7116,34.2116],[135.7257,34.2205],[135.7297,34.2283],[135.729,34.2338],[135.7248,34.2373],[135.7198,34.2532],[135.7189,34.2601],[135.715,34.2655],[135.7087,34.2685],[135.7005,34.2753],[135.6925,34.2778],[135.6887,34.2714],[135.6824,34.27],[135.673,34.2807],[135.6746,34.2881],[135.6711,34.2955],[135.6679,34.3009],[135.6662,34.3123],[135.6676,34.3254],[135.6605,34.3271],[135.6599,34.3365],[135.6611,34.3427],[135.6621,34.3569],[135.6553,34.3678],[135.6507,34.3832],[135.6617,34.3926],[135.6754,34.3995],[135.6769,34.4063],[135.6761,34.4137],[135.6709,34.4132],[135.6661,34.4191],[135.6647,34.424],[135.6696,34.4263],[135.6798,34.4357],[135.6824,34.4443],[135.6864,34.4509],[135.6827,34.4567],[135.6819,34.4648],[135.6817,34.4771],[135.6842,34.4854],[135.6797,34.4903],[135.678,34.4977],[135.6745,34.5013],[135.6767,34.5135],[135.6766,34.5246],[135.6691,34.5306],[135.6617,34.5303],[135.6597,34.5383],[135.6581,34.5435],[135.6533,34.5413],[135.6529,34.5469],[135.6562,34.5522],[135.6574,34.5608],[135.6704,34.5697],[135.6711,34.5767],[135.6762,34.5804],[135.6812,34.5842],[135.677,34.5898],[135.6753,34.6013],[135.6705,34.6035],[135.6592,34.6025],[135.6519,34.6041],[135.6554,34.6115],[135.6596,34.6241],[135.6631,34.6333],[135.6639,34.6433],[135.6648,34.6497],[135.6708,34.6616],[135.6714,34.6675],[135.6778,34.6793],[135.6767,34.6849],[135.6726,34.6921],[135.6728,34.7],[135.6837,34.7113],[135.6997,34.7214],[135.6999,34.7348],[135.6965,34.7437],[135.6984,34.7496],[135.7065,34.7485],[135.7095,34.7532],[135.7084,34.7617],[135.709,34.7717],[135.711,34.7813],[135.7116,34.7813]]]}},{"type":"Feature","properties":{"nam":"Shimane Ken","nam_ja":"\u5cf6\u6839\u770c","id":32},"geometry":{"type":"MultiPolygon","coordinates":[[[[133.248,36.161],[133.2514,36.1699],[133.2468,36.1752],[133.2457,36.1699],[133.2391,36.1666],[133.2326,36.1695],[133.241,36.1769],[133.2377,36.1829],[133.2451,36.1835],[133.2447,36.1897],[133.2388,36.1916],[133.2238,36.1886],[133.2179,36.1925],[133.2083,36.1987],[133.2076,36.2037],[133.2073,36.2099],[133.2014,36.2109],[133.1941,36.2123],[133.1845,36.2114],[133.1835,36.2233],[133.1888,36.2294],[133.1894,36.2344],[133.1919,36.2437],[133.1888,36.2487],[133.1782,36.2497],[133.1765,36.2575],[133.1813,36.2607],[133.1846,36.2651],[133.1873,36.2821],[133.1838,36.2861],[133.1897,36.2867],[133.1965,36.28],[133.2039,36.2798],[133.2,36.2832],[133.2056,36.289],[133.1926,36.2894],[133.1952,36.3015],[133.2059,36.3009],[133.2073,36.3091],[133.2125,36.3107],[133.2156,36.3148],[133.2209,36.3136],[133.2315,36.3183],[133.2265,36.3221],[133.2241,36.3283],[133.2295,36.3283],[133.2374,36.3319],[133.2468,36.3345],[133.2512,36.3302],[133.2565,36.3277],[133.2622,36.3283],[133.2696,36.3328],[133.2744,36.3365],[133.2803,36.345],[133.2755,36.3484],[133.2831,36.3451],[133.2874,36.3365],[133.2927,36.3329],[133.3017,36.3259],[133.3059,36.329],[133.3075,36.3189],[133.3172,36.326],[133.3184,36.3194],[133.3251,36.316],[133.3266,36.3092],[133.334,36.3127],[133.3417,36.3107],[133.3364,36.3065],[133.3427,36.3022],[133.3558,36.2989],[133.3628,36.2971],[133.356,36.2927],[133.3623,36.2899],[133.3595,36.2843],[133.3628,36.2787],[133.3701,36.2815],[133.3768,36.2771],[133.3757,36.2711],[133.3842,36.2701],[133.3754,36.2616],[133.3743,36.2532],[133.3754,36.2481],[133.3748,36.2418],[133.3765,36.2305],[133.3739,36.2243],[133.3701,36.2151],[133.3697,36.2062],[133.3599,36.2035],[133.3549,36.2039],[133.3515,36.1979],[133.3461,36.1965],[133.3387,36.196],[133.348,36.2067],[133.3511,36.2124],[133.3453,36.2147],[133.3427,36.2212],[133.3371,36.2115],[133.3366,36.2053],[133.3295,36.2015],[133.3229,36.2031],[133.3161,36.2047],[133.3062,36.1996],[133.3087,36.1942],[133.3086,36.1995],[133.3197,36.1965],[133.3251,36.2008],[133.3301,36.1973],[133.3348,36.1929],[133.3372,36.1881],[133.3385,36.1731],[133.3329,36.1699],[133.3268,36.1679],[133.319,36.1699],[133.3118,36.1721],[133.3029,36.1725],[133.297,36.1774],[133.2899,36.18],[133.2904,36.1723],[133.2832,36.1793],[133.2822,36.1861],[133.2761,36.1805],[133.2771,36.1745],[133.2695,36.1695],[133.2602,36.1643],[133.2622,36.1699],[133.2556,36.1665],[133.2503,36.1615],[133.248,36.161]]],[[[133.2441,35.5491],[133.2358,35.5491],[133.2175,35.5461],[133.1999,35.5339],[133.1979,35.5264],[133.2116,35.5032],[133.2215,35.4815],[133.2263,35.4772],[133.2468,35.4627],[133.2755,35.4448],[133.3021,35.4351],[133.3097,35.4281],[133.3145,35.4199],[133.3205,35.4069],[133.32,35.3998],[133.3191,35.3946],[133.3146,35.3912],[133.3231,35.3771],[133.3198,35.3727],[133.3177,35.3679],[133.3071,35.3659],[133.2948,35.3465],[133.2963,35.3393],[133.2961,35.3268],[133.2919,35.3197],[133.2975,35.3119],[133.3043,35.3043],[133.299,35.2915],[133.3074,35.2793],[133.3099,35.2685],[133.3008,35.2634],[133.2952,35.2643],[133.2901,35.261],[133.2805,35.2619],[133.2745,35.258],[133.262,35.2589],[133.2507,35.2587],[133.2468,35.2551],[133.2409,35.2501],[133.2309,35.2469],[133.2238,35.2493],[133.21,35.2419],[133.193,35.2372],[133.1778,35.2321],[133.1712,35.2282],[133.1624,35.223],[133.155,35.2207],[133.151,35.2162],[133.1522,35.2083],[133.1544,35.2032],[133.1625,35.2067],[133.1686,35.209],[133.1733,35.2055],[133.1819,35.2009],[133.1834,35.1943],[133.1816,35.1881],[133.1889,35.1841],[133.1922,35.1783],[133.1944,35.1699],[133.1893,35.1616],[133.1838,35.1575],[133.1703,35.1536],[133.1657,35.1494],[133.1567,35.1489],[133.1493,35.1409],[133.1457,35.1328],[133.1457,35.1243],[133.1397,35.1183],[133.1447,35.1067],[133.141,35.1011],[133.1374,35.0931],[133.137,35.0865],[133.1409,35.0812],[133.1357,35.0743],[133.1274,35.0766],[133.1218,35.0833],[133.1136,35.0841],[133.1067,35.0828],[133.0964,35.0849],[133.0861,35.0787],[133.0719,35.0821],[133.0603,35.0814],[133.0518,35.0704],[133.0435,35.0681],[133.033,35.0683],[133.028,35.0735],[133.0159,35.0783],[133.0148,35.0865],[133.0039,35.0903],[133.0015,35.0955],[132.9968,35.0985],[132.9902,35.1014],[132.9795,35.0943],[132.9787,35.0872],[132.9743,35.0835],[132.9664,35.0808],[132.9552,35.0783],[132.9499,35.0755],[132.9373,35.0815],[132.926,35.0811],[132.9208,35.0839],[132.9088,35.0865],[132.8977,35.1012],[132.8921,35.105],[132.8788,35.1027],[132.8718,35.1018],[132.8635,35.0972],[132.859,35.0926],[132.8533,35.0865],[132.8447,35.0793],[132.8395,35.0735],[132.827,35.0612],[132.8309,35.0569],[132.8365,35.0525],[132.8362,35.0473],[132.8287,35.047],[132.8139,35.0407],[132.8098,35.0349],[132.8049,35.0257],[132.7939,35.0201],[132.7871,35.014],[132.7872,35.0048],[132.7807,35.0032],[132.7656,34.9965],[132.7663,34.9912],[132.7679,34.9847],[132.7548,34.9779],[132.7495,34.9785],[132.7521,34.9671],[132.7495,34.9619],[132.743,34.9578],[132.7393,34.9621],[132.7266,34.9561],[132.7198,34.9481],[132.7126,34.9534],[132.707,34.955],[132.7017,34.9516],[132.6895,34.9518],[132.6845,34.9507],[132.6829,34.9454],[132.6759,34.9349],[132.6672,34.9311],[132.6616,34.9246],[132.6561,34.9229],[132.6505,34.9199],[132.6469,34.9117],[132.6404,34.9039],[132.6333,34.9049],[132.635,34.8987],[132.6488,34.9005],[132.6547,34.8997],[132.6588,34.892],[132.6736,34.8944],[132.6798,34.8846],[132.6999,34.8821],[132.7052,34.8634],[132.7099,34.8499],[132.7014,34.8467],[132.6972,34.8429],[132.6923,34.8448],[132.6895,34.851],[132.6811,34.8509],[132.671,34.8433],[132.6689,34.8365],[132.6601,34.8327],[132.6507,34.8405],[132.642,34.8379],[132.6356,34.8409],[132.6218,34.8424],[132.6125,34.8397],[132.6091,34.8324],[132.6024,34.831],[132.5936,34.8292],[132.5895,34.8215],[132.5819,34.8183],[132.5689,34.8118],[132.5673,34.8064],[132.5607,34.8073],[132.5536,34.8081],[132.5468,34.8029],[132.5436,34.7977],[132.5374,34.7949],[132.5307,34.7975],[132.5195,34.8037],[132.5109,34.8014],[132.5051,34.796],[132.5006,34.7992],[132.4905,34.7999],[132.4844,34.7973],[132.4796,34.7998],[132.4712,34.8023],[132.4652,34.8018],[132.454,34.8012],[132.4559,34.8074],[132.4457,34.8123],[132.4346,34.8206],[132.426,34.8131],[132.4205,34.814],[132.4232,34.8035],[132.4228,34.7981],[132.4139,34.7979],[132.4061,34.7911],[132.398,34.7826],[132.3924,34.7837],[132.381,34.7858],[132.3824,34.7949],[132.3718,34.8012],[132.3603,34.8002],[132.352,34.7981],[132.3477,34.7948],[132.3356,34.7901],[132.3248,34.7924],[132.3205,34.7961],[132.3184,34.8008],[132.3137,34.7986],[132.3053,34.7935],[132.301,34.7847],[132.298,34.7771],[132.2797,34.7835],[132.2782,34.7892],[132.2776,34.7987],[132.2699,34.7981],[132.2669,34.8021],[132.2593,34.8065],[132.2505,34.8071],[132.241,34.8059],[132.2383,34.8005],[132.2417,34.7895],[132.2418,34.7845],[132.2379,34.7795],[132.2331,34.7768],[132.225,34.7702],[132.222,34.7615],[132.2212,34.7532],[132.2151,34.7462],[132.2094,34.7449],[132.203,34.7488],[132.1961,34.7449],[132.1958,34.7389],[132.1888,34.7345],[132.1786,34.7365],[132.1647,34.7274],[132.1537,34.7213],[132.1495,34.7182],[132.1422,34.7155],[132.1377,34.7094],[132.13,34.708],[132.1305,34.7019],[132.1357,34.6957],[132.1411,34.6919],[132.1519,34.693],[132.1588,34.6899],[132.1574,34.6813],[132.1501,34.6699],[132.1464,34.6621],[132.1395,34.6542],[132.1363,34.6488],[132.126,34.6413],[132.1283,34.6365],[132.1296,34.6303],[132.1218,34.6225],[132.1157,34.6127],[132.1169,34.6026],[132.1218,34.6],[132.1299,34.598],[132.1273,34.5921],[132.1237,34.5865],[132.1218,34.5811],[132.1174,34.5787],[132.1152,34.5667],[132.111,34.5619],[132.1063,34.5583],[132.1016,34.5557],[132.0912,34.5462],[132.0838,34.5379],[132.0752,34.5369],[132.0664,34.5346],[132.058,34.5302],[132.0527,34.5299],[132.0473,34.5215],[132.0482,34.5161],[132.0418,34.5075],[132.0378,34.5032],[132.0423,34.4996],[132.0477,34.4994],[132.0583,34.4929],[132.0572,34.4807],[132.0633,34.4762],[132.0679,34.4675],[132.0545,34.4678],[132.0471,34.4694],[132.0414,34.4682],[132.0356,34.4653],[132.0302,34.4625],[132.0245,34.4623],[132.0211,34.4573],[132.0158,34.4533],[132.0167,34.4409],[132.0135,34.4367],[132.0094,34.4317],[131.9968,34.4279],[131.9932,34.4199],[131.9895,34.4142],[131.9936,34.4095],[131.9985,34.4005],[132.0049,34.3919],[132.0064,34.3869],[132.0125,34.3827],[132.0126,34.3717],[132.0072,34.3651],[131.9968,34.3643],[131.9936,34.3603],[131.9891,34.3533],[131.9819,34.3502],[131.9805,34.3441],[131.9747,34.342],[131.9737,34.3365],[131.9699,34.3243],[131.9639,34.3233],[131.9626,34.3129],[131.9578,34.3064],[131.9454,34.3204],[131.9415,34.3252],[131.9326,34.3279],[131.9295,34.3331],[131.9194,34.3365],[131.9124,34.3303],[131.8991,34.3191],[131.895,34.322],[131.8873,34.3271],[131.8843,34.3217],[131.8851,34.3119],[131.8804,34.3087],[131.8718,34.3078],[131.8664,34.3055],[131.8605,34.3053],[131.8507,34.3065],[131.8449,34.3106],[131.8367,34.3101],[131.8301,34.3025],[131.8217,34.3049],[131.8135,34.3117],[131.8044,34.3138],[131.7999,34.3169],[131.7953,34.3213],[131.7945,34.3272],[131.7887,34.3297],[131.7792,34.3337],[131.7747,34.3365],[131.7783,34.3433],[131.7772,34.3536],[131.7702,34.3562],[131.7668,34.3625],[131.7664,34.3735],[131.7637,34.3816],[131.7709,34.3871],[131.7731,34.3916],[131.7776,34.3979],[131.7833,34.3995],[131.7866,34.4077],[131.7909,34.4199],[131.7942,34.4298],[131.7931,34.4362],[131.7842,34.4347],[131.7736,34.4351],[131.7627,34.4347],[131.7553,34.44],[131.7468,34.4357],[131.7411,34.4302],[131.729,34.4325],[131.7221,34.4289],[131.7171,34.4299],[131.711,34.4296],[131.7022,34.4355],[131.6933,34.4432],[131.6979,34.4497],[131.6935,34.4638],[131.6992,34.4743],[131.6945,34.4811],[131.6825,34.4785],[131.6814,34.4921],[131.6749,34.5009],[131.6681,34.5032],[131.6685,34.5106],[131.6808,34.5185],[131.6917,34.5225],[131.7029,34.5318],[131.7003,34.5368],[131.7042,34.5415],[131.7032,34.5483],[131.7043,34.559],[131.7021,34.5652],[131.7112,34.5628],[131.7152,34.5679],[131.7192,34.5723],[131.7254,34.5751],[131.7207,34.5819],[131.7175,34.5975],[131.7171,34.6038],[131.7181,34.6121],[131.7104,34.6143],[131.7027,34.6147],[131.6942,34.621],[131.6941,34.6281],[131.697,34.6329],[131.6968,34.6417],[131.6994,34.6485],[131.6949,34.6516],[131.6883,34.6567],[131.6889,34.6623],[131.6837,34.6681],[131.6888,34.6741],[131.6899,34.681],[131.6964,34.676],[131.7027,34.6724],[131.7081,34.6753],[131.7138,34.6732],[131.7188,34.6763],[131.7238,34.674],[131.7313,34.6749],[131.7468,34.6759],[131.7539,34.6779],[131.7823,34.6855],[131.7951,34.688],[131.8135,34.6946],[131.8192,34.6966],[131.8441,34.7087],[131.8547,34.7181],[131.8568,34.723],[131.8647,34.7276],[131.8701,34.7324],[131.8686,34.7374],[131.8736,34.7423],[131.8685,34.7467],[131.8648,34.7532],[131.87,34.7581],[131.8761,34.7583],[131.8852,34.7569],[131.888,34.7632],[131.8934,34.7625],[131.8936,34.7683],[131.8965,34.7757],[131.9027,34.7749],[131.9077,34.7747],[131.9161,34.7834],[131.9228,34.7866],[131.9249,34.7813],[131.9299,34.7821],[131.9339,34.7895],[131.943,34.7911],[131.9468,34.7956],[131.951,34.8045],[131.9547,34.8119],[131.9574,34.8171],[131.9623,34.8188],[131.9706,34.8232],[131.9788,34.8237],[131.9871,34.8271],[131.9909,34.8325],[131.9929,34.8395],[132.0002,34.8445],[132.0055,34.8465],[132.0145,34.8598],[132.0075,34.8633],[132.0133,34.8703],[132.0205,34.8727],[132.017,34.8689],[132.024,34.8714],[132.0293,34.875],[132.0357,34.8824],[132.0414,34.8775],[132.046,34.8716],[132.0534,34.8717],[132.059,34.8773],[132.0566,34.8889],[132.0625,34.8911],[132.0701,34.8923],[132.0661,34.8961],[132.063,34.9015],[132.0647,34.9076],[132.072,34.9075],[132.0712,34.9023],[132.0768,34.9066],[132.0777,34.9116],[132.0704,34.9137],[132.0731,34.9187],[132.0806,34.9228],[132.0839,34.9307],[132.0896,34.9331],[132.1003,34.9327],[132.1079,34.9389],[132.1048,34.9451],[132.1119,34.953],[132.1218,34.9527],[132.1437,34.9639],[132.1494,34.9737],[132.1641,34.9809],[132.1877,34.9946],[132.1921,35],[132.196,35.0032],[132.2031,35.0083],[132.2321,35.0311],[132.2468,35.0376],[132.2543,35.0414],[132.2599,35.0383],[132.2745,35.0414],[132.286,35.0482],[132.2928,35.0493],[132.3041,35.0546],[132.3115,35.0617],[132.3154,35.0668],[132.324,35.0757],[132.3261,35.0815],[132.323,35.0865],[132.3274,35.091],[132.3315,35.0975],[132.3381,35.093],[132.3449,35.0926],[132.3386,35.0964],[132.3423,35.1032],[132.3483,35.105],[132.3546,35.1098],[132.3612,35.1127],[132.3635,35.119],[132.3696,35.1239],[132.3772,35.1259],[132.3859,35.1287],[132.3907,35.1373],[132.387,35.1428],[132.381,35.1468],[132.3884,35.1464],[132.3928,35.1541],[132.398,35.1565],[132.4034,35.1615],[132.403,35.1699],[132.4115,35.1759],[132.4141,35.1805],[132.4204,35.1828],[132.4168,35.1903],[132.4282,35.1897],[132.4372,35.1947],[132.4466,35.1976],[132.4561,35.2054],[132.4674,35.2132],[132.4741,35.2187],[132.4867,35.2241],[132.4865,35.2297],[132.4968,35.2269],[132.5037,35.2309],[132.5064,35.2363],[132.5115,35.2385],[132.5214,35.2402],[132.5277,35.2431],[132.529,35.2516],[132.5384,35.2573],[132.544,35.2594],[132.5524,35.2624],[132.5569,35.2648],[132.567,35.2683],[132.5753,35.2726],[132.581,35.2714],[132.5848,35.275],[132.5915,35.2763],[132.6105,35.2802],[132.6218,35.285],[132.6455,35.3053],[132.6643,35.3365],[132.6673,35.3452],[132.6738,35.3749],[132.6715,35.4011],[132.6649,35.4005],[132.6594,35.4084],[132.651,35.4109],[132.6448,35.415],[132.6356,35.4183],[132.6301,35.4181],[132.6239,35.4179],[132.6239,35.4231],[132.6287,35.4352],[132.6354,35.4322],[132.6409,35.4321],[132.6457,35.4335],[132.6426,35.4389],[132.6505,35.4408],[132.6576,35.4413],[132.665,35.4447],[132.6709,35.4443],[132.6762,35.4475],[132.6825,35.4439],[132.6832,35.4503],[132.6884,35.4509],[132.6964,35.4497],[132.7016,35.4475],[132.7055,35.4422],[132.7241,35.4469],[132.7421,35.4471],[132.7468,35.4489],[132.756,35.4497],[132.7569,35.4561],[132.7468,35.4613],[132.7269,35.47],[132.734,35.4707],[132.7444,35.4724],[132.7505,35.4743],[132.7565,35.4759],[132.7668,35.4781],[132.7736,35.4795],[132.7813,35.4798],[132.7867,35.4813],[132.7933,35.4839],[132.7998,35.4836],[132.8078,35.4937],[132.8146,35.4981],[132.8236,35.4975],[132.8301,35.5032],[132.8362,35.5047],[132.8411,35.5032],[132.8496,35.5069],[132.8549,35.51],[132.8644,35.5133],[132.8718,35.5105],[132.8802,35.5117],[132.8856,35.5105],[132.8924,35.5124],[132.9025,35.5121],[132.9163,35.5164],[132.9238,35.5167],[132.9316,35.5167],[132.9388,35.5151],[132.9513,35.5182],[132.9655,35.5148],[132.9726,35.5177],[132.9746,35.5231],[132.9685,35.5287],[132.9686,35.5344],[132.9677,35.5422],[132.9748,35.5415],[132.9779,35.5462],[132.9854,35.5453],[132.9936,35.5423],[132.9997,35.5395],[133.0072,35.5378],[133.0123,35.539],[133.0168,35.5414],[133.0265,35.5389],[133.03,35.5428],[133.0276,35.5489],[133.0284,35.5554],[133.0339,35.5582],[133.0393,35.5597],[133.0441,35.5535],[133.0493,35.5555],[133.0524,35.5603],[133.0559,35.5649],[133.0606,35.5705],[133.0525,35.5745],[133.0476,35.5765],[133.055,35.5795],[133.0628,35.5805],[133.0681,35.5839],[133.0833,35.5803],[133.0935,35.5783],[133.0975,35.5824],[133.0899,35.5865],[133.0955,35.5877],[133.093,35.5936],[133.0884,35.5983],[133.0835,35.6011],[133.0889,35.6037],[133.0971,35.5985],[133.1062,35.5963],[133.1115,35.5978],[133.1122,35.5897],[133.1182,35.5823],[133.124,35.5787],[133.1358,35.5821],[133.1294,35.5772],[133.1366,35.5701],[133.1388,35.5623],[133.147,35.5618],[133.1532,35.563],[133.1595,35.5629],[133.1597,35.5716],[133.165,35.5638],[133.174,35.565],[133.1789,35.5685],[133.1841,35.5645],[133.1922,35.5632],[133.1885,35.5714],[133.1899,35.5783],[133.1955,35.5777],[133.195,35.5676],[133.2031,35.5692],[133.214,35.5699],[133.2153,35.5795],[133.2257,35.5808],[133.2339,35.5788],[133.2271,35.5759],[133.2238,35.5713],[133.235,35.5731],[133.2398,35.5703],[133.2468,35.5735],[133.2542,35.5699],[133.2579,35.5749],[133.2662,35.5781],[133.2729,35.578],[133.2771,35.5734],[133.2815,35.5782],[133.2862,35.5751],[133.2909,35.578],[133.2969,35.5736],[133.3034,35.5714],[133.3063,35.5757],[133.3153,35.5699],[133.3222,35.5693],[133.3109,35.5601],[133.2984,35.5576],[133.2893,35.5584],[133.2796,35.5566],[133.2632,35.5551],[133.252,35.5536],[133.2468,35.5514],[133.2441,35.5491]]]]}},{"type":"Feature","properties":{"nam":"Iwate Ken","nam_ja":"\u5ca9\u624b\u770c","id":3},"geometry":{"type":"MultiPolygon","coordinates":[[[[141.5819,40.3745],[141.587,40.3813],[141.5833,40.3857],[141.5842,40.3911],[141.5831,40.3998],[141.587,40.4075],[141.5981,40.4137],[141.6137,40.4167],[141.6218,40.4211],[141.6329,40.4215],[141.6423,40.4251],[141.6477,40.4287],[141.6547,40.4289],[141.6614,40.4334],[141.6666,40.4361],[141.6708,40.4393],[141.6744,40.4451],[141.6782,40.45],[141.6893,40.4435],[141.6938,40.4365],[141.7006,40.4332],[141.7034,40.4256],[141.7078,40.4223],[141.714,40.4199],[141.7199,40.4111],[141.7201,40.4018],[141.7258,40.3957],[141.7287,40.3911],[141.7359,40.3851],[141.7406,40.3809],[141.7468,40.3772],[141.7542,40.3693],[141.7554,40.3639],[141.7549,40.3565],[141.7623,40.3523],[141.765,40.3471],[141.7718,40.3458],[141.7711,40.3365],[141.775,40.3235],[141.7781,40.3194],[141.7846,40.3159],[141.7863,40.3111],[141.7897,40.3065],[141.7946,40.2995],[141.7996,40.2913],[141.8059,40.2851],[141.8112,40.2773],[141.8167,40.2707],[141.8187,40.2657],[141.8202,40.2592],[141.8241,40.2523],[141.8273,40.2435],[141.8309,40.2379],[141.8317,40.2293],[141.8341,40.2205],[141.82,40.2216],[141.8161,40.2183],[141.812,40.2133],[141.8074,40.2161],[141.8008,40.2075],[141.8,40.1988],[141.8062,40.1993],[141.802,40.1944],[141.7943,40.1955],[141.8007,40.1869],[141.8052,40.1837],[141.814,40.1836],[141.8186,40.1802],[141.8283,40.1795],[141.8352,40.1779],[141.846,40.1711],[141.8527,40.1691],[141.8604,40.1645],[141.8682,40.1528],[141.8718,40.1479],[141.8764,40.1445],[141.8718,40.1355],[141.8664,40.1333],[141.8602,40.1322],[141.8507,40.1355],[141.8431,40.1309],[141.8356,40.1216],[141.8312,40.1161],[141.827,40.1008],[141.831,40.0939],[141.8295,40.0865],[141.8314,40.0815],[141.8342,40.0746],[141.8476,40.0616],[141.8515,40.0561],[141.8637,40.0519],[141.8692,40.0537],[141.8718,40.0487],[141.8794,40.046],[141.8832,40.0416],[141.8846,40.0368],[141.8885,40.0316],[141.8971,40.0247],[141.9013,40.0197],[141.9083,40.0093],[141.9208,40.0083],[141.9286,40.0101],[141.9364,40.0092],[141.9374,40.0039],[141.9435,39.9991],[141.9459,39.9942],[141.9489,39.9899],[141.9548,39.9857],[141.9564,39.9803],[141.9555,39.9732],[141.9567,39.9682],[141.957,39.9583],[141.9597,39.9533],[141.9614,39.9459],[141.9465,39.9462],[141.941,39.9399],[141.9386,39.9329],[141.9431,39.9303],[141.9404,39.9199],[141.9472,39.9134],[141.9553,39.8934],[141.9601,39.8879],[141.9698,39.8856],[141.9749,39.8744],[141.9787,39.8667],[141.9757,39.8589],[141.9749,39.8485],[141.9803,39.8409],[141.9808,39.8312],[141.9882,39.8263],[141.9907,39.8209],[141.9879,39.8157],[141.9842,39.8064],[141.9857,39.8016],[141.9859,39.7922],[141.9894,39.7864],[141.9968,39.7783],[142.0046,39.7761],[141.9968,39.7726],[141.9918,39.7691],[141.9887,39.7601],[141.9926,39.7532],[142.0006,39.7532],[141.9968,39.7489],[141.9908,39.7474],[141.9871,39.7401],[141.9798,39.733],[141.9721,39.7305],[141.9764,39.7269],[141.9844,39.7257],[141.983,39.7181],[141.9866,39.7106],[141.9811,39.7066],[141.9751,39.7033],[141.9732,39.6985],[141.9686,39.6919],[141.974,39.6883],[141.979,39.6877],[141.9862,39.6829],[141.9811,39.6745],[141.9761,39.6699],[141.9725,39.6624],[141.972,39.6552],[141.978,39.6538],[141.9816,39.6496],[141.9774,39.6441],[141.9713,39.6471],[141.9684,39.6427],[141.973,39.6404],[141.9651,39.6401],[141.9726,39.6347],[141.966,39.6361],[141.971,39.6263],[141.9641,39.6242],[141.9661,39.6191],[141.9641,39.6121],[141.956,39.6061],[141.9503,39.6025],[141.9457,39.5992],[141.9475,39.5915],[141.9527,39.5865],[141.9589,39.5865],[141.9636,39.5938],[141.9679,39.5997],[141.9739,39.6072],[141.9777,39.6106],[141.9838,39.615],[141.9968,39.6308],[142.004,39.6387],[142.0136,39.6502],[142.0175,39.6551],[142.0255,39.6559],[142.026,39.6484],[142.0268,39.6404],[142.0286,39.6319],[142.0234,39.6301],[142.0243,39.6177],[142.0308,39.614],[142.0345,39.6101],[142.0288,39.6093],[142.0307,39.5986],[142.0302,39.5924],[142.0302,39.5865],[142.0269,39.5793],[142.0322,39.5745],[142.0385,39.5774],[142.0426,39.5739],[142.0497,39.5747],[142.0568,39.5749],[142.0574,39.5656],[142.0652,39.563],[142.0693,39.5569],[142.0699,39.5475],[142.0669,39.541],[142.0662,39.5343],[142.0607,39.5343],[142.0558,39.5329],[142.0599,39.5263],[142.0569,39.5221],[142.0465,39.5306],[142.04,39.5311],[142.0338,39.5293],[142.03,39.5235],[142.0286,39.5102],[142.0241,39.5032],[142.0136,39.502],[142.0098,39.4946],[142.0125,39.4804],[142.0069,39.4789],[141.9968,39.4817],[141.9847,39.4817],[141.9747,39.482],[141.9667,39.4779],[141.957,39.4757],[141.9555,39.4702],[141.9575,39.4629],[141.962,39.4593],[141.963,39.4523],[141.9664,39.4482],[141.9732,39.4415],[141.9791,39.4395],[141.9883,39.4489],[141.995,39.4521],[142.003,39.4459],[142.0034,39.4549],[142.0093,39.4647],[142.0263,39.4741],[142.0371,39.4834],[142.0472,39.4826],[142.0517,39.4779],[142.0574,39.4734],[142.0589,39.4667],[142.0547,39.4629],[142.0498,39.4581],[142.0489,39.4515],[142.044,39.4492],[142.0392,39.4433],[142.0389,39.4366],[142.0424,39.4291],[142.0379,39.4217],[142.0296,39.4161],[142.0243,39.4177],[142.0204,39.4213],[142.0157,39.4254],[142.0098,39.4261],[142.0077,39.4199],[142.0109,39.415],[142.0056,39.4115],[141.9988,39.4121],[141.9868,39.4091],[141.9818,39.4095],[141.9851,39.4167],[141.9824,39.4247],[141.976,39.4275],[141.973,39.4199],[141.9638,39.4114],[141.9594,39.4059],[141.9566,39.4015],[141.9514,39.3967],[141.947,39.3935],[141.9393,39.387],[141.9409,39.3806],[141.9431,39.3758],[141.9471,39.3719],[141.9529,39.3721],[141.965,39.3791],[141.966,39.3711],[141.9571,39.3625],[141.9539,39.3543],[141.9445,39.351],[141.9347,39.3513],[141.929,39.3533],[141.9194,39.3554],[141.9133,39.3505],[141.9157,39.346],[141.9102,39.3445],[141.9029,39.3406],[141.8993,39.3365],[141.9048,39.3267],[141.9108,39.3291],[141.9125,39.3243],[141.9169,39.3271],[141.9237,39.3333],[141.9346,39.3317],[141.9394,39.3296],[141.9446,39.3297],[141.9485,39.3365],[141.9535,39.3393],[141.96,39.341],[141.9699,39.3366],[141.9781,39.3407],[141.9851,39.3481],[141.9958,39.3513],[141.9892,39.3431],[141.9817,39.3365],[141.9778,39.3295],[141.9751,39.3245],[141.9779,39.3199],[141.9712,39.3137],[141.9585,39.3171],[141.9479,39.3159],[141.9428,39.3135],[141.9378,39.3088],[141.9288,39.309],[141.9232,39.31],[141.9184,39.3035],[141.9103,39.3052],[141.9073,39.3097],[141.9022,39.3077],[141.8914,39.3087],[141.8879,39.3037],[141.8942,39.3001],[141.9094,39.2961],[141.9047,39.2929],[141.9102,39.2899],[141.9162,39.2866],[141.9247,39.2862],[141.9226,39.2807],[141.9285,39.2723],[141.9229,39.2667],[141.9165,39.2717],[141.9135,39.2672],[141.9071,39.2725],[141.8982,39.2723],[141.8895,39.2742],[141.8868,39.2694],[141.8949,39.2679],[141.9002,39.2602],[141.8963,39.2532],[141.8904,39.2487],[141.8979,39.2489],[141.9051,39.2504],[141.9129,39.2482],[141.9147,39.24],[141.9201,39.2385],[141.9285,39.2471],[141.9323,39.2425],[141.9383,39.2484],[141.945,39.2475],[141.9512,39.2494],[141.9589,39.2509],[141.9652,39.2512],[141.9712,39.2491],[141.967,39.2458],[141.9578,39.2441],[141.9496,39.2419],[141.9437,39.2381],[141.9513,39.2264],[141.9488,39.2183],[141.9391,39.2231],[141.9311,39.2215],[141.9259,39.2225],[141.9275,39.2154],[141.9206,39.2153],[141.9079,39.2075],[141.9018,39.2057],[141.8964,39.2091],[141.888,39.2091],[141.8934,39.2036],[141.8907,39.198],[141.885,39.2021],[141.8737,39.2062],[141.8653,39.204],[141.8718,39.1983],[141.8666,39.1927],[141.8718,39.1915],[141.8796,39.1917],[141.8882,39.1851],[141.8939,39.1821],[141.9007,39.1844],[141.9078,39.1861],[141.913,39.1861],[141.9229,39.1849],[141.9169,39.1739],[141.9077,39.1699],[141.8973,39.1633],[141.8876,39.1574],[141.8804,39.1557],[141.8718,39.1539],[141.8665,39.1537],[141.8618,39.1557],[141.8564,39.1573],[141.8454,39.1553],[141.8375,39.1462],[141.8475,39.1415],[141.8528,39.1368],[141.8622,39.1341],[141.8718,39.1311],[141.8718,39.125],[141.8734,39.117],[141.8811,39.1163],[141.89,39.1171],[141.8982,39.1197],[141.906,39.1141],[141.9149,39.1075],[141.9218,39.1051],[141.9153,39.1048],[141.9061,39.1016],[141.8977,39.0971],[141.8923,39.0935],[141.8838,39.0901],[141.8788,39.0865],[141.8788,39.0921],[141.8718,39.0962],[141.8633,39.0967],[141.8614,39.1029],[141.8507,39.1044],[141.8355,39.1044],[141.8298,39.1087],[141.817,39.1149],[141.8115,39.1121],[141.815,39.1065],[141.8157,39.0954],[141.8101,39.0934],[141.8147,39.0865],[141.823,39.0865],[141.8218,39.0773],[141.8264,39.0751],[141.8323,39.075],[141.8418,39.0765],[141.8486,39.0737],[141.8563,39.0723],[141.8628,39.0714],[141.8718,39.0711],[141.8738,39.065],[141.8677,39.0613],[141.8595,39.0615],[141.8495,39.0583],[141.8407,39.0605],[141.8323,39.0595],[141.8263,39.0593],[141.817,39.0592],[141.8174,39.0504],[141.8337,39.0432],[141.8438,39.0403],[141.8498,39.0351],[141.8531,39.0297],[141.8456,39.0265],[141.8406,39.0259],[141.8348,39.0253],[141.826,39.0273],[141.8188,39.0236],[141.8118,39.0257],[141.8064,39.0264],[141.7982,39.026],[141.7972,39.0382],[141.7977,39.0433],[141.7898,39.0342],[141.7839,39.0289],[141.7788,39.0287],[141.7707,39.0346],[141.7654,39.0277],[141.763,39.0201],[141.7582,39.0184],[141.751,39.0196],[141.7468,39.0238],[141.7391,39.0226],[141.7316,39.0235],[141.7284,39.0286],[141.7345,39.0305],[141.7374,39.0356],[141.736,39.0428],[141.7361,39.0484],[141.741,39.051],[141.7359,39.0513],[141.7398,39.0575],[141.7385,39.063],[141.7345,39.0679],[141.7299,39.0711],[141.7257,39.0646],[141.7228,39.0569],[141.7252,39.0412],[141.7173,39.0334],[141.7099,39.0247],[141.7164,39.0203],[141.722,39.0194],[141.7281,39.0147],[141.7326,39.0184],[141.7318,39.0132],[141.7389,39.0032],[141.743,38.9974],[141.742,38.9859],[141.7339,38.9887],[141.7238,38.9892],[141.7219,38.9964],[141.7111,38.9964],[141.7144,38.9869],[141.717,38.9819],[141.7099,38.9847],[141.7088,38.9798],[141.7038,38.9773],[141.698,38.9726],[141.7046,38.9652],[141.7124,38.9683],[141.7235,38.9639],[141.7247,38.9581],[141.7288,38.9529],[141.7214,38.9524],[141.713,38.951],[141.7056,38.9455],[141.7002,38.9391],[141.6973,38.9471],[141.6893,38.9489],[141.6914,38.9569],[141.6879,38.9607],[141.687,38.9657],[141.6774,38.9692],[141.6737,38.9731],[141.6694,38.9759],[141.668,38.9811],[141.6685,38.9861],[141.675,38.9938],[141.6817,38.9987],[141.6749,39.0032],[141.6672,39.006],[141.6586,39.0006],[141.6427,39.0069],[141.6289,39.0032],[141.6258,38.9956],[141.6291,38.9889],[141.627,38.9807],[141.6337,38.974],[141.6218,38.9732],[141.6056,38.9853],[141.5894,38.9883],[141.5824,38.9883],[141.5769,38.9871],[141.5681,38.9957],[141.5623,38.9947],[141.5564,38.9959],[141.5498,38.9959],[141.5377,38.9957],[141.5242,38.9917],[141.5173,38.9978],[141.5103,39.0029],[141.5054,39.0004],[141.4968,38.9989],[141.491,38.9985],[141.4858,38.9875],[141.4839,38.9785],[141.4878,38.9707],[141.4907,38.9585],[141.4915,38.9519],[141.4861,38.9351],[141.4909,38.9239],[141.4916,38.9159],[141.4894,38.9075],[141.4727,38.8975],[141.4665,38.8937],[141.4675,38.8887],[141.4514,38.8767],[141.4536,38.8666],[141.4663,38.8572],[141.4566,38.8494],[141.4502,38.8365],[141.4538,38.8251],[141.4533,38.819],[141.4589,38.8148],[141.4537,38.8116],[141.448,38.8114],[141.437,38.8128],[141.4297,38.8109],[141.4368,38.8041],[141.4329,38.7946],[141.436,38.7871],[141.4319,38.7835],[141.4223,38.7803],[141.4233,38.7729],[141.4157,38.7694],[141.4107,38.7681],[141.4146,38.7784],[141.415,38.7857],[141.4078,38.7876],[141.3981,38.79],[141.3945,38.7997],[141.3803,38.7964],[141.3718,38.8068],[141.3632,38.8086],[141.3581,38.8114],[141.3531,38.8128],[141.3424,38.8093],[141.3354,38.8073],[141.3262,38.8151],[141.3174,38.8229],[141.3104,38.8227],[141.3068,38.8102],[141.3029,38.8009],[141.3035,38.7933],[141.2939,38.7954],[141.2858,38.7978],[141.2812,38.7933],[141.2736,38.7969],[141.2691,38.7885],[141.2631,38.7877],[141.2634,38.7806],[141.2566,38.7722],[141.2575,38.7629],[141.2468,38.7592],[141.2424,38.7568],[141.2295,38.7532],[141.2357,38.7496],[141.217,38.7495],[141.2123,38.7532],[141.2078,38.7652],[141.2047,38.7703],[141.1975,38.7757],[141.1918,38.7776],[141.1812,38.7848],[141.1741,38.7814],[141.1631,38.7822],[141.1576,38.7829],[141.1491,38.7863],[141.1397,38.79],[141.1424,38.8111],[141.1368,38.8135],[141.1312,38.8133],[141.1244,38.8167],[141.125,38.8239],[141.117,38.8231],[141.1094,38.8254],[141.105,38.8279],[141.1051,38.8365],[141.112,38.8379],[141.1218,38.8356],[141.1301,38.8407],[141.1344,38.846],[141.1463,38.8559],[141.1456,38.8699],[141.1401,38.8779],[141.1349,38.8777],[141.1218,38.8806],[141.1146,38.8793],[141.108,38.878],[141.1032,38.884],[141.0939,38.8881],[141.087,38.8839],[141.0755,38.88],[141.0703,38.8819],[141.0623,38.8839],[141.0529,38.8829],[141.044,38.8773],[141.0343,38.8779],[141.0307,38.8833],[141.0238,38.8811],[141.0208,38.8866],[141.014,38.8817],[141.0058,38.879],[140.9968,38.8809],[140.9918,38.8755],[140.9865,38.8755],[140.9781,38.8853],[140.9718,38.8877],[140.9713,38.8934],[140.9679,38.8974],[140.9624,38.9025],[140.958,38.9085],[140.9502,38.9105],[140.9451,38.9133],[140.9407,38.916],[140.9326,38.9167],[140.9273,38.9215],[140.9224,38.9155],[140.9158,38.9172],[140.9124,38.9259],[140.9055,38.9289],[140.8976,38.928],[140.8887,38.9287],[140.8814,38.9291],[140.8718,38.9361],[140.8665,38.94],[140.8615,38.9422],[140.8431,38.9497],[140.8382,38.9571],[140.8262,38.9635],[140.8137,38.9644],[140.8026,38.9627],[140.7944,38.9643],[140.7841,38.9595],[140.7747,38.9584],[140.7723,38.9647],[140.775,38.9693],[140.7699,38.978],[140.767,38.9839],[140.7642,38.9887],[140.7679,38.9944],[140.7645,39.0001],[140.7691,39.0032],[140.7784,39.0081],[140.7808,39.0152],[140.7852,39.02],[140.7947,39.0291],[140.7958,39.0356],[140.7938,39.0418],[140.8015,39.0501],[140.8103,39.0574],[140.8,39.0609],[140.8046,39.0709],[140.8024,39.0778],[140.7881,39.0789],[140.7826,39.0807],[140.7744,39.0795],[140.7681,39.0801],[140.7618,39.0825],[140.7529,39.0865],[140.7563,39.0925],[140.7631,39.1086],[140.7562,39.1125],[140.7561,39.1185],[140.7662,39.1203],[140.7702,39.1244],[140.7647,39.128],[140.7588,39.1332],[140.7523,39.1333],[140.7496,39.1397],[140.7567,39.144],[140.7659,39.1535],[140.7688,39.1576],[140.7741,39.1678],[140.7841,39.1659],[140.7874,39.1699],[140.7961,39.1767],[140.8083,39.1787],[140.7984,39.1898],[140.7903,39.1889],[140.7834,39.1917],[140.7726,39.1942],[140.7657,39.1977],[140.7667,39.2088],[140.7632,39.2127],[140.7663,39.2172],[140.7703,39.2239],[140.7868,39.2268],[140.7865,39.2323],[140.7888,39.238],[140.7788,39.2417],[140.7695,39.2521],[140.76,39.2547],[140.755,39.2575],[140.7517,39.2631],[140.7356,39.2667],[140.7241,39.2716],[140.7182,39.2729],[140.7177,39.2911],[140.7179,39.2965],[140.711,39.2962],[140.7047,39.302],[140.6947,39.3001],[140.6973,39.3103],[140.6934,39.3137],[140.6945,39.3186],[140.6991,39.3281],[140.7096,39.3303],[140.7063,39.3365],[140.6991,39.3445],[140.6903,39.3467],[140.6931,39.3585],[140.6833,39.3623],[140.6769,39.3678],[140.6799,39.3815],[140.6756,39.3861],[140.6689,39.3843],[140.663,39.3865],[140.6564,39.3895],[140.6584,39.3991],[140.6633,39.4049],[140.659,39.4095],[140.6586,39.4157],[140.6695,39.4173],[140.6753,39.4174],[140.6834,39.4222],[140.686,39.4366],[140.677,39.4472],[140.6831,39.4575],[140.6897,39.4643],[140.6984,39.4683],[140.7065,39.4742],[140.72,39.4793],[140.7206,39.4848],[140.7145,39.4937],[140.7185,39.5032],[140.7243,39.5107],[140.7249,39.5187],[140.7318,39.5229],[140.7382,39.5257],[140.7409,39.5348],[140.7406,39.5458],[140.7334,39.5511],[140.7279,39.5561],[140.7307,39.5661],[140.7369,39.5653],[140.7468,39.5688],[140.7542,39.5708],[140.7582,39.5774],[140.7634,39.5865],[140.7703,39.5888],[140.78,39.5905],[140.779,39.5961],[140.7827,39.6044],[140.7943,39.6032],[140.8047,39.612],[140.8029,39.619],[140.8084,39.6245],[140.8072,39.6317],[140.8159,39.6455],[140.8219,39.6498],[140.8227,39.6699],[140.8195,39.6823],[140.8229,39.6882],[140.8177,39.6907],[140.8104,39.6985],[140.8106,39.7073],[140.8059,39.7111],[140.795,39.7099],[140.7911,39.7161],[140.7889,39.7229],[140.7831,39.7305],[140.7766,39.7333],[140.7838,39.7387],[140.7938,39.7405],[140.8046,39.7458],[140.807,39.7532],[140.8142,39.7621],[140.8227,39.775],[140.8317,39.7797],[140.8382,39.7862],[140.8472,39.7931],[140.842,39.8053],[140.8294,39.8098],[140.8213,39.816],[140.8121,39.8187],[140.805,39.8157],[140.7988,39.8193],[140.787,39.8238],[140.7835,39.8291],[140.7862,39.8365],[140.7853,39.8422],[140.7892,39.8509],[140.7843,39.8563],[140.783,39.8657],[140.7848,39.8718],[140.7891,39.8747],[140.7994,39.8821],[140.809,39.8797],[140.815,39.8797],[140.8237,39.8843],[140.8299,39.8826],[140.8349,39.8806],[140.8325,39.8757],[140.8443,39.8741],[140.8527,39.8665],[140.8623,39.8715],[140.8688,39.8714],[140.8781,39.8747],[140.8786,39.8875],[140.8718,39.8973],[140.8687,39.9082],[140.8665,39.9147],[140.8602,39.9199],[140.855,39.9237],[140.8578,39.9291],[140.8537,39.9347],[140.8532,39.9397],[140.8567,39.9473],[140.8577,39.9531],[140.8483,39.9597],[140.8465,39.9745],[140.8511,39.9944],[140.85,40],[140.8493,40.0085],[140.8557,40.0145],[140.8534,40.0193],[140.8531,40.0253],[140.8507,40.0318],[140.8544,40.0363],[140.8552,40.0439],[140.8539,40.0503],[140.8509,40.0597],[140.8447,40.0737],[140.8519,40.0797],[140.8572,40.0865],[140.865,40.0865],[140.8718,40.0912],[140.8761,40.0969],[140.8772,40.1029],[140.88,40.1075],[140.8813,40.1143],[140.8718,40.1163],[140.8738,40.122],[140.8674,40.1313],[140.8718,40.1381],[140.882,40.1509],[140.8832,40.1589],[140.8718,40.1605],[140.8653,40.1638],[140.8601,40.1699],[140.8718,40.1787],[140.8926,40.1927],[140.8897,40.1999],[140.8974,40.208],[140.8962,40.214],[140.9024,40.2169],[140.9053,40.2222],[140.9141,40.224],[140.9258,40.2266],[140.9421,40.2282],[140.9407,40.2398],[140.9442,40.2461],[140.9553,40.2482],[140.9675,40.2381],[140.9693,40.2278],[140.9765,40.2259],[140.9805,40.2201],[140.9919,40.2231],[140.9968,40.2197],[141.0034,40.2205],[141.0111,40.2193],[141.019,40.2207],[141.0263,40.2221],[141.0273,40.227],[141.0417,40.2354],[141.0594,40.2383],[141.0712,40.2496],[141.0771,40.2529],[141.0847,40.2532],[141.0906,40.2527],[141.0971,40.2555],[141.1046,40.2567],[141.1092,40.261],[141.1009,40.2815],[141.1066,40.2819],[141.1218,40.2909],[141.1355,40.2963],[141.1393,40.3011],[141.1482,40.3007],[141.1559,40.3029],[141.1696,40.3079],[141.1743,40.3103],[141.189,40.3078],[141.2002,40.3093],[141.207,40.3127],[141.2146,40.3148],[141.2212,40.3205],[141.227,40.3286],[141.2329,40.329],[141.2424,40.3365],[141.2468,40.3395],[141.261,40.343],[141.2613,40.3486],[141.278,40.3447],[141.2927,40.3523],[141.2933,40.3593],[141.3002,40.3661],[141.3107,40.3673],[141.3174,40.3733],[141.3218,40.3707],[141.3259,40.3659],[141.3323,40.3621],[141.3364,40.3503],[141.3427,40.3421],[141.3488,40.339],[141.3513,40.3344],[141.3572,40.3341],[141.3638,40.3365],[141.3711,40.34],[141.3771,40.3393],[141.3821,40.3439],[141.3902,40.3551],[141.3935,40.3613],[141.3976,40.3677],[141.4083,40.3579],[141.4214,40.3642],[141.4309,40.3682],[141.4357,40.3745],[141.4434,40.3763],[141.4508,40.374],[141.4608,40.3755],[141.4687,40.3774],[141.4809,40.3765],[141.4865,40.3723],[141.4968,40.3679],[141.4995,40.3626],[141.505,40.3641],[141.5188,40.3523],[141.5297,40.3507],[141.5374,40.3478],[141.5451,40.3514],[141.552,40.3578],[141.557,40.3617],[141.5646,40.3621],[141.5725,40.3675],[141.5819,40.3745]]]]}},{"type":"Feature","properties":{"nam":"Tottori Ken","nam_ja":"\u9ce5\u53d6\u770c","id":31},"geometry":{"type":"Polygon","coordinates":[[[134.3695,35.6146],[134.3718,35.6083],[134.382,35.6035],[134.3872,35.6031],[134.3927,35.6009],[134.403,35.5935],[134.4061,35.5893],[134.4055,35.583],[134.4057,35.5737],[134.4059,35.5685],[134.4105,35.5629],[134.4158,35.5635],[134.4208,35.5629],[134.4243,35.5513],[134.4204,35.5449],[134.425,35.5419],[134.4222,35.5363],[134.4196,35.5315],[134.4182,35.5253],[134.4123,35.5153],[134.4246,35.5088],[134.4299,35.5032],[134.4271,35.4959],[134.4372,35.4756],[134.4341,35.4711],[134.4361,35.4629],[134.4398,35.4428],[134.4461,35.4413],[134.4542,35.4367],[134.4628,35.4365],[134.4668,35.4329],[134.4731,35.4299],[134.4795,35.4253],[134.4777,35.4199],[134.4769,35.4139],[134.481,35.4102],[134.4783,35.4009],[134.4746,35.3925],[134.4719,35.383],[134.4722,35.378],[134.4852,35.3711],[134.4937,35.3676],[134.5024,35.366],[134.5052,35.3591],[134.5119,35.3544],[134.5083,35.3417],[134.504,35.3365],[134.5022,35.3254],[134.5049,35.3159],[134.5104,35.3113],[134.514,35.3071],[134.5103,35.3029],[134.5093,35.2956],[134.5118,35.2847],[134.5146,35.2773],[134.5016,35.2691],[134.4968,35.2676],[134.4896,35.2618],[134.4819,35.2562],[134.4754,35.2492],[134.4624,35.2441],[134.4624,35.2367],[134.4526,35.2379],[134.4427,35.2358],[134.4384,35.2308],[134.4274,35.2317],[134.4213,35.237],[134.4082,35.2397],[134.4022,35.241],[134.3997,35.2474],[134.393,35.2526],[134.3806,35.2487],[134.3732,35.2459],[134.3738,35.239],[134.3689,35.2327],[134.36,35.2292],[134.3507,35.2237],[134.3418,35.2207],[134.333,35.2125],[134.3208,35.2018],[134.315,35.2011],[134.3019,35.2022],[134.2942,35.1999],[134.2807,35.1966],[134.2756,35.1988],[134.2664,35.2085],[134.2605,35.2104],[134.2549,35.2086],[134.2516,35.2033],[134.2468,35.2001],[134.2406,35.1991],[134.233,35.1984],[134.2255,35.1945],[134.2161,35.1896],[134.2033,35.1891],[134.1937,35.1895],[134.1897,35.1762],[134.1781,35.1699],[134.1718,35.1699],[134.1669,35.1719],[134.1681,35.1791],[134.1618,35.1901],[134.1534,35.1949],[134.154,35.2029],[134.1571,35.2107],[134.1617,35.2179],[134.1627,35.226],[134.1582,35.2342],[134.1439,35.2314],[134.1367,35.239],[134.1448,35.2428],[134.1442,35.2532],[134.1499,35.2585],[134.1429,35.2639],[134.137,35.271],[134.1387,35.279],[134.1342,35.2827],[134.1218,35.281],[134.1149,35.2839],[134.1109,35.2901],[134.1043,35.2949],[134.0972,35.3059],[134.0868,35.3072],[134.0771,35.3028],[134.0696,35.2972],[134.0617,35.3031],[134.0549,35.2988],[134.0481,35.2986],[134.0438,35.3027],[134.0363,35.3042],[134.0296,35.3055],[134.0221,35.3061],[134.0101,35.3076],[134,35.314],[134.0042,35.3246],[134.0145,35.3337],[134.0105,35.339],[134.0143,35.3449],[134.0142,35.3504],[134.0084,35.3505],[133.9968,35.3528],[133.9926,35.3494],[133.9796,35.344],[133.9706,35.3476],[133.9634,35.346],[133.9531,35.3395],[133.9453,35.3327],[133.9392,35.334],[133.9316,35.3338],[133.9275,35.3228],[133.9314,35.3182],[133.9269,35.3104],[133.9192,35.3072],[133.9084,35.3069],[133.8995,35.3043],[133.892,35.3001],[133.886,35.2945],[133.881,35.294],[133.8718,35.2933],[133.8627,35.293],[133.8603,35.2877],[133.8658,35.285],[133.8637,35.278],[133.8651,35.2731],[133.8592,35.2697],[133.8523,35.2643],[133.8433,35.2532],[133.8308,35.2489],[133.8176,35.2527],[133.8155,35.2629],[133.8074,35.2699],[133.8006,35.2865],[133.7973,35.2941],[133.7898,35.2934],[133.7835,35.2948],[133.7756,35.2995],[133.7679,35.307],[133.7618,35.3111],[133.7565,35.3083],[133.7513,35.3111],[133.7468,35.3183],[133.7419,35.3167],[133.7346,35.317],[133.7285,35.3169],[133.72,35.3192],[133.7108,35.3242],[133.7052,35.3244],[133.6971,35.3265],[133.6913,35.3241],[133.6782,35.3188],[133.6735,35.3231],[133.6576,35.3291],[133.65,35.3359],[133.6418,35.3365],[133.6337,35.3394],[133.6218,35.3369],[133.6157,35.3413],[133.6095,35.3415],[133.5957,35.3451],[133.5884,35.3365],[133.5918,35.3323],[133.5889,35.3281],[133.5858,35.3237],[133.5808,35.3183],[133.5763,35.3012],[133.574,35.2904],[133.5716,35.2822],[133.5684,35.2777],[133.5711,35.2733],[133.5674,35.2687],[133.5672,35.2599],[133.5617,35.2532],[133.5592,35.2464],[133.5549,35.2425],[133.5485,35.2433],[133.5417,35.2424],[133.5365,35.2379],[133.5292,35.2368],[133.5173,35.2406],[133.5143,35.2365],[133.5075,35.2331],[133.5053,35.2286],[133.5093,35.2231],[133.5143,35.2208],[133.5185,35.2137],[133.5211,35.2073],[133.5223,35.1989],[133.5246,35.1944],[133.5279,35.1881],[133.5256,35.1829],[133.5204,35.1821],[133.5156,35.1908],[133.5078,35.1925],[133.4968,35.1875],[133.4916,35.1875],[133.4862,35.1867],[133.4823,35.183],[133.4744,35.182],[133.4664,35.1753],[133.4603,35.1778],[133.4562,35.1735],[133.4501,35.1723],[133.4392,35.1733],[133.4281,35.1773],[133.4224,35.1764],[133.4159,35.184],[133.4078,35.1856],[133.4025,35.1825],[133.3965,35.1809],[133.3958,35.173],[133.3974,35.1649],[133.3997,35.1558],[133.4023,35.1513],[133.4042,35.1446],[133.4085,35.1408],[133.4108,35.1353],[133.4113,35.1225],[133.4029,35.1143],[133.3883,35.1131],[133.3828,35.1147],[133.3718,35.1128],[133.3606,35.1048],[133.3546,35.1009],[133.3489,35.1046],[133.3383,35.1067],[133.3335,35.1026],[133.3261,35.0944],[133.3208,35.0938],[133.3164,35.0963],[133.3079,35.0991],[133.2989,35.1035],[133.2902,35.0995],[133.2884,35.0917],[133.2893,35.0865],[133.2882,35.0775],[133.2904,35.0717],[133.2839,35.0661],[133.2773,35.0663],[133.2717,35.0609],[133.2618,35.0624],[133.258,35.0676],[133.2506,35.0781],[133.2398,35.0791],[133.232,35.0776],[133.2326,35.0705],[133.2184,35.0715],[133.2039,35.0728],[133.1976,35.0721],[133.1811,35.069],[133.173,35.069],[133.1644,35.0704],[133.1579,35.0726],[133.1526,35.0703],[133.1467,35.0674],[133.136,35.0693],[133.1357,35.0743],[133.1409,35.0812],[133.1374,35.0931],[133.1397,35.0984],[133.1447,35.1067],[133.1397,35.1183],[133.1457,35.1243],[133.1457,35.1328],[133.1493,35.1409],[133.155,35.1459],[133.1657,35.1494],[133.1703,35.1536],[133.1838,35.1575],[133.1893,35.1616],[133.1927,35.1669],[133.1922,35.1783],[133.1889,35.1841],[133.1816,35.1881],[133.1834,35.1943],[133.1819,35.2009],[133.1733,35.2055],[133.1686,35.209],[133.1625,35.2067],[133.1544,35.2032],[133.151,35.2162],[133.161,35.2231],[133.1698,35.2265],[133.174,35.2297],[133.1889,35.2368],[133.2057,35.2421],[133.2238,35.2493],[133.2309,35.2469],[133.2394,35.2507],[133.2447,35.2532],[133.2507,35.2587],[133.2581,35.2615],[133.2745,35.258],[133.2805,35.2619],[133.2887,35.2612],[133.2952,35.2643],[133.3008,35.2634],[133.3099,35.2685],[133.3074,35.2793],[133.299,35.2915],[133.3057,35.3027],[133.2975,35.3119],[133.2919,35.3197],[133.2977,35.3247],[133.2957,35.3365],[133.2948,35.3465],[133.3071,35.3659],[133.3138,35.3656],[133.3177,35.3728],[133.3239,35.3743],[133.314,35.3867],[133.3191,35.3946],[133.32,35.3998],[133.3205,35.4069],[133.3145,35.4199],[133.3097,35.4281],[133.3021,35.4351],[133.2755,35.4448],[133.2468,35.4627],[133.2263,35.4772],[133.2215,35.4815],[133.2116,35.5032],[133.1986,35.5251],[133.1999,35.5339],[133.2175,35.5461],[133.2312,35.5491],[133.2441,35.5491],[133.2575,35.5502],[133.2648,35.5516],[133.2547,35.5412],[133.2468,35.5369],[133.2468,35.5278],[133.2551,35.5283],[133.26,35.5199],[133.2509,35.5158],[133.259,35.5032],[133.264,35.4982],[133.2876,35.4812],[133.312,35.4703],[133.3402,35.4624],[133.3618,35.4593],[133.3718,35.4573],[133.3889,35.4539],[133.4096,35.4547],[133.4248,35.4602],[133.4287,35.47],[133.4334,35.4773],[133.4397,35.4859],[133.4456,35.494],[133.4579,35.4983],[133.4679,35.4984],[133.4801,35.5032],[133.4883,35.5081],[133.4935,35.5124],[133.4998,35.5155],[133.5136,35.5177],[133.518,35.5205],[133.5283,35.5195],[133.5352,35.5241],[133.5408,35.5215],[133.5519,35.5237],[133.5578,35.5262],[133.567,35.5303],[133.5897,35.532],[133.5943,35.5267],[133.607,35.5223],[133.6218,35.5201],[133.6306,35.5193],[133.6425,35.5153],[133.6476,35.5154],[133.657,35.5123],[133.6657,35.5075],[133.6832,35.5071],[133.6901,35.5071],[133.7035,35.5073],[133.7169,35.5041],[133.7241,35.5032],[133.7468,35.5016],[133.7716,35.5007],[133.782,35.5009],[133.79,35.5009],[133.8387,35.5032],[133.853,35.5051],[133.8718,35.5059],[133.8787,35.5074],[133.8853,35.5087],[133.8953,35.5075],[133.9017,35.5103],[133.9081,35.5086],[133.9357,35.5128],[133.9459,35.5195],[133.9584,35.5193],[133.9592,35.5257],[133.9677,35.5223],[133.9777,35.5224],[133.988,35.5229],[133.9944,35.5239],[133.9999,35.5253],[134.0018,35.5308],[134.0073,35.5379],[134.0131,35.5293],[134.0174,35.5218],[134.0318,35.5187],[134.0427,35.5188],[134.0777,35.5216],[134.0817,35.5251],[134.0889,35.5251],[134.0964,35.5245],[134.1029,35.5257],[134.1097,35.5269],[134.1203,35.5269],[134.1367,35.5291],[134.1777,35.5358],[134.1837,35.5399],[134.1898,35.5397],[134.2302,35.5468],[134.2468,35.5519],[134.2672,35.5587],[134.2743,35.5637],[134.2765,35.5723],[134.2813,35.5742],[134.2869,35.5737],[134.292,35.5764],[134.2916,35.5828],[134.2949,35.5899],[134.3018,35.5924],[134.3104,35.5939],[134.3182,35.5927],[134.3341,35.5925],[134.3374,35.5964],[134.3398,35.6025],[134.3393,35.6077],[134.3444,35.6049],[134.3483,35.601],[134.3579,35.6007],[134.369,35.6042],[134.3695,35.6146]]]}},{"type":"Feature","properties":{"nam":"Tokushima Ken","nam_ja":"\u5fb3\u5cf6\u770c","id":36},"geometry":{"type":"MultiPolygon","coordinates":[[[[134.4397,34.2079],[134.45,34.2057],[134.4579,34.2075],[134.4733,34.2095],[134.483,34.2181],[134.4968,34.2245],[134.5063,34.2257],[134.5192,34.2255],[134.5291,34.2262],[134.5363,34.2261],[134.5436,34.2249],[134.5578,34.2216],[134.5652,34.2251],[134.5707,34.2244],[134.5656,34.2299],[134.5686,34.2362],[134.5835,34.2393],[134.5899,34.2378],[134.5857,34.2325],[134.5893,34.2249],[134.5835,34.2126],[134.5839,34.2058],[134.5937,34.1959],[134.6095,34.1909],[134.6218,34.1823],[134.6323,34.1819],[134.6418,34.1802],[134.6359,34.1699],[134.6218,34.1516],[134.6142,34.1428],[134.6037,34.1197],[134.6016,34.1035],[134.6029,34.0865],[134.593,34.0648],[134.6034,34.0647],[134.603,34.0558],[134.5976,34.0539],[134.5884,34.0568],[134.585,34.052],[134.5953,34.0494],[134.5916,34.0389],[134.5853,34.0363],[134.5928,34.035],[134.5879,34.0299],[134.5969,34.0231],[134.6001,34.0187],[134.5912,34.0161],[134.5884,34.0117],[134.5912,34.0063],[134.5985,34.0032],[134.6051,33.9963],[134.6122,33.998],[134.6089,33.9928],[134.6049,33.9859],[134.6101,33.9909],[134.6165,33.9917],[134.6218,33.9889],[134.6244,33.9937],[134.6325,33.9939],[134.6295,33.9984],[134.6257,34.0037],[134.6283,34.0102],[134.634,34.0097],[134.6427,34.0032],[134.6513,33.9864],[134.6565,33.9767],[134.6677,33.9622],[134.6816,33.9593],[134.6888,33.9543],[134.6978,33.9501],[134.6983,33.9405],[134.7058,33.9257],[134.6997,33.9199],[134.7018,33.9139],[134.6974,33.9093],[134.6932,33.9033],[134.6836,33.8925],[134.6787,33.8885],[134.6768,33.8835],[134.6709,33.8853],[134.667,33.8791],[134.6527,33.8823],[134.6605,33.8757],[134.6559,33.8722],[134.6497,33.8705],[134.6396,33.8695],[134.6331,33.8663],[134.6285,33.8573],[134.6353,33.8591],[134.6388,33.8634],[134.6454,33.8659],[134.6446,33.8569],[134.644,33.8493],[134.6391,33.8448],[134.6461,33.8432],[134.6518,33.8445],[134.6571,33.8487],[134.6618,33.8435],[134.6659,33.8483],[134.6732,33.8499],[134.6796,33.8511],[134.6862,33.8499],[134.6917,33.8482],[134.6994,33.8492],[134.7065,33.85],[134.7156,33.8486],[134.7193,33.8452],[134.7049,33.8418],[134.6974,33.8418],[134.689,33.8385],[134.6801,33.8339],[134.6892,33.8329],[134.6972,33.8331],[134.7072,33.8347],[134.715,33.836],[134.7192,33.8313],[134.7278,33.8365],[134.7361,33.84],[134.7446,33.8365],[134.7495,33.8345],[134.7353,33.828],[134.7301,33.8244],[134.7221,33.8238],[134.7006,33.8132],[134.6919,33.8083],[134.684,33.8059],[134.6785,33.8043],[134.6713,33.8012],[134.6505,33.7895],[134.6411,33.7885],[134.6417,33.7829],[134.6368,33.7859],[134.6218,33.7862],[134.6164,33.7811],[134.6088,33.7797],[134.6069,33.7748],[134.6013,33.7719],[134.6019,33.7647],[134.5966,33.7643],[134.5933,33.7699],[134.5873,33.7685],[134.5797,33.7699],[134.581,33.7633],[134.5729,33.7651],[134.5714,33.7591],[134.5744,33.7532],[134.5701,33.7435],[134.5667,33.7377],[134.5618,33.7339],[134.5566,33.7343],[134.5581,33.743],[134.551,33.7357],[134.5433,33.7366],[134.5405,33.7281],[134.542,33.7224],[134.5362,33.7153],[134.5309,33.7118],[134.5239,33.7072],[134.5166,33.7015],[134.5116,33.6993],[134.5047,33.6993],[134.5023,33.6942],[134.4917,33.6932],[134.4866,33.6909],[134.482,33.6859],[134.4719,33.6815],[134.465,33.6797],[134.4546,33.6733],[134.4484,33.6703],[134.4421,33.6656],[134.4302,33.6639],[134.4184,33.6656],[134.4169,33.6606],[134.4112,33.6541],[134.403,33.6599],[134.3955,33.6561],[134.396,33.6503],[134.3895,33.6503],[134.386,33.6447],[134.3803,33.6397],[134.3744,33.6357],[134.3689,33.6337],[134.3662,33.6291],[134.364,33.6242],[134.3718,33.6241],[134.379,33.6249],[134.3888,33.6233],[134.3826,33.615],[134.3718,33.6101],[134.3679,33.6067],[134.3612,33.5958],[134.3633,33.5889],[134.3531,33.5865],[134.3437,33.5852],[134.332,33.5844],[134.3435,33.5835],[134.3502,33.5834],[134.3622,33.5805],[134.3571,33.5791],[134.3373,33.5783],[134.329,33.5819],[134.3166,33.581],[134.313,33.5768],[134.3089,33.5727],[134.3089,33.5628],[134.3123,33.5566],[134.3148,33.5507],[134.314,33.5457],[134.308,33.5464],[134.3044,33.5519],[134.2997,33.5548],[134.2822,33.5603],[134.2733,33.5605],[134.2704,33.5555],[134.2628,33.5563],[134.2529,33.5528],[134.2468,33.5539],[134.2413,33.556],[134.2372,33.5526],[134.2326,33.5553],[134.2284,33.5599],[134.2197,33.5667],[134.2135,33.567],[134.1953,33.5606],[134.193,33.5714],[134.1869,33.5765],[134.1848,33.5865],[134.1769,33.5941],[134.1713,33.5961],[134.1696,33.601],[134.1745,33.6061],[134.1648,33.6106],[134.1556,33.6116],[134.1522,33.616],[134.1539,33.6223],[134.1498,33.6269],[134.1544,33.6327],[134.1616,33.635],[134.1669,33.6388],[134.1766,33.6444],[134.1832,33.6485],[134.1771,33.6535],[134.1711,33.6571],[134.169,33.6699],[134.1742,33.6755],[134.1743,33.6836],[134.1633,33.6881],[134.1474,33.6849],[134.1384,33.6899],[134.1332,33.6931],[134.1218,33.6959],[134.1098,33.6945],[134.101,33.6941],[134.0913,33.6925],[134.0775,33.6901],[134.0668,33.6885],[134.0575,33.6908],[134.0641,33.6987],[134.0646,33.7071],[134.0696,33.7111],[134.0645,33.7193],[134.0673,33.7262],[134.0658,33.7338],[134.0598,33.742],[134.0561,33.7507],[134.0578,33.7601],[134.057,33.7795],[134.0519,33.7853],[134.0466,33.7891],[134.0463,33.7967],[134.033,33.8089],[134.035,33.8135],[134.0361,33.8185],[134.0324,33.8283],[134.0236,33.8257],[134.0134,33.8223],[133.9968,33.821],[133.9916,33.8261],[133.9866,33.8365],[133.984,33.8408],[133.9745,33.8365],[133.9604,33.8347],[133.9513,33.8293],[133.9525,33.8187],[133.9483,33.8064],[133.9409,33.7991],[133.9249,33.8005],[133.9131,33.7915],[133.9083,33.7945],[133.9022,33.7937],[133.8934,33.8043],[133.8867,33.8028],[133.8731,33.8058],[133.8581,33.8267],[133.8533,33.8338],[133.8458,33.8365],[133.8386,33.8446],[133.828,33.8446],[133.819,33.8381],[133.811,33.8379],[133.802,33.8372],[133.7877,33.8365],[133.7863,33.8416],[133.7761,33.8422],[133.7668,33.84],[133.7569,33.8365],[133.7468,33.8368],[133.7421,33.8414],[133.7378,33.8495],[133.7308,33.8506],[133.7192,33.8492],[133.7074,33.8515],[133.7009,33.8498],[133.6946,33.8559],[133.6871,33.8565],[133.6768,33.8586],[133.6739,33.8627],[133.6682,33.8655],[133.664,33.8688],[133.6602,33.8816],[133.6649,33.8877],[133.6774,33.8936],[133.6747,33.902],[133.6778,33.9096],[133.6872,33.9161],[133.6853,33.9255],[133.6755,33.9263],[133.6836,33.9391],[133.6897,33.9417],[133.6872,33.954],[133.6918,33.962],[133.6852,33.9647],[133.6801,33.9696],[133.6827,33.9757],[133.6815,33.9833],[133.6745,33.9835],[133.6777,33.9948],[133.6815,33.9994],[133.6841,34.0072],[133.679,34.0124],[133.6855,34.0125],[133.6994,34.0175],[133.7073,34.0156],[133.7203,34.022],[133.7231,34.0368],[133.7281,34.0439],[133.7399,34.0501],[133.7468,34.0529],[133.7547,34.0589],[133.7608,34.065],[133.7629,34.0696],[133.7683,34.0728],[133.7774,34.0781],[133.7825,34.08],[133.7907,34.0781],[133.7976,34.0695],[133.8126,34.073],[133.8195,34.0739],[133.8226,34.0865],[133.8218,34.0922],[133.8329,34.0975],[133.841,34.0949],[133.8461,34.0976],[133.8536,34.1037],[133.8624,34.1053],[133.8658,34.1008],[133.8802,34.104],[133.8922,34.108],[133.8992,34.1019],[133.9065,34.1018],[133.9214,34.1142],[133.93,34.1153],[133.9365,34.1152],[133.9372,34.1077],[133.943,34.1023],[133.9454,34.0919],[133.9573,34.0865],[133.961,34.0815],[133.9718,34.0731],[133.9766,34.075],[133.9845,34.0769],[133.9908,34.0729],[133.9968,34.0738],[134.0017,34.0803],[134.0093,34.0865],[134.0192,34.0847],[134.0267,34.0865],[134.0261,34.0921],[134.0293,34.096],[134.0382,34.1],[134.043,34.1114],[134.0491,34.1173],[134.0551,34.1167],[134.0602,34.1114],[134.0672,34.1127],[134.0748,34.1175],[134.0801,34.1211],[134.0921,34.1147],[134.1037,34.1158],[134.1126,34.1178],[134.1185,34.1201],[134.1281,34.1231],[134.132,34.1281],[134.1379,34.1324],[134.1379,34.1405],[134.1348,34.1513],[134.14,34.1549],[134.1456,34.1649],[134.1549,34.1665],[134.1631,34.1699],[134.1694,34.175],[134.1771,34.1759],[134.1821,34.1739],[134.1956,34.1722],[134.2045,34.1729],[134.2179,34.1782],[134.227,34.1786],[134.2438,34.1797],[134.2503,34.1805],[134.2594,34.1833],[134.2715,34.1815],[134.2765,34.1765],[134.2852,34.1797],[134.2911,34.1791],[134.2963,34.1699],[134.3026,34.1705],[134.3086,34.1717],[134.3139,34.1771],[134.3264,34.1736],[134.3327,34.1751],[134.3426,34.1724],[134.3458,34.1767],[134.3493,34.1853],[134.3585,34.1839],[134.3718,34.1749],[134.3794,34.1721],[134.3844,34.1659],[134.3923,34.1636],[134.4016,34.1679],[134.4057,34.164],[134.4124,34.1568],[134.4184,34.1575],[134.4276,34.1671],[134.4334,34.1699],[134.4334,34.178],[134.4287,34.1831],[134.4384,34.191],[134.4388,34.1982],[134.4397,34.2079]]]]}},{"type":"Feature","properties":{"nam":"Kagoshima Ken","nam_ja":"\u9e7f\u5150\u5cf6\u770c","id":46},"geometry":{"type":"MultiPolygon","coordinates":[[[[130.5908,32.1859],[130.604,32.1869],[130.6098,32.1863],[130.6154,32.1738],[130.6137,32.1675],[130.6218,32.1558],[130.631,32.1553],[130.6374,32.1543],[130.6507,32.1511],[130.6543,32.1383],[130.6633,32.1309],[130.6739,32.1239],[130.6807,32.1199],[130.7013,32.1057],[130.71,32.1041],[130.7197,32.1006],[130.7182,32.0956],[130.7154,32.0865],[130.7098,32.0811],[130.7036,32.0784],[130.7026,32.0693],[130.7025,32.0582],[130.7348,32.0479],[130.7435,32.0415],[130.7468,32.0347],[130.7564,32.0326],[130.7597,32.0281],[130.7647,32.0229],[130.7696,32.02],[130.7774,32.0139],[130.7779,32.0032],[130.7798,31.9934],[130.7836,31.9786],[130.7941,31.9721],[130.7973,31.9631],[130.7995,31.9493],[130.8045,31.9496],[130.8155,31.941],[130.8393,31.9424],[130.8449,31.9399],[130.8571,31.9369],[130.8658,31.933],[130.8691,31.9276],[130.8789,31.9218],[130.8823,31.9147],[130.8876,31.9051],[130.8918,31.8993],[130.8974,31.8868],[130.9114,31.8869],[130.9038,31.8851],[130.8935,31.8763],[130.8879,31.8631],[130.8884,31.8515],[130.8839,31.8458],[130.8746,31.8429],[130.8784,31.8373],[130.8811,31.8314],[130.8769,31.8268],[130.8761,31.8154],[130.8808,31.8128],[130.8835,31.8052],[130.8893,31.8063],[130.8996,31.801],[130.9091,31.8012],[130.9149,31.8044],[130.9185,31.7989],[130.9261,31.7894],[130.9311,31.7854],[130.9404,31.7849],[130.9658,31.7812],[130.9712,31.7838],[130.9774,31.7802],[130.9866,31.7792],[130.99,31.7747],[130.9894,31.7684],[130.982,31.7671],[130.9775,31.7594],[130.9773,31.7532],[130.985,31.7506],[130.9968,31.7456],[131.006,31.7489],[131.0142,31.7485],[131.0157,31.7342],[131.0153,31.7193],[131.0129,31.7115],[131.0174,31.7055],[131.0271,31.6963],[131.0239,31.6863],[131.025,31.6782],[131.0281,31.6738],[131.0251,31.6662],[131.0325,31.6619],[131.0372,31.6601],[131.0455,31.6511],[131.0483,31.6396],[131.0531,31.6337],[131.0614,31.6434],[131.0693,31.6526],[131.0725,31.6585],[131.0783,31.6597],[131.0834,31.6557],[131.0897,31.6514],[131.0964,31.6455],[131.1072,31.6373],[131.1125,31.6344],[131.1149,31.6299],[131.1276,31.6263],[131.1395,31.6285],[131.1496,31.6298],[131.1554,31.6351],[131.1632,31.637],[131.1691,31.6344],[131.1778,31.629],[131.1877,31.6235],[131.1884,31.617],[131.1851,31.6093],[131.1881,31.6015],[131.1975,31.5931],[131.201,31.5865],[131.2038,31.5785],[131.2001,31.5695],[131.1957,31.5631],[131.1883,31.5573],[131.196,31.5488],[131.1969,31.5391],[131.2001,31.53],[131.1986,31.5143],[131.1922,31.5094],[131.176,31.5045],[131.1692,31.4998],[131.1631,31.4846],[131.1628,31.4702],[131.1606,31.4639],[131.1531,31.4663],[131.144,31.4678],[131.1387,31.4611],[131.132,31.4685],[131.1218,31.4734],[131.1117,31.4731],[131.1066,31.4703],[131.1001,31.4679],[131.0983,31.4598],[131.094,31.4567],[131.0858,31.4618],[131.0739,31.4554],[131.0605,31.4451],[131.0557,31.4415],[131.0355,31.4199],[131.0199,31.3946],[131.014,31.3649],[131.0147,31.3585],[131.0447,31.3485],[131.0599,31.3419],[131.0756,31.3395],[131.0812,31.3365],[131.0911,31.3345],[131.0975,31.3321],[131.1027,31.3336],[131.1075,31.3308],[131.1041,31.3234],[131.1057,31.3163],[131.0986,31.3093],[131.0918,31.3054],[131.0854,31.2967],[131.073,31.2915],[131.0749,31.2808],[131.0827,31.2746],[131.0913,31.2788],[131.0986,31.2769],[131.1054,31.2754],[131.1154,31.2795],[131.1218,31.2867],[131.1291,31.2845],[131.129,31.2789],[131.1218,31.2713],[131.1117,31.2667],[131.108,31.2603],[131.1015,31.2576],[131.0934,31.2532],[131.0862,31.2495],[131.0771,31.2418],[131.0659,31.2281],[131.0576,31.2268],[131.0478,31.2243],[131.0418,31.2276],[131.0359,31.2261],[131.0254,31.2269],[131.0162,31.2278],[131.0063,31.2159],[131.0083,31.2066],[131.0067,31.2015],[131.0034,31.1959],[131.0018,31.1901],[130.9968,31.1871],[130.9843,31.1798],[130.9865,31.1738],[130.9945,31.1699],[130.9895,31.1686],[130.9812,31.1688],[130.9731,31.1669],[130.9706,31.1605],[130.9774,31.1571],[130.9725,31.1459],[130.9598,31.1372],[130.9486,31.1325],[130.9407,31.1281],[130.928,31.1237],[130.9216,31.1249],[130.9179,31.1179],[130.915,31.1133],[130.9002,31.1129],[130.8908,31.1064],[130.8718,31.0948],[130.8604,31.0931],[130.8539,31.0915],[130.8472,31.0889],[130.8334,31.0927],[130.8277,31.0925],[130.8212,31.0873],[130.8151,31.0881],[130.8073,31.0865],[130.8064,31.0806],[130.8017,31.0833],[130.7925,31.0817],[130.792,31.0745],[130.785,31.0723],[130.7754,31.0661],[130.7691,31.066],[130.7638,31.0635],[130.7598,31.0549],[130.755,31.0575],[130.7468,31.0605],[130.7425,31.0531],[130.7339,31.0491],[130.7264,31.0466],[130.7214,31.0447],[130.7156,31.0422],[130.7155,31.0371],[130.7172,31.0313],[130.7122,31.029],[130.7074,31.0308],[130.6996,31.0277],[130.6964,31.0232],[130.6899,31.0221],[130.686,31.0257],[130.684,31.0204],[130.6874,31.0161],[130.6826,31.0064],[130.6767,31.0073],[130.6686,31.0087],[130.666,31.0032],[130.6664,30.9975],[130.6606,30.9942],[130.6555,31.0015],[130.6582,31.0073],[130.664,31.0113],[130.6677,31.0225],[130.6729,31.0289],[130.6753,31.0375],[130.6744,31.0441],[130.6753,31.0496],[130.6744,31.0564],[130.676,31.0627],[130.6699,31.0659],[130.6652,31.0679],[130.6583,31.0707],[130.6529,31.0694],[130.6635,31.0808],[130.6706,31.0865],[130.6826,31.0891],[130.6852,31.0935],[130.69,31.0959],[130.6966,31.0989],[130.713,31.1145],[130.7211,31.1145],[130.731,31.1175],[130.7417,31.1306],[130.7468,31.1395],[130.7593,31.1699],[130.7655,31.1796],[130.7632,31.1895],[130.7573,31.1959],[130.7537,31.2],[130.7529,31.2103],[130.7577,31.2167],[130.7669,31.2249],[130.7721,31.2378],[130.7853,31.2467],[130.7891,31.2532],[130.7892,31.2689],[130.7919,31.2781],[130.7923,31.2837],[130.7948,31.2916],[130.7895,31.3045],[130.7942,31.3109],[130.7973,31.3202],[130.7991,31.3252],[130.8018,31.3365],[130.7922,31.3459],[130.791,31.3527],[130.7852,31.3623],[130.7778,31.3713],[130.776,31.3808],[130.7706,31.3877],[130.7666,31.4011],[130.7617,31.4028],[130.7623,31.4097],[130.7593,31.4137],[130.7569,31.4199],[130.7468,31.4331],[130.737,31.4419],[130.7274,31.4519],[130.7059,31.4581],[130.6976,31.4629],[130.6938,31.4864],[130.6974,31.4946],[130.6961,31.5032],[130.6959,31.5145],[130.6976,31.5287],[130.705,31.5301],[130.7059,31.5383],[130.6974,31.5553],[130.6889,31.552],[130.6838,31.5459],[130.6767,31.5451],[130.6755,31.5528],[130.6694,31.5513],[130.6475,31.5496],[130.642,31.5467],[130.6361,31.5459],[130.6319,31.5527],[130.6271,31.5566],[130.6241,31.5525],[130.6196,31.5604],[130.615,31.5627],[130.6111,31.5679],[130.6076,31.5737],[130.5988,31.5755],[130.5923,31.58],[130.5905,31.5865],[130.5952,31.5919],[130.5983,31.597],[130.605,31.5969],[130.6102,31.6073],[130.6218,31.6181],[130.627,31.621],[130.6351,31.6205],[130.6416,31.6204],[130.6504,31.6235],[130.6598,31.6261],[130.6675,31.6272],[130.6728,31.6247],[130.6771,31.6291],[130.6815,31.6247],[130.6887,31.6232],[130.6952,31.6248],[130.699,31.6187],[130.7077,31.6117],[130.7092,31.605],[130.7157,31.6029],[130.71,31.5993],[130.7119,31.5943],[130.7161,31.5865],[130.7082,31.5823],[130.7116,31.5769],[130.7135,31.5711],[130.7101,31.5662],[130.7195,31.5656],[130.7057,31.5569],[130.7108,31.5573],[130.7159,31.5573],[130.7251,31.5571],[130.734,31.5585],[130.7415,31.5583],[130.7468,31.5583],[130.7642,31.5623],[130.7749,31.5719],[130.7864,31.5865],[130.7864,31.5932],[130.7851,31.6011],[130.7927,31.6099],[130.7949,31.6154],[130.8001,31.6317],[130.8059,31.6385],[130.8157,31.6439],[130.8187,31.648],[130.8219,31.656],[130.8178,31.6699],[130.8149,31.6759],[130.8115,31.6819],[130.8031,31.6876],[130.7977,31.6875],[130.799,31.6941],[130.7939,31.7018],[130.7845,31.7036],[130.7735,31.7037],[130.7669,31.7073],[130.755,31.7064],[130.7468,31.7087],[130.7379,31.71],[130.7302,31.7093],[130.7278,31.7153],[130.7296,31.7227],[130.7261,31.7181],[130.7162,31.7243],[130.7061,31.7254],[130.695,31.7288],[130.6867,31.735],[130.6757,31.7301],[130.6712,31.7277],[130.6648,31.7294],[130.6593,31.7283],[130.6435,31.7185],[130.6333,31.7111],[130.6274,31.7131],[130.6218,31.7082],[130.6151,31.6995],[130.6138,31.6933],[130.6089,31.6827],[130.6105,31.6726],[130.6139,31.6638],[130.618,31.659],[130.6112,31.6555],[130.6037,31.6465],[130.6014,31.6315],[130.5913,31.6245],[130.5839,31.6198],[130.5767,31.6169],[130.5745,31.6123],[130.5719,31.6031],[130.5607,31.5957],[130.5619,31.5865],[130.5698,31.5832],[130.564,31.5787],[130.5694,31.5807],[130.5687,31.5733],[130.562,31.5575],[130.5579,31.5463],[130.5528,31.5481],[130.5444,31.5454],[130.5451,31.5374],[130.5363,31.5332],[130.5382,31.5279],[130.5413,31.5342],[130.5376,31.5221],[130.528,31.5246],[130.5361,31.5195],[130.5322,31.5069],[130.5207,31.5091],[130.5176,31.5032],[130.5292,31.5009],[130.5303,31.484],[130.5247,31.4847],[130.5233,31.4902],[130.5136,31.4939],[130.5187,31.4874],[130.5138,31.4823],[130.5162,31.4771],[130.5183,31.4713],[130.5317,31.4698],[130.5312,31.4623],[130.5146,31.464],[130.5131,31.4567],[130.5169,31.4492],[130.5165,31.4419],[130.5202,31.4339],[130.5229,31.4199],[130.5245,31.4137],[130.5279,31.4066],[130.534,31.3945],[130.5484,31.3962],[130.5571,31.3856],[130.547,31.3795],[130.5411,31.3856],[130.5451,31.3779],[130.5591,31.3365],[130.5615,31.3292],[130.5704,31.3138],[130.5832,31.3041],[130.5882,31.3027],[130.5949,31.2939],[130.6056,31.2912],[130.6173,31.2811],[130.6218,31.2755],[130.6346,31.2715],[130.6581,31.2707],[130.6667,31.2667],[130.6605,31.2604],[130.6557,31.2532],[130.6486,31.2417],[130.6561,31.2227],[130.6549,31.2177],[130.6484,31.2166],[130.6389,31.216],[130.6301,31.2115],[130.6272,31.2033],[130.6322,31.2003],[130.6352,31.2063],[130.6449,31.2022],[130.6413,31.1955],[130.6354,31.1864],[130.6304,31.1843],[130.6218,31.1813],[130.6059,31.1829],[130.5938,31.1785],[130.5871,31.1699],[130.5945,31.1641],[130.589,31.1607],[130.5862,31.1559],[130.5719,31.1699],[130.5627,31.1756],[130.5543,31.1781],[130.5438,31.1699],[130.5364,31.1657],[130.5304,31.1637],[130.5197,31.1651],[130.5137,31.1699],[130.5057,31.1775],[130.507,31.1927],[130.5143,31.1973],[130.5075,31.2131],[130.4968,31.2259],[130.4814,31.2396],[130.4623,31.2499],[130.4557,31.2503],[130.4482,31.2515],[130.4418,31.2503],[130.4355,31.253],[130.433,31.2461],[130.4267,31.2473],[130.4209,31.2473],[130.4151,31.2505],[130.4099,31.2528],[130.402,31.2532],[130.3949,31.2529],[130.3896,31.2549],[130.383,31.2532],[130.3718,31.251],[130.3634,31.2512],[130.3531,31.2501],[130.3455,31.2532],[130.3376,31.2548],[130.332,31.2551],[130.3245,31.2564],[130.3151,31.2569],[130.3071,31.2665],[130.3008,31.2645],[130.2936,31.2595],[130.2961,31.2674],[130.2908,31.2689],[130.287,31.2627],[130.2919,31.261],[130.2854,31.2625],[130.2808,31.2532],[130.2769,31.2466],[130.2663,31.2532],[130.2612,31.2559],[130.2532,31.2562],[130.2482,31.2532],[130.2402,31.2532],[130.2368,31.2589],[130.228,31.2532],[130.2225,31.2532],[130.2157,31.2485],[130.2136,31.2532],[130.2142,31.2613],[130.2182,31.2668],[130.2254,31.2683],[130.2206,31.2727],[130.215,31.271],[130.2169,31.2767],[130.2211,31.2737],[130.2252,31.2775],[130.2203,31.2824],[130.2151,31.2821],[130.2157,31.2885],[130.2074,31.2831],[130.2019,31.2831],[130.1986,31.2889],[130.199,31.2969],[130.2096,31.2994],[130.2153,31.3026],[130.2195,31.2987],[130.2245,31.3045],[130.2232,31.3104],[130.2172,31.3097],[130.2171,31.3159],[130.2139,31.3199],[130.2087,31.3219],[130.2035,31.3189],[130.2052,31.3141],[130.1969,31.3165],[130.19,31.3157],[130.1875,31.3213],[130.1803,31.3239],[130.173,31.3235],[130.1755,31.328],[130.1864,31.3319],[130.1941,31.3295],[130.2004,31.3341],[130.2054,31.3365],[130.2089,31.3437],[130.2021,31.3485],[130.1994,31.3581],[130.1918,31.3549],[130.1884,31.3676],[130.1829,31.3654],[130.1742,31.366],[130.1696,31.3739],[130.1638,31.374],[130.1595,31.3799],[130.1534,31.384],[130.1486,31.3903],[130.1452,31.394],[130.1398,31.4051],[130.1328,31.408],[130.1218,31.416],[130.1124,31.4141],[130.1075,31.409],[130.1088,31.4199],[130.1133,31.4232],[130.1218,31.4223],[130.1262,31.4199],[130.132,31.417],[130.1353,31.4129],[130.1408,31.4199],[130.1472,31.4291],[130.1523,31.4307],[130.1577,31.4397],[130.1671,31.4308],[130.1692,31.4199],[130.1764,31.4199],[130.1839,31.4136],[130.1895,31.4199],[130.186,31.4244],[130.1902,31.4288],[130.1906,31.4199],[130.191,31.4098],[130.2014,31.4069],[130.2112,31.4043],[130.2245,31.4019],[130.2293,31.4051],[130.2349,31.4102],[130.2468,31.4156],[130.252,31.4193],[130.2599,31.4199],[130.2716,31.4259],[130.2824,31.4414],[130.2892,31.4459],[130.3121,31.4905],[130.3178,31.5032],[130.3213,31.5119],[130.3317,31.5552],[130.3338,31.5865],[130.3307,31.6167],[130.3268,31.6335],[130.3147,31.6583],[130.3034,31.662],[130.2982,31.6699],[130.2833,31.6941],[130.2738,31.7059],[130.2671,31.7057],[130.2617,31.7071],[130.2528,31.7092],[130.2598,31.7085],[130.2624,31.7145],[130.2596,31.7214],[130.2518,31.7309],[130.2468,31.7315],[130.2361,31.7345],[130.231,31.7385],[130.2273,31.7425],[130.2194,31.75],[130.213,31.7532],[130.2036,31.7553],[130.1974,31.7532],[130.1943,31.7481],[130.1855,31.7487],[130.1875,31.7579],[130.1842,31.7696],[130.1806,31.7738],[130.1796,31.7788],[130.174,31.7801],[130.1689,31.7889],[130.166,31.7938],[130.17,31.7983],[130.1732,31.8085],[130.1755,31.8178],[130.1858,31.8301],[130.1804,31.8327],[130.1867,31.8365],[130.1811,31.8355],[130.1901,31.8429],[130.1978,31.8533],[130.1911,31.8583],[130.1975,31.8583],[130.2003,31.87],[130.2082,31.8709],[130.2136,31.8829],[130.2162,31.8883],[130.2154,31.8938],[130.2231,31.9115],[130.2194,31.9199],[130.2192,31.9283],[130.2167,31.9351],[130.2143,31.9513],[130.2092,31.9693],[130.2044,31.9745],[130.1975,31.981],[130.2,31.9861],[130.1943,31.9903],[130.1906,31.9867],[130.1857,31.9948],[130.1771,31.9898],[130.182,31.9957],[130.1771,32.0032],[130.1793,32.0083],[130.1793,32.0157],[130.1873,32.0161],[130.1929,32.0241],[130.1925,32.0301],[130.2,32.0368],[130.2037,32.0523],[130.2058,32.0579],[130.2035,32.0693],[130.1969,32.0769],[130.1912,32.0771],[130.1924,32.0839],[130.1846,32.0815],[130.1832,32.0716],[130.1716,32.0777],[130.1702,32.0865],[130.1746,32.1045],[130.1781,32.1085],[130.1861,32.1121],[130.192,32.116],[130.2012,32.1201],[130.2092,32.1244],[130.2231,32.1279],[130.2324,32.1278],[130.2395,32.1279],[130.2468,32.1275],[130.2555,32.1261],[130.2626,32.1188],[130.2607,32.1267],[130.2656,32.1285],[130.2725,32.1259],[130.2706,32.1174],[130.2845,32.1087],[130.3016,32.1077],[130.3081,32.108],[130.312,32.1141],[130.3291,32.1232],[130.3358,32.1242],[130.3406,32.1293],[130.3458,32.1305],[130.3514,32.1358],[130.352,32.1417],[130.3622,32.1511],[130.3579,32.1619],[130.36,32.1678],[130.366,32.1627],[130.3718,32.1583],[130.3813,32.1496],[130.3864,32.1456],[130.3921,32.1333],[130.4022,32.1239],[130.4245,32.1165],[130.4373,32.1141],[130.4485,32.1164],[130.4533,32.1134],[130.4646,32.1193],[130.4724,32.1203],[130.476,32.1389],[130.4821,32.1389],[130.4867,32.1348],[130.4918,32.1337],[130.4968,32.1357],[130.5046,32.1405],[130.5132,32.1379],[130.5187,32.1352],[130.5279,32.1365],[130.5386,32.137],[130.5412,32.1455],[130.549,32.1509],[130.5623,32.1549],[130.5704,32.1542],[130.5814,32.1546],[130.585,32.1601],[130.5897,32.1699],[130.5954,32.1768],[130.5927,32.1843],[130.5908,32.1859]]],[[[130.9483,30.6352],[130.9456,30.6396],[130.9418,30.6471],[130.9444,30.6615],[130.9461,30.6663],[130.9411,30.6661],[130.948,30.6797],[130.9577,30.6869],[130.9721,30.7073],[130.9731,30.7123],[130.9788,30.7256],[130.984,30.7254],[130.9922,30.7251],[130.9889,30.731],[130.989,30.7363],[130.9968,30.7435],[131,30.7475],[131.0019,30.7532],[131.0071,30.7646],[131.0076,30.7711],[131.0022,30.7837],[131.0107,30.7905],[131.0166,30.7987],[131.0257,30.809],[131.0301,30.8125],[131.0314,30.8229],[131.0381,30.8218],[131.0457,30.8255],[131.0481,30.832],[131.0534,30.8365],[131.0624,30.8264],[131.0637,30.8149],[131.071,30.8125],[131.0704,30.7984],[131.0769,30.7944],[131.0815,30.7837],[131.0807,30.7784],[131.0743,30.7735],[131.071,30.7636],[131.0716,30.7532],[131.0719,30.7358],[131.0725,30.7209],[131.0736,30.7117],[131.0763,30.7023],[131.0775,30.6969],[131.0727,30.6919],[131.0654,30.6907],[131.0618,30.6839],[131.063,30.6767],[131.0551,30.6699],[131.0489,30.6469],[131.0576,30.6416],[131.0533,30.6301],[131.0525,30.6217],[131.0552,30.6151],[131.0504,30.612],[131.0541,30.6057],[131.0473,30.5954],[131.0414,30.5931],[131.0363,30.5894],[131.0326,30.5808],[131.0329,30.5733],[131.0313,30.5666],[131.0272,30.562],[131.0275,30.5551],[131.0218,30.5533],[131.0129,30.5484],[131.0055,30.5505],[131.0001,30.5485],[130.9968,30.5441],[130.9949,30.5341],[130.9925,30.5295],[130.9823,30.5207],[130.9782,30.5089],[130.9775,30.5032],[130.9749,30.4937],[130.9619,30.4797],[130.9672,30.4705],[130.9681,30.4632],[130.9577,30.4594],[130.9624,30.4522],[130.9694,30.4473],[130.9745,30.4461],[130.9712,30.4417],[130.9769,30.4383],[130.9772,30.4324],[130.9681,30.4245],[130.9709,30.4085],[130.9783,30.4024],[130.9665,30.3942],[130.962,30.3831],[130.9669,30.3725],[130.9585,30.371],[130.9514,30.3729],[130.9448,30.3739],[130.9379,30.3753],[130.9028,30.363],[130.8883,30.3529],[130.8833,30.344],[130.8761,30.3452],[130.8689,30.3498],[130.8628,30.3569],[130.8568,30.3694],[130.8604,30.3818],[130.8645,30.3937],[130.865,30.4007],[130.8632,30.4199],[130.8512,30.4467],[130.849,30.4633],[130.8583,30.4656],[130.866,30.4631],[130.8718,30.4659],[130.8738,30.4707],[130.8804,30.4813],[130.884,30.4875],[130.8937,30.4931],[130.9028,30.5032],[130.9289,30.5439],[130.9502,30.5865],[130.9516,30.5945],[130.9491,30.6039],[130.9489,30.6109],[130.9488,30.6256],[130.9483,30.6352]]],[[[130.5216,30.2263],[130.5144,30.2305],[130.5091,30.2311],[130.5017,30.2321],[130.4935,30.2269],[130.4847,30.2293],[130.4765,30.2327],[130.4654,30.2335],[130.456,30.2339],[130.4445,30.237],[130.4367,30.2392],[130.4307,30.2489],[130.4268,30.2561],[130.4207,30.2656],[130.413,30.2651],[130.4121,30.2795],[130.4121,30.2867],[130.4098,30.293],[130.4073,30.3007],[130.4025,30.3151],[130.3929,30.318],[130.3863,30.3365],[130.3848,30.3424],[130.3809,30.35],[130.382,30.3556],[130.3796,30.36],[130.3759,30.3725],[130.3755,30.3821],[130.3788,30.3881],[130.3853,30.392],[130.3927,30.3971],[130.4092,30.3964],[130.4164,30.3954],[130.4255,30.4022],[130.4296,30.4052],[130.4364,30.4138],[130.4379,30.4199],[130.4462,30.428],[130.4509,30.4321],[130.4577,30.4319],[130.4626,30.4358],[130.4648,30.4473],[130.4633,30.4524],[130.4673,30.4565],[130.4721,30.4609],[130.477,30.4581],[130.4842,30.4584],[130.4872,30.4539],[130.4954,30.4554],[130.4922,30.4651],[130.4968,30.4691],[130.4994,30.4597],[130.4993,30.4523],[130.5054,30.4547],[130.5166,30.4529],[130.5221,30.4467],[130.5275,30.448],[130.5363,30.4473],[130.5418,30.4464],[130.545,30.4421],[130.5526,30.4411],[130.56,30.4363],[130.5687,30.4332],[130.5707,30.4286],[130.5757,30.4232],[130.5818,30.4228],[130.5863,30.4199],[130.5967,30.4165],[130.5973,30.4102],[130.6081,30.4065],[130.6144,30.4056],[130.6218,30.4031],[130.6316,30.4007],[130.6525,30.392],[130.657,30.3894],[130.6692,30.3767],[130.6674,30.3631],[130.6652,30.3499],[130.6623,30.3365],[130.6614,30.3262],[130.6615,30.3171],[130.6569,30.3085],[130.6497,30.2955],[130.6353,30.2839],[130.6302,30.2801],[130.6218,30.271],[130.6137,30.2659],[130.6078,30.2623],[130.6041,30.2563],[130.5988,30.2497],[130.594,30.2481],[130.5857,30.2423],[130.5817,30.2387],[130.5763,30.2382],[130.5716,30.2361],[130.5657,30.2357],[130.5546,30.2307],[130.5477,30.2315],[130.5429,30.2297],[130.5369,30.2279],[130.5304,30.2337],[130.5269,30.2289],[130.5216,30.2263]]],[[[129.6453,28.4334],[129.6469,28.4269],[129.6506,28.4217],[129.6577,28.4348],[129.6513,28.4406],[129.6506,28.4459],[129.6503,28.4546],[129.649,28.4601],[129.6474,28.4677],[129.6536,28.4618],[129.6599,28.4469],[129.6651,28.4383],[129.671,28.4409],[129.6674,28.4546],[129.6731,28.461],[129.67,28.4679],[129.6656,28.4729],[129.6567,28.4807],[129.6552,28.4865],[129.6449,28.4977],[129.6469,28.5029],[129.6526,28.4993],[129.6582,28.5032],[129.664,28.5087],[129.6748,28.5256],[129.6879,28.5298],[129.6923,28.5095],[129.6893,28.5032],[129.6942,28.4905],[129.6973,28.4863],[129.6995,28.4812],[129.7034,28.4764],[129.7128,28.4738],[129.7161,28.4653],[129.7187,28.461],[129.7165,28.4509],[129.7124,28.4375],[129.708,28.4207],[129.7077,28.4285],[129.7009,28.4199],[129.6941,28.4141],[129.6883,28.4132],[129.6826,28.4111],[129.6734,28.4105],[129.6677,28.4077],[129.6641,28.3977],[129.6551,28.3974],[129.6417,28.4025],[129.6327,28.4057],[129.6218,28.4037],[129.6157,28.3995],[129.6102,28.3955],[129.6078,28.3889],[129.6024,28.3857],[129.5959,28.3777],[129.5916,28.3659],[129.5844,28.3647],[129.5825,28.3587],[129.5785,28.3553],[129.574,28.3475],[129.5697,28.3449],[129.5646,28.3365],[129.5606,28.3325],[129.5556,28.3323],[129.5461,28.3299],[129.5354,28.3299],[129.5323,28.3215],[129.5412,28.3154],[129.5426,28.3101],[129.5352,28.3061],[129.5274,28.304],[129.5194,28.3011],[129.5143,28.3009],[129.5016,28.2976],[129.4945,28.2957],[129.4864,28.2895],[129.4811,28.2883],[129.4735,28.2942],[129.4685,28.2925],[129.4617,28.2961],[129.4546,28.2929],[129.4534,28.2776],[129.458,28.2649],[129.4487,28.2611],[129.4441,28.2532],[129.4421,28.2464],[129.4372,28.2444],[129.4278,28.2479],[129.4116,28.2489],[129.4192,28.2413],[129.4284,28.2366],[129.4355,28.2345],[129.4449,28.2289],[129.4504,28.2321],[129.4572,28.2283],[129.4698,28.2207],[129.4746,28.2091],[129.4684,28.2109],[129.4606,28.211],[129.4534,28.2049],[129.4487,28.1975],[129.4425,28.1981],[129.437,28.1971],[129.4286,28.1929],[129.4232,28.1884],[129.4142,28.1892],[129.4061,28.1926],[129.4016,28.1857],[129.4059,28.1831],[129.4052,28.1699],[129.4029,28.1575],[129.3972,28.1571],[129.3873,28.1613],[129.3827,28.1635],[129.3752,28.1625],[129.3664,28.1643],[129.3622,28.1678],[129.3489,28.1737],[129.3361,28.1681],[129.3456,28.1606],[129.3521,28.1557],[129.3568,28.1487],[129.3624,28.1483],[129.367,28.1415],[129.3692,28.1355],[129.3706,28.1291],[129.377,28.1239],[129.3772,28.1171],[129.378,28.111],[129.3718,28.1123],[129.3673,28.1162],[129.361,28.1195],[129.3578,28.1255],[129.3669,28.1281],[129.3594,28.1309],[129.3574,28.1355],[129.3475,28.1302],[129.3434,28.1377],[129.3369,28.1345],[129.3318,28.1292],[129.3277,28.1347],[129.3207,28.1317],[129.3181,28.1397],[129.3121,28.1452],[129.3057,28.1462],[129.2994,28.1494],[129.2928,28.1518],[129.2958,28.1606],[129.2861,28.1621],[129.2868,28.1678],[129.2925,28.1655],[129.2945,28.172],[129.2912,28.1819],[129.2814,28.1781],[129.2818,28.1853],[129.289,28.1889],[129.2828,28.1933],[129.2771,28.1864],[129.2728,28.1814],[129.2636,28.1826],[129.2646,28.1913],[129.268,28.1965],[129.2723,28.2069],[129.28,28.209],[129.2874,28.2123],[129.2939,28.2193],[129.2876,28.2217],[129.2814,28.2209],[129.2768,28.2179],[129.2712,28.216],[129.2639,28.2147],[129.2677,28.2189],[129.275,28.2245],[129.2748,28.2321],[129.267,28.2278],[129.2616,28.2254],[129.2597,28.232],[129.2576,28.2265],[129.2545,28.2326],[129.2513,28.2267],[129.2515,28.2167],[129.2471,28.2141],[129.2535,28.2103],[129.2558,28.2047],[129.2468,28.2031],[129.2424,28.2067],[129.2395,28.2173],[129.2306,28.2201],[129.2222,28.2213],[129.2162,28.2287],[129.2107,28.2186],[129.2021,28.2181],[129.195,28.2266],[129.1876,28.2228],[129.1777,28.2235],[129.1743,28.2297],[129.1711,28.2393],[129.1616,28.2419],[129.1579,28.2369],[129.1511,28.2363],[129.1483,28.2457],[129.1424,28.2492],[129.1353,28.2524],[129.1415,28.2569],[129.1518,28.2559],[129.1595,28.2547],[129.1692,28.2643],[129.1768,28.2697],[129.1836,28.2628],[129.1906,28.2628],[129.1979,28.2619],[129.2016,28.2552],[129.2081,28.2532],[129.214,28.2563],[129.2132,28.2628],[129.2124,28.2695],[129.2243,28.2726],[129.2297,28.2722],[129.2343,28.2698],[129.2347,28.2632],[129.2409,28.2669],[129.2468,28.2627],[129.2456,28.255],[129.2509,28.2603],[129.2539,28.2648],[129.2605,28.2609],[129.2631,28.2669],[129.2725,28.2608],[129.2743,28.2658],[129.2742,28.2725],[129.2782,28.2759],[129.2848,28.2769],[129.2917,28.2741],[129.2923,28.2843],[129.2835,28.2831],[129.2723,28.2825],[129.2647,28.2893],[129.2622,28.284],[129.2644,28.2777],[129.2599,28.2747],[129.2487,28.2745],[129.2422,28.2796],[129.2415,28.2848],[129.2345,28.2818],[129.2251,28.2899],[129.2283,28.2939],[129.2223,28.2923],[129.2178,28.2964],[129.2141,28.3003],[129.2098,28.3062],[129.2197,28.3064],[129.2271,28.3097],[129.2338,28.3077],[129.2402,28.3135],[129.2468,28.3145],[129.2542,28.3178],[129.2574,28.3233],[129.2636,28.3266],[129.2709,28.3267],[129.277,28.3267],[129.2822,28.3275],[129.2897,28.3271],[129.2947,28.3279],[129.3004,28.3294],[129.3045,28.3337],[129.3118,28.3349],[129.3104,28.3414],[129.3134,28.3454],[129.3225,28.3492],[129.327,28.3551],[129.3343,28.3614],[129.3432,28.3685],[129.3496,28.3647],[129.3537,28.3592],[129.3614,28.3559],[129.3718,28.358],[129.3747,28.3658],[129.3824,28.3689],[129.3862,28.3729],[129.3946,28.3678],[129.3968,28.3601],[129.4033,28.3577],[129.404,28.3629],[129.4049,28.3701],[129.4027,28.3775],[129.3938,28.3843],[129.4017,28.3825],[129.4067,28.3827],[129.4123,28.3867],[129.4177,28.3855],[129.4241,28.3884],[129.4299,28.3837],[129.4367,28.3822],[129.4419,28.3823],[129.449,28.3815],[129.4463,28.3869],[129.4514,28.3927],[129.4551,28.4105],[129.4615,28.4126],[129.4699,28.4083],[129.4663,28.402],[129.4755,28.3997],[129.4806,28.4],[129.4845,28.4065],[129.4881,28.4119],[129.4938,28.4025],[129.4947,28.385],[129.4968,28.3799],[129.5015,28.3871],[129.5069,28.3963],[129.5154,28.3993],[129.5217,28.3991],[129.5138,28.4054],[129.512,28.414],[129.5131,28.4199],[129.5151,28.4258],[129.5171,28.4402],[129.523,28.4468],[129.5285,28.4461],[129.534,28.4491],[129.5368,28.4539],[129.5401,28.4591],[129.5497,28.4579],[129.5561,28.4482],[129.5614,28.4577],[129.5716,28.4626],[129.5783,28.4671],[129.5858,28.4661],[129.5937,28.4737],[129.5987,28.4745],[129.612,28.4766],[129.6171,28.4767],[129.6205,28.4674],[129.615,28.4651],[129.6122,28.4609],[129.6047,28.4533],[129.6052,28.4439],[129.6053,28.4351],[129.5961,28.4358],[129.5969,28.429],[129.5913,28.4257],[129.5916,28.4199],[129.589,28.4135],[129.5956,28.4139],[129.6011,28.4199],[129.6018,28.4304],[129.6116,28.4364],[129.6153,28.4319],[129.6186,28.4361],[129.6151,28.4451],[129.6218,28.4493],[129.6276,28.4456],[129.6269,28.4395],[129.6218,28.4302],[129.6191,28.4199],[129.626,28.4144],[129.6369,28.4156],[129.6407,28.4199],[129.6415,28.4264],[129.6453,28.4334]]],[[[128.902,27.7525],[128.9059,27.7635],[128.8997,27.7675],[128.896,27.7712],[128.894,27.7833],[128.8892,27.7862],[128.8872,27.7919],[128.8893,27.7967],[128.8866,27.8056],[128.8892,27.8101],[128.8905,27.8185],[128.8829,27.8237],[128.8781,27.8256],[128.879,27.8365],[128.8804,27.8459],[128.8811,27.8365],[128.8865,27.8439],[128.8891,27.8505],[128.8923,27.859],[128.8875,27.8641],[128.8887,27.8731],[128.8887,27.8811],[128.8964,27.8907],[128.9037,27.8933],[128.9252,27.8881],[128.9344,27.8908],[128.9481,27.8893],[128.9646,27.8919],[128.9707,27.8915],[128.9678,27.8873],[128.973,27.8781],[128.9747,27.872],[128.9682,27.8713],[128.9627,27.8691],[128.9585,27.8659],[128.9557,27.8587],[128.9685,27.8571],[128.9702,27.8521],[128.9697,27.8458],[128.9649,27.8397],[128.9693,27.8365],[128.9724,27.8307],[128.9662,27.8289],[128.9665,27.8219],[128.9713,27.8154],[128.9784,27.812],[128.9852,27.8039],[128.9951,27.8051],[129.0144,27.786],[129.0132,27.7811],[129.0199,27.7771],[129.0301,27.7747],[129.035,27.7713],[129.0368,27.7618],[129.0329,27.7532],[129.0309,27.7474],[129.0255,27.7415],[129.0186,27.7251],[129.0201,27.7174],[129.0127,27.7143],[129.0085,27.7113],[129.0024,27.7042],[128.997,27.6951],[128.9994,27.689],[128.9861,27.6699],[128.9767,27.6679],[128.9691,27.6699],[128.963,27.6699],[128.9503,27.6631],[128.9364,27.6607],[128.9254,27.6651],[128.9217,27.6699],[128.9191,27.6781],[128.9176,27.6913],[128.9076,27.7008],[128.8989,27.707],[128.8926,27.7073],[128.8811,27.7201],[128.8887,27.728],[128.8961,27.7337],[128.8988,27.7382],[128.9,27.7456],[128.902,27.7525]]]]}},{"type":"Feature","properties":{"nam":"Niigata Ken","nam_ja":"\u65b0\u6f5f\u770c","id":15},"geometry":{"type":"MultiPolygon","coordinates":[[[[139.5482,38.5534],[139.5529,38.5479],[139.5597,38.5451],[139.5654,38.5428],[139.5717,38.5388],[139.5779,38.5395],[139.5835,38.5329],[139.5988,38.5234],[139.6088,38.525],[139.6148,38.5263],[139.6218,38.5257],[139.6272,38.5225],[139.6346,38.518],[139.6379,38.5119],[139.6491,38.5096],[139.654,38.5075],[139.665,38.5085],[139.6843,38.5059],[139.6933,38.5071],[139.6991,38.5035],[139.7035,38.4997],[139.7141,38.4986],[139.7219,38.4966],[139.7254,38.4889],[139.7149,38.4793],[139.7135,38.4701],[139.7186,38.4662],[139.7171,38.4579],[139.7193,38.45],[139.7175,38.4309],[139.7179,38.4246],[139.7151,38.4199],[139.7094,38.4101],[139.7042,38.3975],[139.7061,38.3919],[139.7097,38.3877],[139.7225,38.3943],[139.7261,38.3906],[139.7284,38.3851],[139.7294,38.3793],[139.7326,38.3719],[139.7431,38.3649],[139.7531,38.3597],[139.7623,38.3611],[139.7718,38.3535],[139.7795,38.3535],[139.7882,38.3517],[139.8047,38.3553],[139.817,38.3559],[139.8216,38.3517],[139.8286,38.3448],[139.8445,38.3436],[139.8484,38.3365],[139.8537,38.3333],[139.8586,38.3307],[139.8658,38.3253],[139.8694,38.3205],[139.8752,38.317],[139.8807,38.3031],[139.8893,38.2999],[139.8988,38.2925],[139.8983,38.2807],[139.8864,38.2675],[139.8765,38.2611],[139.876,38.2532],[139.8718,38.2496],[139.8645,38.2379],[139.8605,38.2317],[139.8435,38.224],[139.8321,38.2203],[139.8196,38.214],[139.8098,38.2103],[139.8054,38.2071],[139.799,38.2024],[139.7919,38.1987],[139.7867,38.1929],[139.7808,38.195],[139.7743,38.1987],[139.7624,38.1989],[139.7583,38.1933],[139.7468,38.1966],[139.7422,38.2001],[139.7362,38.2021],[139.7299,38.2016],[139.7239,38.2043],[139.718,38.2051],[139.7127,38.2066],[139.7039,38.2039],[139.7022,38.1985],[139.6984,38.1931],[139.6949,38.1851],[139.69,38.1821],[139.6844,38.1734],[139.6855,38.1644],[139.6907,38.1547],[139.6917,38.1494],[139.689,38.1307],[139.692,38.1178],[139.689,38.1116],[139.6829,38.1083],[139.6749,38.0918],[139.6726,38.0784],[139.6846,38.0763],[139.6898,38.0749],[139.6864,38.0649],[139.6928,38.0572],[139.6892,38.0529],[139.6818,38.0488],[139.6794,38.0433],[139.6707,38.0403],[139.6594,38.0389],[139.6558,38.0281],[139.6526,38.0205],[139.6541,38.0111],[139.6527,38.0032],[139.6537,37.9965],[139.6437,37.9948],[139.6396,37.9845],[139.6439,37.9789],[139.6383,37.9699],[139.6447,37.9652],[139.6409,37.9518],[139.6425,37.9463],[139.64,37.9383],[139.6372,37.9332],[139.6316,37.9293],[139.6257,37.9199],[139.6283,37.9117],[139.6319,37.8991],[139.6294,37.894],[139.6383,37.8819],[139.6506,37.8759],[139.6576,37.8699],[139.6574,37.8637],[139.6791,37.8512],[139.6907,37.8481],[139.6983,37.8489],[139.7114,37.8545],[139.7157,37.8517],[139.717,37.8464],[139.7238,37.8371],[139.7309,37.8307],[139.7369,37.8269],[139.7415,37.8179],[139.7336,37.8145],[139.7284,37.8126],[139.721,37.8084],[139.7128,37.799],[139.7046,37.7955],[139.6943,37.7842],[139.6805,37.7751],[139.6754,37.7688],[139.6685,37.7623],[139.6659,37.7569],[139.6579,37.7547],[139.6583,37.7439],[139.654,37.7389],[139.6497,37.7301],[139.6428,37.7275],[139.6378,37.7213],[139.6316,37.7193],[139.6243,37.7098],[139.6227,37.7021],[139.6272,37.6933],[139.6218,37.6892],[139.615,37.6875],[139.6072,37.6817],[139.6041,37.6735],[139.5936,37.6655],[139.5825,37.6615],[139.5697,37.6541],[139.5631,37.654],[139.5523,37.6504],[139.5547,37.6419],[139.5495,37.6358],[139.5468,37.6279],[139.5502,37.6196],[139.5487,37.6127],[139.5546,37.6026],[139.5608,37.6013],[139.5651,37.5976],[139.5648,37.5892],[139.5673,37.5844],[139.5713,37.5769],[139.5714,37.5681],[139.5678,37.5611],[139.5694,37.5501],[139.5661,37.5461],[139.5715,37.5424],[139.5775,37.5327],[139.5856,37.5282],[139.5906,37.528],[139.588,37.5225],[139.5851,37.5134],[139.568,37.5032],[139.5559,37.5053],[139.5467,37.5095],[139.5349,37.5121],[139.5275,37.5133],[139.5212,37.5144],[139.5137,37.5089],[139.5077,37.5107],[139.5007,37.5122],[139.4848,37.5097],[139.4793,37.5043],[139.4703,37.5068],[139.4652,37.5103],[139.458,37.5172],[139.4437,37.5152],[139.4377,37.5139],[139.4285,37.5144],[139.4232,37.5117],[139.4143,37.5095],[139.4107,37.5032],[139.4137,37.4967],[139.4079,37.4921],[139.4079,37.4861],[139.4047,37.4733],[139.4048,37.4682],[139.3976,37.4601],[139.3869,37.4631],[139.3797,37.4633],[139.3718,37.4651],[139.3623,37.4701],[139.3532,37.4675],[139.3458,37.4605],[139.333,37.4584],[139.3265,37.4613],[139.3151,37.4588],[139.3108,37.4559],[139.3054,37.4591],[139.2852,37.4511],[139.278,37.4531],[139.2704,37.4505],[139.2581,37.4472],[139.2547,37.4521],[139.2468,37.4493],[139.2349,37.445],[139.2273,37.4475],[139.2213,37.446],[139.2161,37.443],[139.2136,37.4371],[139.2074,37.4278],[139.2073,37.4199],[139.1981,37.4123],[139.2048,37.4063],[139.2098,37.3946],[139.2159,37.3916],[139.2236,37.393],[139.2317,37.3877],[139.232,37.3801],[139.2366,37.3766],[139.2371,37.368],[139.2338,37.3566],[139.2336,37.3439],[139.2277,37.3429],[139.2215,37.3365],[139.2198,37.3303],[139.2225,37.3227],[139.2168,37.3101],[139.2169,37.3037],[139.2119,37.286],[139.2049,37.2832],[139.1956,37.2747],[139.1908,37.2693],[139.178,37.2575],[139.1734,37.2532],[139.17,37.2483],[139.1648,37.238],[139.1673,37.232],[139.1792,37.2199],[139.1849,37.2146],[139.1889,37.2093],[139.1949,37.2031],[139.1967,37.1944],[139.2064,37.1952],[139.2139,37.2017],[139.2179,37.2097],[139.2225,37.2045],[139.226,37.1981],[139.2311,37.1941],[139.2379,37.188],[139.2443,37.1806],[139.2439,37.1745],[139.2468,37.1701],[139.2534,37.1648],[139.2528,37.1597],[139.2475,37.1477],[139.2436,37.1278],[139.2361,37.1162],[139.2368,37.0999],[139.2404,37.0926],[139.2417,37.0865],[139.2468,37.0823],[139.2468,37.0745],[139.2539,37.0629],[139.2564,37.0571],[139.2585,37.0485],[139.2588,37.0429],[139.253,37.0394],[139.2532,37.0342],[139.2487,37.0307],[139.2468,37.0211],[139.2443,37.0146],[139.2468,37.0092],[139.2513,37.0032],[139.2551,36.9895],[139.2519,36.9835],[139.2474,36.981],[139.2524,36.9751],[139.2481,36.9705],[139.2514,36.9634],[139.2496,36.9558],[139.2423,36.949],[139.2422,36.9437],[139.2346,36.9421],[139.2373,36.9471],[139.2283,36.9613],[139.2218,36.9614],[139.2147,36.958],[139.2052,36.9563],[139.1998,36.9582],[139.1918,36.9613],[139.1864,36.9601],[139.1803,36.9647],[139.1753,36.9737],[139.1792,36.9914],[139.1719,37.0003],[139.1655,37.0032],[139.1498,37.0103],[139.1423,37.0219],[139.1319,37.0267],[139.1265,37.0391],[139.1247,37.0438],[139.1178,37.0476],[139.1103,37.0553],[139.097,37.0588],[139.0904,37.0437],[139.0903,37.0367],[139.0897,37.0275],[139.0902,37.0196],[139.0809,37.0099],[139.0729,37.0079],[139.0639,37.0032],[139.0541,36.9983],[139.0504,36.9937],[139.047,36.9875],[139.036,36.9849],[139.0295,36.9844],[139.015,36.9882],[139.0089,36.9841],[138.9987,36.9794],[138.9697,36.9815],[138.9666,36.9709],[138.9649,36.9557],[138.9657,36.9439],[138.9677,36.9302],[138.9771,36.9199],[138.9747,36.9125],[138.9797,36.9038],[138.979,36.8911],[138.9715,36.8874],[138.9653,36.8918],[138.9532,36.8951],[138.9397,36.8951],[138.9321,36.8937],[138.9295,36.8867],[138.923,36.8835],[138.9176,36.8698],[138.9224,36.8628],[138.9162,36.851],[138.9251,36.8464],[138.9299,36.8365],[138.9125,36.8293],[138.9009,36.8273],[138.8858,36.8256],[138.8792,36.8233],[138.8752,36.8188],[138.86,36.8139],[138.8549,36.8119],[138.8462,36.8148],[138.8383,36.8171],[138.8279,36.818],[138.8215,36.8171],[138.8248,36.8067],[138.8298,36.7951],[138.8288,36.7898],[138.8272,36.7793],[138.8252,36.7744],[138.8209,36.7641],[138.8163,36.7619],[138.8099,36.7653],[138.8048,36.7631],[138.7945,36.7565],[138.7917,36.7473],[138.7832,36.7461],[138.7736,36.7473],[138.7672,36.7466],[138.7613,36.7492],[138.7555,36.7532],[138.7468,36.7583],[138.7405,36.7595],[138.735,36.7629],[138.7292,36.7626],[138.7216,36.7584],[138.7221,36.7532],[138.7196,36.7478],[138.7144,36.7435],[138.7119,36.7388],[138.7026,36.7369],[138.6957,36.7386],[138.6932,36.7455],[138.6913,36.7532],[138.6879,36.7659],[138.6827,36.766],[138.6723,36.7707],[138.6692,36.7763],[138.6708,36.7825],[138.6823,36.7877],[138.6884,36.7927],[138.6956,36.8075],[138.6916,36.8125],[138.6871,36.8175],[138.6814,36.82],[138.6885,36.8313],[138.6903,36.8365],[138.6902,36.8461],[138.6934,36.8523],[138.6909,36.8572],[138.687,36.8621],[138.6784,36.8667],[138.6727,36.8666],[138.6569,36.8687],[138.6518,36.8737],[138.6428,36.8757],[138.6358,36.8803],[138.6267,36.8822],[138.6218,36.8887],[138.6178,36.8954],[138.6205,36.9034],[138.6142,36.9079],[138.5971,36.9071],[138.5925,36.9117],[138.5903,36.9199],[138.5917,36.925],[138.587,36.9275],[138.5861,36.9573],[138.5863,36.9657],[138.5871,36.9767],[138.5864,36.9874],[138.5777,36.9948],[138.5735,37.0032],[138.5693,37.0141],[138.5658,37.0214],[138.5542,37.0232],[138.5443,37.022],[138.5394,37.0209],[138.5304,37.0243],[138.5246,37.0305],[138.5137,37.0297],[138.5029,37.0256],[138.4968,37.0257],[138.492,37.0209],[138.4835,37.0201],[138.4762,37.0202],[138.4563,37.0198],[138.4431,37.0133],[138.4354,37.0078],[138.4232,37.0056],[138.4176,37.0032],[138.4111,36.9991],[138.3995,36.9974],[138.3921,36.9931],[138.3786,36.9807],[138.3821,36.9769],[138.3779,36.9731],[138.3718,36.9655],[138.3679,36.9579],[138.3641,36.9539],[138.3643,36.9457],[138.3611,36.9414],[138.3577,36.9344],[138.3502,36.9297],[138.3431,36.9209],[138.3377,36.9247],[138.3322,36.9265],[138.3184,36.9251],[138.3084,36.9199],[138.2984,36.9131],[138.2947,36.9055],[138.2928,36.9007],[138.2929,36.8953],[138.2943,36.8903],[138.299,36.8873],[138.2947,36.8811],[138.2931,36.8747],[138.2888,36.8705],[138.2932,36.8619],[138.2961,36.8563],[138.2903,36.8531],[138.2889,36.8474],[138.2747,36.8411],[138.2715,36.8534],[138.2682,36.8601],[138.259,36.8633],[138.2549,36.87],[138.2468,36.8651],[138.2349,36.8641],[138.2144,36.8677],[138.2077,36.8647],[138.2058,36.8595],[138.1966,36.8547],[138.1829,36.8523],[138.1779,36.8519],[138.1735,36.8475],[138.1659,36.8448],[138.1509,36.8464],[138.1414,36.8473],[138.1327,36.8503],[138.1262,36.8486],[138.1152,36.8505],[138.1068,36.8445],[138.1003,36.8435],[138.094,36.8407],[138.089,36.8361],[138.0841,36.8321],[138.0736,36.8182],[138.0748,36.8117],[138.0694,36.8049],[138.0528,36.8001],[138.052,36.8063],[138.047,36.8095],[138.0361,36.8082],[138.0323,36.812],[138.0299,36.8165],[138.0218,36.8195],[138.0123,36.8226],[138.0033,36.8267],[138.012,36.8365],[138.0186,36.8417],[138.0167,36.852],[138.0142,36.861],[138.0252,36.8706],[138.0313,36.8782],[138.0318,36.8899],[138.0233,36.8909],[138.0157,36.8933],[138.0137,36.9039],[138.0057,36.905],[137.9968,36.9078],[137.9916,36.9106],[137.9769,36.9089],[137.9692,36.9109],[137.9623,36.9021],[137.9546,36.9047],[137.9493,36.9123],[137.9355,36.9137],[137.9215,36.9199],[137.9094,36.9172],[137.9026,36.9145],[137.8953,36.9105],[137.8789,36.9129],[137.8718,36.9154],[137.8654,36.9148],[137.862,36.9085],[137.8714,36.9023],[137.867,36.897],[137.8618,36.8923],[137.8659,36.8875],[137.8682,36.8789],[137.8766,36.8736],[137.8764,36.8672],[137.8718,36.8636],[137.8572,36.8516],[137.8565,36.8448],[137.8478,36.8365],[137.8438,36.8313],[137.8329,36.8204],[137.8311,36.8089],[137.8226,36.8053],[137.82,36.7992],[137.7935,36.7869],[137.7914,36.7797],[137.783,36.774],[137.7766,36.7735],[137.7703,36.7715],[137.7647,36.7679],[137.7499,36.7795],[137.751,36.7905],[137.7538,36.7948],[137.7492,36.808],[137.745,36.8149],[137.7365,36.821],[137.7299,36.8269],[137.7328,36.8365],[137.7328,36.8445],[137.7348,36.8563],[137.7332,36.8701],[137.7221,36.8818],[137.7136,36.8915],[137.7132,36.9008],[137.7172,36.9073],[137.7173,36.9199],[137.7197,36.9263],[137.7151,36.933],[137.711,36.9446],[137.6998,36.9427],[137.6857,36.9444],[137.6739,36.9507],[137.6675,36.9503],[137.6609,36.9578],[137.6531,36.9671],[137.6412,36.9749],[137.6349,36.9803],[137.6529,36.9815],[137.6751,36.9887],[137.7014,36.9957],[137.7308,37.0032],[137.7468,37.0107],[137.7531,37.0129],[137.8101,37.03],[137.8322,37.0411],[137.8385,37.0431],[137.8399,37.0375],[137.8435,37.0429],[137.8718,37.0501],[137.909,37.06],[137.9274,37.0697],[137.9397,37.0756],[137.9502,37.0865],[137.9581,37.0883],[137.9685,37.0924],[137.9738,37.0967],[137.9819,37.1019],[137.9921,37.1075],[137.9968,37.1134],[138.0056,37.1151],[138.0121,37.1155],[138.0172,37.1143],[138.0342,37.1211],[138.051,37.1303],[138.0557,37.1361],[138.0592,37.1417],[138.0676,37.1484],[138.0778,37.1547],[138.0873,37.1637],[138.0909,37.1699],[138.1017,37.1744],[138.1218,37.1705],[138.1303,37.1653],[138.1358,37.1638],[138.141,37.1665],[138.149,37.1621],[138.1725,37.1634],[138.1931,37.1699],[138.2049,37.1699],[138.2163,37.1699],[138.226,37.1723],[138.2445,37.1818],[138.2468,37.188],[138.2474,37.1887],[138.2495,37.1825],[138.2545,37.185],[138.2495,37.1879],[138.2557,37.1877],[138.2643,37.1979],[138.2963,37.2116],[138.3477,37.2494],[138.3527,37.2532],[138.3718,37.2682],[138.4181,37.3067],[138.434,37.3199],[138.4424,37.3241],[138.4488,37.3262],[138.4598,37.3351],[138.4648,37.3361],[138.481,37.3457],[138.4873,37.3473],[138.4887,37.3525],[138.4968,37.3532],[138.5049,37.354],[138.5131,37.3561],[138.5194,37.3604],[138.5245,37.3625],[138.5319,37.3676],[138.5391,37.3685],[138.554,37.3783],[138.5868,37.4199],[138.5996,37.441],[138.6169,37.4724],[138.6172,37.4837],[138.6272,37.4857],[138.6335,37.494],[138.6442,37.5032],[138.6479,37.5071],[138.653,37.5141],[138.6546,37.5196],[138.6601,37.5237],[138.6641,37.5282],[138.679,37.5395],[138.6846,37.5437],[138.6957,37.5479],[138.7122,37.5581],[138.7266,37.5783],[138.731,37.5865],[138.7468,37.604],[138.7605,37.6335],[138.7623,37.6389],[138.7642,37.6453],[138.7723,37.6678],[138.7763,37.6765],[138.784,37.6968],[138.7855,37.7075],[138.7856,37.7142],[138.7877,37.7216],[138.7914,37.7294],[138.7958,37.7374],[138.7957,37.7427],[138.8,37.7518],[138.8129,37.7765],[138.8165,37.7884],[138.8205,37.7947],[138.8402,37.8142],[138.8654,37.8365],[138.8718,37.841],[138.8926,37.8535],[138.9217,37.8686],[138.9354,37.8749],[138.9968,37.9065],[139.0196,37.9199],[139.0617,37.9454],[139.0684,37.9443],[139.074,37.949],[139.0696,37.9523],[139.081,37.9527],[139.0914,37.9545],[139.1001,37.9586],[139.1056,37.9584],[139.1218,37.9619],[139.1289,37.9628],[139.1395,37.9652],[139.1533,37.9684],[139.2026,37.9836],[139.2049,37.9886],[139.2153,37.9934],[139.2248,37.9921],[139.2305,37.9946],[139.2276,37.9994],[139.2344,38.0032],[139.2413,38.0071],[139.2468,38.005],[139.2779,38.0235],[139.2882,38.0311],[139.3138,38.0495],[139.3537,38.0865],[139.3718,38.106],[139.4103,38.1527],[139.422,38.1699],[139.4259,38.1751],[139.4304,38.1877],[139.4238,38.1881],[139.4281,38.1979],[139.4426,38.2232],[139.4504,38.2389],[139.4482,38.2435],[139.441,38.2457],[139.4441,38.2532],[139.4457,38.2646],[139.448,38.2718],[139.4488,38.2903],[139.4506,38.3076],[139.449,38.3131],[139.4525,38.3365],[139.4517,38.3443],[139.451,38.3531],[139.4509,38.36],[139.4539,38.3705],[139.46,38.3807],[139.4573,38.3851],[139.4568,38.3947],[139.4607,38.3995],[139.4635,38.4073],[139.4676,38.4144],[139.4757,38.4281],[139.4814,38.4322],[139.4822,38.4376],[139.484,38.4424],[139.4968,38.4568],[139.5034,38.471],[139.5072,38.4793],[139.5108,38.4861],[139.5205,38.5005],[139.5207,38.5059],[139.5464,38.5373],[139.55,38.548],[139.5482,38.5534]]],[[[138.2449,37.8027],[138.2372,37.8065],[138.229,37.8083],[138.2227,37.8092],[138.2172,37.8104],[138.2128,37.8143],[138.2176,37.8167],[138.2099,37.8163],[138.2071,37.8207],[138.206,37.8281],[138.2133,37.8319],[138.2165,37.8365],[138.2255,37.8365],[138.2363,37.8401],[138.2416,37.8387],[138.2498,37.8424],[138.259,37.8423],[138.2722,37.8519],[138.2823,37.8677],[138.2845,37.8761],[138.2867,37.8825],[138.2891,37.8896],[138.2894,37.8971],[138.2813,37.9025],[138.2811,37.9107],[138.2849,37.9199],[138.2971,37.9287],[138.3043,37.9377],[138.3094,37.9422],[138.3298,37.9504],[138.3312,37.9555],[138.3361,37.9581],[138.3431,37.9645],[138.3403,37.9782],[138.3254,37.994],[138.3111,38.0032],[138.3014,38.007],[138.2864,38.0072],[138.2744,38.0032],[138.2729,37.9939],[138.2627,37.9857],[138.2591,37.9759],[138.257,37.9695],[138.2502,37.9659],[138.2385,37.9728],[138.2323,37.9766],[138.2266,37.9832],[138.2338,37.9839],[138.233,37.9908],[138.2335,38.0032],[138.2338,38.0093],[138.2243,38.0127],[138.2235,38.0179],[138.2294,38.0239],[138.2351,38.0253],[138.2395,38.0303],[138.2364,38.037],[138.2351,38.0423],[138.2379,38.048],[138.2338,38.0591],[138.2367,38.0652],[138.2468,38.0759],[138.2423,38.0796],[138.2424,38.0865],[138.2468,38.0909],[138.2535,38.0939],[138.2601,38.0971],[138.2629,38.1058],[138.2699,38.1136],[138.2729,38.1195],[138.2776,38.1265],[138.2817,38.1314],[138.2897,38.1341],[138.2915,38.1409],[138.2986,38.1475],[138.3012,38.1521],[138.2975,38.1572],[138.303,38.1637],[138.3092,38.1693],[138.3137,38.1755],[138.3261,38.1942],[138.3295,38.1989],[138.3359,38.1982],[138.3445,38.2021],[138.3535,38.2079],[138.3604,38.2119],[138.3718,38.2202],[138.3757,38.2283],[138.3814,38.2296],[138.3898,38.2354],[138.3943,38.2418],[138.3989,38.2451],[138.3999,38.2532],[138.4052,38.2501],[138.4119,38.2527],[138.4222,38.2543],[138.439,38.2655],[138.4398,38.273],[138.444,38.2777],[138.4408,38.2866],[138.443,38.292],[138.4485,38.2962],[138.4535,38.3085],[138.4598,38.3128],[138.4637,38.3169],[138.4614,38.3236],[138.4732,38.3225],[138.4819,38.3284],[138.493,38.3321],[138.5047,38.3317],[138.5146,38.3325],[138.5177,38.3251],[138.5166,38.3199],[138.5103,38.3001],[138.5087,38.2934],[138.5078,38.2791],[138.5094,38.2684],[138.5059,38.2532],[138.5042,38.2459],[138.4968,38.2287],[138.4937,38.2235],[138.4928,38.204],[138.4874,38.2014],[138.4804,38.1877],[138.4769,38.1807],[138.4704,38.1713],[138.46,38.1609],[138.4505,38.1475],[138.4502,38.1403],[138.4448,38.1313],[138.4355,38.1165],[138.4379,38.1071],[138.4341,38.0962],[138.4363,38.0888],[138.4367,38.082],[138.4564,38.0699],[138.4821,38.0624],[138.4918,38.0696],[138.4968,38.07],[138.5051,38.072],[138.5115,38.0711],[138.5234,38.0726],[138.5304,38.0754],[138.5351,38.0819],[138.5449,38.0814],[138.5501,38.0816],[138.5607,38.0865],[138.5723,38.0792],[138.5716,38.0651],[138.5675,38.0563],[138.5625,38.0415],[138.5555,38.0335],[138.5524,38.0265],[138.5464,38.0083],[138.539,38.0032],[138.5368,37.9964],[138.5291,37.9869],[138.5229,37.9805],[138.5209,37.9757],[138.5145,37.9635],[138.5107,37.955],[138.5043,37.9464],[138.5036,37.9383],[138.5003,37.9277],[138.5002,37.9207],[138.4897,37.9199],[138.4848,37.9139],[138.4801,37.9102],[138.474,37.9039],[138.4703,37.8971],[138.4557,37.8939],[138.4462,37.888],[138.4426,37.8845],[138.4299,37.8811],[138.4172,37.8723],[138.413,37.8689],[138.4106,37.8635],[138.4029,37.862],[138.3831,37.8456],[138.3784,37.8426],[138.3718,37.8385],[138.3663,37.8363],[138.3549,37.8298],[138.3498,37.8291],[138.345,37.8257],[138.3273,37.8249],[138.3153,37.8281],[138.3072,37.8273],[138.2984,37.8213],[138.2891,37.8217],[138.2838,37.8169],[138.2819,37.8115],[138.2768,37.8143],[138.2717,37.8143],[138.2656,37.8081],[138.2541,37.8038],[138.2486,37.8038],[138.2449,37.8027]]]]}},{"type":"Feature","properties":{"nam":"Kochi Ken","nam_ja":"\u9ad8\u77e5\u770c","id":39},"geometry":{"type":"MultiPolygon","coordinates":[[[[133.5826,33.8676],[133.5891,33.8737],[133.5974,33.8803],[133.6055,33.881],[133.6113,33.8797],[133.6218,33.8741],[133.6276,33.8721],[133.6354,33.8802],[133.6455,33.883],[133.6602,33.8816],[133.664,33.8688],[133.6682,33.8655],[133.6739,33.8627],[133.6768,33.8586],[133.6829,33.8586],[133.6946,33.8559],[133.7009,33.8498],[133.7074,33.8515],[133.7192,33.8492],[133.7308,33.8506],[133.7378,33.8495],[133.7421,33.8414],[133.7468,33.8368],[133.7545,33.8365],[133.7668,33.84],[133.773,33.84],[133.7845,33.8416],[133.7877,33.8365],[133.7976,33.8365],[133.8066,33.8365],[133.819,33.8381],[133.828,33.8446],[133.8351,33.8443],[133.8458,33.8365],[133.8533,33.8338],[133.8581,33.8267],[133.8704,33.8119],[133.8718,33.806],[133.8833,33.8047],[133.8934,33.8043],[133.9022,33.7937],[133.9083,33.7945],[133.9131,33.7915],[133.9208,33.7978],[133.9366,33.7993],[133.9483,33.8064],[133.9525,33.8187],[133.9513,33.8293],[133.9566,33.8323],[133.9745,33.8365],[133.981,33.8392],[133.987,33.8379],[133.9916,33.8261],[133.9968,33.821],[134.0134,33.8223],[134.0236,33.8257],[134.0324,33.8283],[134.0361,33.8185],[134.035,33.8135],[134.033,33.8089],[134.0443,33.7998],[134.0466,33.7891],[134.0519,33.7853],[134.057,33.7795],[134.0578,33.7601],[134.0564,33.7532],[134.0591,33.7452],[134.0616,33.7349],[134.0673,33.7262],[134.0645,33.7193],[134.0696,33.7111],[134.0646,33.7071],[134.0641,33.6987],[134.0561,33.6937],[134.0668,33.6885],[134.0775,33.6901],[134.0913,33.6925],[134.0964,33.6931],[134.1098,33.6945],[134.1171,33.6958],[134.1332,33.6931],[134.1384,33.6899],[134.1474,33.6849],[134.1633,33.6881],[134.1743,33.6836],[134.1742,33.6755],[134.1685,33.6704],[134.1742,33.6604],[134.1771,33.6535],[134.1835,33.6489],[134.1766,33.6444],[134.1669,33.6388],[134.1616,33.635],[134.1544,33.6327],[134.1492,33.6291],[134.1539,33.6223],[134.1522,33.616],[134.1556,33.6116],[134.1615,33.6122],[134.1742,33.6081],[134.1696,33.601],[134.1713,33.5961],[134.1769,33.5941],[134.1847,33.5868],[134.188,33.5808],[134.1899,33.5743],[134.1944,33.5653],[134.2135,33.567],[134.2197,33.5667],[134.2284,33.5599],[134.2326,33.5553],[134.2372,33.5526],[134.2468,33.5539],[134.2529,33.5528],[134.2603,33.5546],[134.2704,33.5555],[134.2733,33.5605],[134.2783,33.5598],[134.2964,33.5564],[134.306,33.5527],[134.302,33.5457],[134.2978,33.5407],[134.2908,33.5391],[134.2856,33.5308],[134.2831,33.5218],[134.2882,33.5199],[134.2706,33.5032],[134.2684,33.4969],[134.2581,33.4859],[134.2468,33.4712],[134.2413,33.4631],[134.2407,33.4519],[134.2347,33.4421],[134.2219,33.4199],[134.2155,33.4081],[134.2096,33.3944],[134.2124,33.3901],[134.2129,33.3835],[134.2079,33.3722],[134.2047,33.3653],[134.2026,33.3591],[134.2023,33.3535],[134.1983,33.3365],[134.1945,33.3209],[134.1909,33.3061],[134.187,33.293],[134.1863,33.2877],[134.1837,33.2601],[134.1817,33.2532],[134.1766,33.2435],[134.1692,33.2532],[134.1667,33.2586],[134.1632,33.2663],[134.1462,33.2847],[134.1518,33.2817],[134.1465,33.2861],[134.1383,33.2958],[134.1218,33.2989],[134.1139,33.2944],[134.1086,33.2959],[134.1089,33.3027],[134.1065,33.3161],[134.1021,33.327],[134.0829,33.3365],[134.0774,33.3405],[134.067,33.3563],[134.0534,33.3677],[134.0428,33.3715],[134.0332,33.3783],[134.036,33.3849],[134.0368,33.3911],[134.0353,33.4004],[134.0306,33.4122],[134.0153,33.4199],[134.0107,33.4219],[133.9968,33.4264],[133.9845,33.432],[133.9748,33.4373],[133.9592,33.4422],[133.9509,33.449],[133.9409,33.4639],[133.9441,33.4731],[133.9343,33.4866],[133.9097,33.4947],[133.8879,33.4994],[133.8718,33.5031],[133.8554,33.5049],[133.8378,33.5075],[133.8196,33.5151],[133.777,33.5161],[133.7695,33.5155],[133.7647,33.5175],[133.7546,33.5199],[133.7541,33.5283],[133.7468,33.5361],[133.729,33.5381],[133.7235,33.5376],[133.6972,33.5361],[133.6899,33.5359],[133.6813,33.5339],[133.6218,33.5233],[133.6009,33.5192],[133.5845,33.5141],[133.5705,33.5032],[133.5644,33.5008],[133.5641,33.5059],[133.5641,33.5117],[133.572,33.5145],[133.5663,33.515],[133.5659,33.5345],[133.5711,33.5363],[133.5688,33.5425],[133.5631,33.5509],[133.5601,33.5391],[133.5533,33.5398],[133.5595,33.5359],[133.5606,33.5302],[133.5528,33.5276],[133.5461,33.523],[133.5459,33.5179],[133.5538,33.5093],[133.5591,33.5083],[133.5574,33.5007],[133.5621,33.4963],[133.5772,33.501],[133.5739,33.4957],[133.5357,33.4836],[133.509,33.4725],[133.4968,33.4651],[133.4881,33.4614],[133.4786,33.4583],[133.4656,33.4529],[133.4573,33.4458],[133.4521,33.4493],[133.4467,33.4515],[133.4402,33.448],[133.4366,33.4387],[133.4317,33.4369],[133.4245,33.4394],[133.4247,33.4489],[133.4182,33.4491],[133.4147,33.4438],[133.4059,33.447],[133.3981,33.4449],[133.4003,33.4379],[133.4054,33.4323],[133.3972,33.4313],[133.3918,33.4278],[133.3874,33.4313],[133.3767,33.4289],[133.3718,33.43],[133.367,33.428],[133.3601,33.4215],[133.3546,33.4199],[133.352,33.4148],[133.3586,33.4158],[133.3628,33.4126],[133.3587,33.4093],[133.364,33.4081],[133.3689,33.4098],[133.3695,33.4159],[133.3694,33.4226],[133.3766,33.4218],[133.3789,33.4134],[133.3841,33.4112],[133.384,33.4191],[133.3906,33.4181],[133.3935,33.4238],[133.3989,33.4199],[133.4012,33.4145],[133.402,33.4199],[133.4041,33.4273],[133.41,33.4241],[133.4106,33.4292],[133.4159,33.4389],[133.4204,33.4335],[133.4275,33.4303],[133.4316,33.4267],[133.4345,33.432],[133.4432,33.4353],[133.4483,33.4335],[133.4533,33.4313],[133.4616,33.4309],[133.458,33.4273],[133.4572,33.4199],[133.4469,33.4206],[133.4398,33.4122],[133.4331,33.4147],[133.4286,33.4085],[133.4208,33.4125],[133.4198,33.407],[133.4162,33.4105],[133.4116,33.4064],[133.4077,33.4005],[133.4016,33.4037],[133.3946,33.4012],[133.3899,33.4057],[133.3843,33.4029],[133.3756,33.3998],[133.378,33.3941],[133.3718,33.4015],[133.3666,33.4011],[133.3598,33.4021],[133.3543,33.4005],[133.3464,33.4002],[133.3396,33.3959],[133.3336,33.3911],[133.3295,33.3873],[133.3316,33.3768],[133.3288,33.3715],[133.3304,33.3626],[133.3229,33.3617],[133.3181,33.355],[133.3115,33.3564],[133.3167,33.3584],[133.3135,33.3628],[133.3186,33.3631],[133.3189,33.3693],[133.3207,33.3751],[133.3206,33.3819],[133.3134,33.3796],[133.3096,33.3762],[133.302,33.3785],[133.2942,33.3806],[133.2891,33.382],[133.2975,33.3871],[133.3039,33.3905],[133.2949,33.4011],[133.2886,33.4053],[133.2898,33.3971],[133.2951,33.3929],[133.2871,33.3867],[133.2794,33.384],[133.2808,33.3769],[133.2742,33.3751],[133.2683,33.3718],[133.261,33.368],[133.2599,33.3608],[133.2622,33.3542],[133.2597,33.3474],[133.263,33.3432],[133.2582,33.3407],[133.2553,33.3326],[133.2498,33.3339],[133.2487,33.3281],[133.2427,33.3327],[133.2331,33.3295],[133.2309,33.3235],[133.2358,33.322],[133.2407,33.3185],[133.2468,33.3151],[133.2531,33.3131],[133.2603,33.3101],[133.2545,33.308],[133.2483,33.3055],[133.2504,33.3002],[133.2397,33.2988],[133.2419,33.2928],[133.2423,33.28],[133.2468,33.2743],[133.2535,33.2799],[133.2594,33.2764],[133.2549,33.2701],[133.2567,33.2651],[133.2628,33.2576],[133.2555,33.2532],[133.2499,33.2505],[133.2468,33.2441],[133.251,33.2409],[133.2555,33.2377],[133.2489,33.2327],[133.2558,33.2261],[133.2468,33.2213],[133.2384,33.2163],[133.2341,33.2036],[133.2384,33.2006],[133.2335,33.1977],[133.224,33.1943],[133.2157,33.1926],[133.2097,33.1828],[133.2161,33.1751],[133.221,33.1728],[133.2187,33.1621],[133.2139,33.1647],[133.2187,33.16],[133.22,33.1549],[133.2158,33.1512],[133.2078,33.1491],[133.2052,33.1588],[133.2048,33.1657],[133.1914,33.1671],[133.1871,33.1636],[133.17,33.1502],[133.1635,33.1351],[133.1578,33.1262],[133.153,33.119],[133.148,33.1115],[133.1471,33.1055],[133.1423,33.0987],[133.1382,33.0952],[133.1326,33.0911],[133.1218,33.0876],[133.1115,33.0794],[133.1146,33.0744],[133.1095,33.0775],[133.1043,33.0725],[133.1075,33.0681],[133.1081,33.0625],[133.1002,33.0595],[133.0949,33.0444],[133.0928,33.0355],[133.0963,33.0261],[133.089,33.0258],[133.0835,33.0256],[133.0794,33.0298],[133.0724,33.0363],[133.059,33.0359],[133.0526,33.0381],[133.0463,33.0382],[133.0407,33.037],[133.0329,33.0353],[133.027,33.0307],[133.0111,33.0151],[133.0066,33.0032],[133.0049,32.9966],[133.0011,32.9886],[132.9977,32.9801],[133.0042,32.9758],[132.9989,32.9707],[132.9994,32.9655],[132.9921,32.9517],[132.9968,32.9467],[132.9943,32.9343],[133.0001,32.9301],[132.9953,32.9239],[133.001,32.9208],[133.0062,32.9161],[133.0059,32.8999],[133.0087,32.8819],[132.9984,32.8741],[132.9935,32.8685],[132.9931,32.8623],[132.987,32.8672],[132.9739,32.865],[132.9604,32.8644],[132.957,32.8581],[132.954,32.8645],[132.9486,32.8565],[132.9537,32.8527],[132.9548,32.8465],[132.956,32.8403],[132.9567,32.834],[132.9591,32.8273],[132.9506,32.8244],[132.9522,32.8127],[132.9582,32.8046],[132.9644,32.8021],[132.9745,32.7971],[132.9935,32.79],[132.9996,32.7872],[133.0114,32.7662],[133.0167,32.7617],[133.0138,32.7532],[133.018,32.7437],[133.0217,32.7263],[133.0126,32.7229],[133.0026,32.7217],[132.9968,32.7259],[132.9931,32.7305],[132.9861,32.7333],[132.9795,32.7311],[132.9698,32.7308],[132.9643,32.7323],[132.9691,32.743],[132.9671,32.7516],[132.9609,32.7504],[132.963,32.7575],[132.9563,32.7575],[132.9525,32.7642],[132.958,32.7722],[132.965,32.7736],[132.9691,32.7773],[132.9585,32.777],[132.9528,32.7706],[132.9454,32.7649],[132.9431,32.7694],[132.9396,32.7737],[132.9448,32.7779],[132.9394,32.7847],[132.9326,32.7847],[132.9327,32.7795],[132.9245,32.7827],[132.9196,32.7781],[132.9198,32.7847],[132.9113,32.7872],[132.9031,32.7875],[132.8964,32.7876],[132.8888,32.7903],[132.8832,32.7877],[132.8757,32.7873],[132.8792,32.7835],[132.8759,32.7759],[132.8784,32.7696],[132.8718,32.7681],[132.8653,32.7708],[132.8697,32.7762],[132.8708,32.7854],[132.8638,32.7885],[132.8593,32.7863],[132.8505,32.7853],[132.8453,32.7779],[132.8405,32.7817],[132.8345,32.7755],[132.8329,32.7667],[132.8265,32.761],[132.821,32.7604],[132.8147,32.7615],[132.8148,32.7532],[132.8063,32.7532],[132.8023,32.7471],[132.7936,32.7474],[132.7877,32.7532],[132.7797,32.7539],[132.7703,32.7617],[132.7649,32.76],[132.7616,32.7549],[132.7507,32.7594],[132.7468,32.7673],[132.7427,32.7727],[132.7327,32.7764],[132.7256,32.7849],[132.7221,32.7897],[132.7168,32.7977],[132.7109,32.7983],[132.7065,32.7949],[132.6973,32.7956],[132.6874,32.7915],[132.6973,32.7877],[132.6911,32.7876],[132.6842,32.7845],[132.6688,32.7841],[132.6638,32.7812],[132.657,32.7808],[132.6477,32.7755],[132.6489,32.769],[132.6396,32.765],[132.6307,32.7617],[132.6303,32.7671],[132.636,32.7683],[132.6374,32.7756],[132.6335,32.7831],[132.6409,32.7824],[132.6438,32.7869],[132.6358,32.7888],[132.6309,32.7952],[132.6367,32.7987],[132.6434,32.8005],[132.6481,32.8042],[132.6557,32.8009],[132.6479,32.8082],[132.64,32.8085],[132.6455,32.8093],[132.644,32.82],[132.6489,32.8225],[132.6528,32.8286],[132.6555,32.8237],[132.6592,32.8295],[132.6633,32.833],[132.6593,32.8365],[132.6652,32.8405],[132.6728,32.8412],[132.6679,32.8427],[132.6641,32.8468],[132.6604,32.8525],[132.6641,32.8591],[132.6692,32.8621],[132.6784,32.8701],[132.6874,32.8733],[132.6905,32.8774],[132.6954,32.8865],[132.7041,32.888],[132.7081,32.8815],[132.7057,32.8756],[132.713,32.882],[132.7129,32.8758],[132.72,32.8763],[132.7119,32.8862],[132.704,32.8945],[132.712,32.8931],[132.7202,32.8971],[132.7196,32.9021],[132.7105,32.8999],[132.7121,32.9073],[132.7149,32.9128],[132.7106,32.9199],[132.7075,32.9259],[132.7018,32.9248],[132.699,32.9175],[132.6939,32.9264],[132.6894,32.9221],[132.6836,32.9217],[132.6765,32.9257],[132.6695,32.9223],[132.66,32.9239],[132.6546,32.9249],[132.6546,32.9347],[132.6518,32.9391],[132.6591,32.9405],[132.6668,32.9423],[132.6741,32.9431],[132.6838,32.9495],[132.6817,32.9591],[132.686,32.9633],[132.6866,32.9685],[132.6908,32.9739],[132.6859,32.9772],[132.6855,32.9823],[132.6817,32.9923],[132.6861,32.9981],[132.6834,33.0032],[132.6773,33.0092],[132.6761,33.0151],[132.6757,33.0239],[132.6777,33.033],[132.6754,33.0397],[132.6684,33.0465],[132.6596,33.0555],[132.6655,33.0656],[132.6687,33.0717],[132.6665,33.0818],[132.6691,33.0865],[132.666,33.0977],[132.6627,33.1089],[132.6515,33.1117],[132.645,33.1179],[132.6407,33.1247],[132.6373,33.1303],[132.6289,33.1323],[132.6287,33.1383],[132.6307,33.1501],[132.6257,33.1562],[132.6218,33.1602],[132.6142,33.1693],[132.6188,33.1749],[132.6189,33.1809],[132.6349,33.1863],[132.6338,33.1783],[132.6406,33.1726],[132.6465,33.1715],[132.66,33.1577],[132.6637,33.1536],[132.6714,33.1507],[132.6817,33.1408],[132.6869,33.1349],[132.6955,33.1383],[132.6963,33.1438],[132.7052,33.1501],[132.7109,33.155],[132.7174,33.1615],[132.72,33.1669],[132.7278,33.1699],[132.7354,33.1811],[132.7381,33.188],[132.7381,33.196],[132.7409,33.2007],[132.7468,33.2028],[132.7593,33.2019],[132.7661,33.2038],[132.775,33.2062],[132.7719,33.2165],[132.7716,33.2265],[132.7724,33.2376],[132.7776,33.2484],[132.781,33.2565],[132.7864,33.2621],[132.7933,33.2745],[132.8104,33.2796],[132.8177,33.2835],[132.8241,33.2821],[132.8325,33.2857],[132.8371,33.2889],[132.8503,33.2905],[132.8715,33.3043],[132.8813,33.3067],[132.8951,33.3121],[132.8998,33.3207],[132.9009,33.3271],[132.9013,33.3333],[132.895,33.3487],[132.8879,33.3579],[132.8811,33.3622],[132.8718,33.3647],[132.8664,33.3677],[132.8606,33.3675],[132.856,33.3809],[132.8524,33.3881],[132.8552,33.3925],[132.853,33.3981],[132.8469,33.398],[132.8417,33.3976],[132.8357,33.3995],[132.8316,33.4096],[132.8335,33.4199],[132.8244,33.4236],[132.8233,33.4311],[132.8267,33.4399],[132.825,33.4462],[132.8125,33.4514],[132.8077,33.4544],[132.8113,33.4656],[132.8205,33.4702],[132.828,33.4729],[132.8325,33.4757],[132.8398,33.4748],[132.8474,33.4791],[132.8625,33.4739],[132.8718,33.4709],[132.8813,33.4717],[132.8945,33.4712],[132.9001,33.4703],[132.9159,33.4677],[132.9298,33.4691],[132.9402,33.4717],[132.9468,33.4683],[132.9557,33.4663],[132.972,33.4697],[132.9797,33.4727],[132.9884,33.4737],[132.9968,33.4757],[133.0148,33.4808],[133.0132,33.4905],[133.0246,33.5017],[133.029,33.5072],[133.0374,33.5185],[133.038,33.5266],[133.054,33.5359],[133.0599,33.5404],[133.0599,33.5579],[133.0504,33.5718],[133.046,33.5754],[133.0493,33.5855],[133.0546,33.5897],[133.0553,33.595],[133.0632,33.5981],[133.071,33.6021],[133.0764,33.6068],[133.0761,33.6132],[133.0716,33.6155],[133.0676,33.6199],[133.0688,33.6295],[133.0704,33.6372],[133.0735,33.6451],[133.0767,33.6529],[133.0845,33.655],[133.0911,33.6572],[133.1013,33.6576],[133.1068,33.657],[133.1161,33.6603],[133.119,33.6699],[133.1202,33.6753],[133.1196,33.682],[133.1197,33.6876],[133.1258,33.6984],[133.1366,33.7014],[133.1444,33.7055],[133.1394,33.7154],[133.1452,33.7205],[133.1605,33.7314],[133.1587,33.7386],[133.1573,33.7502],[133.1615,33.7532],[133.1726,33.7589],[133.1776,33.764],[133.1821,33.7667],[133.1824,33.772],[133.187,33.78],[133.1897,33.7867],[133.1932,33.7937],[133.2053,33.7943],[133.2205,33.7803],[133.2319,33.7838],[133.2457,33.7889],[133.251,33.7893],[133.2569,33.7943],[133.2613,33.8061],[133.2613,33.8122],[133.2668,33.8225],[133.2767,33.8308],[133.2839,33.8315],[133.2931,33.8287],[133.3107,33.8156],[133.3258,33.8145],[133.333,33.8214],[133.3463,33.8259],[133.3552,33.8342],[133.3655,33.8307],[133.3718,33.8287],[133.3914,33.8247],[133.4012,33.8364],[133.4064,33.8365],[133.4154,33.8397],[133.4253,33.8382],[133.4404,33.8337],[133.4472,33.834],[133.453,33.8365],[133.4644,33.8345],[133.4736,33.8338],[133.4836,33.8319],[133.4927,33.8321],[133.5,33.8301],[133.5074,33.8357],[133.5073,33.8431],[133.5091,33.8481],[133.5182,33.8479],[133.5248,33.8533],[133.5255,33.8595],[133.5357,33.8663],[133.537,33.8729],[133.5427,33.8789],[133.5518,33.8821],[133.5622,33.8751],[133.5709,33.8719],[133.5826,33.8676]]]]}},{"type":"Feature","properties":{"nam":"Miyazaki Ken","nam_ja":"\u5bae\u5d0e\u770c","id":45},"geometry":{"type":"MultiPolygon","coordinates":[[[[131.5077,32.774],[131.513,32.7692],[131.5233,32.7637],[131.5323,32.7623],[131.5366,32.7585],[131.5453,32.7578],[131.5597,32.7551],[131.5664,32.7543],[131.581,32.7639],[131.5916,32.7751],[131.5974,32.7737],[131.6077,32.7737],[131.6204,32.7737],[131.6276,32.7725],[131.6406,32.7705],[131.6514,32.771],[131.6682,32.7667],[131.6773,32.769],[131.6918,32.7725],[131.7078,32.7716],[131.7148,32.7843],[131.7287,32.7996],[131.731,32.8164],[131.7346,32.8293],[131.7398,32.8332],[131.7468,32.8329],[131.7539,32.8359],[131.7639,32.8365],[131.7864,32.8335],[131.7888,32.8262],[131.793,32.8219],[131.798,32.8244],[131.8062,32.8221],[131.8149,32.8278],[131.8211,32.8287],[131.8279,32.8245],[131.8343,32.8195],[131.8411,32.8195],[131.8478,32.8181],[131.8547,32.8231],[131.8586,32.8051],[131.8533,32.7975],[131.8502,32.7917],[131.8439,32.7751],[131.847,32.7654],[131.8489,32.7559],[131.8436,32.7467],[131.8471,32.7361],[131.8571,32.7375],[131.8618,32.7403],[131.8718,32.7403],[131.8845,32.7463],[131.8768,32.7395],[131.8761,32.7344],[131.8648,32.734],[131.8588,32.7331],[131.8596,32.7269],[131.8634,32.7235],[131.8638,32.7173],[131.8545,32.7213],[131.8493,32.7191],[131.8463,32.7131],[131.8476,32.7037],[131.8537,32.7026],[131.8504,32.6933],[131.845,32.6922],[131.8386,32.6916],[131.8335,32.6989],[131.8271,32.7039],[131.817,32.7037],[131.817,32.6976],[131.8174,32.6911],[131.8125,32.6863],[131.8049,32.6841],[131.7984,32.6801],[131.7929,32.6777],[131.791,32.6699],[131.7901,32.6629],[131.7847,32.6699],[131.7792,32.6741],[131.7723,32.6671],[131.7713,32.6594],[131.7627,32.6585],[131.7656,32.6529],[131.7659,32.6467],[131.7633,32.6419],[131.7554,32.6448],[131.7502,32.6455],[131.7568,32.6355],[131.7583,32.6405],[131.7704,32.6428],[131.7724,32.6339],[131.7684,32.6301],[131.7633,32.6233],[131.7625,32.6159],[131.759,32.6106],[131.7532,32.6105],[131.7547,32.6047],[131.7468,32.6012],[131.7418,32.5923],[131.7329,32.5909],[131.7193,32.5893],[131.7081,32.5865],[131.6932,32.5677],[131.6828,32.5444],[131.6815,32.533],[131.6867,32.5243],[131.6829,32.5164],[131.6848,32.5085],[131.6914,32.5073],[131.6874,32.5123],[131.6936,32.5103],[131.6995,32.5059],[131.6989,32.5137],[131.7037,32.5174],[131.7134,32.5197],[131.7108,32.5091],[131.7094,32.5032],[131.7223,32.5007],[131.7272,32.4965],[131.7245,32.492],[131.7194,32.4864],[131.713,32.4886],[131.7148,32.4819],[131.7089,32.4823],[131.7035,32.4758],[131.696,32.4745],[131.6941,32.4693],[131.6873,32.4689],[131.6828,32.4713],[131.6769,32.4733],[131.6803,32.481],[131.6741,32.4807],[131.6679,32.4811],[131.6608,32.4824],[131.6551,32.4732],[131.659,32.4689],[131.6529,32.4669],[131.6496,32.4573],[131.6517,32.4513],[131.6559,32.447],[131.6498,32.4417],[131.6432,32.4399],[131.6503,32.4346],[131.6633,32.449],[131.6655,32.4431],[131.6602,32.4383],[131.6667,32.4389],[131.6745,32.4427],[131.6729,32.4539],[131.673,32.4466],[131.6781,32.44],[131.6812,32.4352],[131.6776,32.4301],[131.6669,32.4312],[131.6584,32.43],[131.6653,32.4272],[131.6747,32.4212],[131.6796,32.4235],[131.6879,32.4226],[131.685,32.4185],[131.6764,32.4173],[131.6688,32.4155],[131.6628,32.4108],[131.6564,32.4123],[131.642,32.407],[131.6347,32.3912],[131.6305,32.3816],[131.632,32.3755],[131.6283,32.368],[131.6218,32.3601],[131.6218,32.3547],[131.6271,32.3466],[131.6218,32.3412],[131.6127,32.3397],[131.608,32.3286],[131.5919,32.3065],[131.5831,32.2869],[131.5744,32.2577],[131.5711,32.2532],[131.5745,32.2494],[131.5725,32.2377],[131.5702,32.2317],[131.5614,32.2145],[131.5516,32.1802],[131.5478,32.1699],[131.5429,32.1571],[131.5408,32.1499],[131.5394,32.1322],[131.5348,32.1201],[131.5324,32.1153],[131.5194,32.0869],[131.5092,32.0558],[131.5007,32.0339],[131.4968,32.0224],[131.4903,32.0032],[131.483,31.9801],[131.4666,31.9235],[131.4632,31.9138],[131.4648,31.9129],[131.4618,31.9067],[131.4623,31.9004],[131.4576,31.8873],[131.4578,31.8793],[131.4539,31.8695],[131.4524,31.8365],[131.4537,31.8181],[131.4625,31.8059],[131.4704,31.8031],[131.4719,31.794],[131.4817,31.7857],[131.4763,31.7637],[131.4763,31.7579],[131.4709,31.7553],[131.4673,31.75],[131.4706,31.7431],[131.4661,31.7374],[131.4631,31.7319],[131.4662,31.7256],[131.4626,31.7185],[131.4575,31.7093],[131.462,31.7039],[131.4555,31.6956],[131.4614,31.6921],[131.4678,31.6864],[131.4536,31.6819],[131.4545,31.6747],[131.4508,31.6699],[131.4603,31.6688],[131.4626,31.6612],[131.4634,31.6521],[131.4685,31.6451],[131.4585,31.6467],[131.4521,31.6389],[131.4567,31.6362],[131.4614,31.632],[131.4561,31.6243],[131.4474,31.6184],[131.4331,31.6124],[131.4235,31.6089],[131.4106,31.5924],[131.4085,31.5865],[131.4128,31.5783],[131.4114,31.5699],[131.4084,31.5764],[131.4034,31.5807],[131.3985,31.5725],[131.3967,31.5667],[131.3903,31.5635],[131.3955,31.5613],[131.3882,31.557],[131.3813,31.5459],[131.3833,31.5409],[131.3836,31.5321],[131.382,31.5236],[131.3813,31.5177],[131.3844,31.5105],[131.3786,31.5141],[131.3718,31.5175],[131.375,31.5116],[131.3722,31.5068],[131.3794,31.5032],[131.3851,31.4999],[131.3824,31.4937],[131.388,31.4847],[131.3845,31.4811],[131.3767,31.4783],[131.3718,31.4757],[131.3635,31.4717],[131.363,31.4569],[131.3686,31.4502],[131.3702,31.4431],[131.3707,31.4307],[131.3658,31.4232],[131.3545,31.4182],[131.3475,31.4143],[131.3404,31.4054],[131.3447,31.3989],[131.334,31.3984],[131.3332,31.3819],[131.3411,31.377],[131.3488,31.3718],[131.3438,31.3625],[131.3366,31.3607],[131.3258,31.3642],[131.3176,31.3685],[131.3133,31.3843],[131.3086,31.3903],[131.3026,31.3877],[131.2972,31.3852],[131.2924,31.3894],[131.2884,31.3863],[131.283,31.3821],[131.2775,31.3815],[131.2648,31.3798],[131.255,31.3802],[131.2468,31.3853],[131.2389,31.3997],[131.2359,31.4043],[131.2358,31.4139],[131.2407,31.4189],[131.2411,31.4267],[131.2328,31.4301],[131.2278,31.424],[131.2255,31.4317],[131.22,31.4381],[131.2106,31.4429],[131.2093,31.4481],[131.2035,31.4535],[131.1888,31.4551],[131.1779,31.4549],[131.1698,31.4525],[131.1671,31.4586],[131.1603,31.4597],[131.1628,31.4702],[131.1631,31.4846],[131.1693,31.4929],[131.1692,31.4998],[131.1754,31.5032],[131.1922,31.5094],[131.1986,31.5143],[131.2001,31.53],[131.1969,31.5391],[131.1963,31.5458],[131.1883,31.5573],[131.1957,31.5631],[131.2001,31.5695],[131.2038,31.5785],[131.201,31.5865],[131.1975,31.5931],[131.1881,31.6015],[131.1851,31.6093],[131.1884,31.617],[131.1797,31.6259],[131.1691,31.6332],[131.1642,31.6391],[131.1592,31.6367],[131.1514,31.6335],[131.1439,31.6301],[131.1276,31.6263],[131.1218,31.6301],[131.1149,31.6299],[131.1125,31.6344],[131.1072,31.6373],[131.1008,31.6437],[131.0897,31.6514],[131.0834,31.6557],[131.0783,31.6597],[131.0725,31.6585],[131.0693,31.6526],[131.0614,31.6434],[131.0563,31.6339],[131.0519,31.6391],[131.0455,31.6511],[131.0372,31.6601],[131.0325,31.6619],[131.0251,31.6662],[131.0281,31.6738],[131.025,31.6782],[131.0239,31.6863],[131.0233,31.6921],[131.0271,31.6963],[131.0174,31.7055],[131.0129,31.7115],[131.0151,31.7167],[131.0157,31.7342],[131.0165,31.7445],[131.0099,31.747],[130.9968,31.7456],[130.9904,31.7504],[130.985,31.7506],[130.9797,31.751],[130.9775,31.7594],[130.9817,31.763],[130.9871,31.7652],[130.99,31.7747],[130.9866,31.7792],[130.9799,31.7784],[130.9712,31.7838],[130.9658,31.7812],[130.9404,31.7849],[130.9311,31.7854],[130.9261,31.7894],[130.923,31.7979],[130.9167,31.8025],[130.9091,31.8012],[130.8996,31.801],[130.8893,31.8063],[130.8835,31.8052],[130.8808,31.8128],[130.8761,31.8154],[130.8769,31.8268],[130.8779,31.8365],[130.8746,31.8429],[130.8839,31.8458],[130.8884,31.8515],[130.8879,31.8631],[130.8935,31.8763],[130.9038,31.8851],[130.9012,31.886],[130.8911,31.8979],[130.8876,31.9051],[130.8862,31.9116],[130.8817,31.9199],[130.8718,31.9278],[130.8658,31.933],[130.8605,31.9337],[130.8449,31.9399],[130.8393,31.9424],[130.8155,31.941],[130.8045,31.9496],[130.7995,31.9493],[130.8003,31.9593],[130.7941,31.9721],[130.7836,31.9786],[130.7798,31.9934],[130.7779,32.0032],[130.7774,32.0139],[130.7696,32.02],[130.7647,32.0229],[130.7583,32.0317],[130.7468,32.0347],[130.7462,32.0404],[130.7348,32.0479],[130.703,32.0575],[130.7026,32.0693],[130.7036,32.0784],[130.7098,32.0811],[130.7154,32.0865],[130.7182,32.0956],[130.7197,32.1006],[130.7275,32.1023],[130.7343,32.1087],[130.739,32.1043],[130.7468,32.1031],[130.7528,32.1032],[130.7581,32.0967],[130.7677,32.1013],[130.7757,32.1011],[130.8104,32.0983],[130.8202,32.0949],[130.8231,32.1],[130.8315,32.1045],[130.8386,32.1067],[130.8435,32.1038],[130.849,32.1038],[130.8565,32.0995],[130.8631,32.1039],[130.8689,32.1149],[130.8759,32.118],[130.8832,32.1228],[130.8938,32.1251],[130.9007,32.1323],[130.9106,32.1297],[130.9165,32.1248],[130.9269,32.1223],[130.9328,32.1162],[130.9399,32.1185],[130.9519,32.1154],[130.9617,32.12],[130.9724,32.1211],[130.9722,32.1337],[130.9755,32.1377],[130.9842,32.1432],[130.9942,32.1508],[130.9939,32.1564],[131.0025,32.1693],[131.0127,32.1738],[131.0176,32.1699],[131.0227,32.1693],[131.0368,32.1699],[131.0409,32.1652],[131.0458,32.1609],[131.053,32.1577],[131.0583,32.1553],[131.068,32.1581],[131.0859,32.1537],[131.0963,32.1528],[131.1037,32.1587],[131.1045,32.1681],[131.1012,32.1743],[131.1018,32.1811],[131.1025,32.1928],[131.0994,32.1969],[131.0879,32.2057],[131.0827,32.2071],[131.0775,32.2181],[131.0726,32.2239],[131.0708,32.2367],[131.056,32.2458],[131.0462,32.244],[131.0415,32.2502],[131.0422,32.2604],[131.0465,32.2643],[131.0521,32.266],[131.0527,32.2745],[131.0494,32.2793],[131.0503,32.2863],[131.0608,32.2856],[131.0712,32.2802],[131.0779,32.2813],[131.0851,32.2908],[131.0915,32.2971],[131.1002,32.3115],[131.1068,32.325],[131.1105,32.3285],[131.1045,32.3365],[131.102,32.3418],[131.0934,32.3501],[131.0735,32.3575],[131.0733,32.3661],[131.0782,32.3733],[131.0723,32.3829],[131.0698,32.3891],[131.0702,32.3983],[131.0665,32.4074],[131.0603,32.4075],[131.0546,32.4071],[131.0456,32.4077],[131.0372,32.4167],[131.0329,32.4199],[131.0243,32.434],[131.019,32.4395],[131.0153,32.4534],[131.0154,32.4605],[131.016,32.4673],[131.0151,32.4725],[131.0111,32.4813],[131.0062,32.4925],[131.0073,32.4993],[131.0098,32.5155],[131.0188,32.5197],[131.0249,32.5209],[131.0227,32.5363],[131.0171,32.5455],[131.0243,32.5531],[131.0319,32.5532],[131.039,32.5565],[131.0383,32.5619],[131.0405,32.5734],[131.0427,32.5825],[131.0503,32.5865],[131.0646,32.5852],[131.0704,32.5839],[131.0809,32.581],[131.0913,32.579],[131.0991,32.5785],[131.1041,32.5795],[131.1052,32.5865],[131.1133,32.5925],[131.1179,32.5985],[131.1193,32.6057],[131.1154,32.6105],[131.1162,32.6225],[131.1185,32.6307],[131.114,32.6388],[131.1218,32.6441],[131.1261,32.6539],[131.1323,32.659],[131.1399,32.6662],[131.1429,32.6761],[131.1497,32.6793],[131.1574,32.6774],[131.1627,32.6716],[131.1747,32.6725],[131.1735,32.6793],[131.1727,32.6853],[131.1762,32.6971],[131.1799,32.7038],[131.1788,32.7111],[131.1937,32.7247],[131.2067,32.7299],[131.2118,32.7289],[131.2312,32.7441],[131.2342,32.7488],[131.2363,32.7583],[131.2443,32.7672],[131.2361,32.7775],[131.2385,32.7847],[131.2447,32.7875],[131.2452,32.7951],[131.2468,32.8006],[131.2521,32.8023],[131.256,32.8142],[131.2619,32.8183],[131.2642,32.8229],[131.2722,32.8243],[131.2761,32.8287],[131.2866,32.8307],[131.2915,32.8277],[131.3031,32.829],[131.3162,32.8281],[131.3227,32.8287],[131.3286,32.8329],[131.3396,32.8331],[131.3461,32.8279],[131.3492,32.8206],[131.3483,32.8105],[131.359,32.8039],[131.3655,32.8034],[131.3718,32.8072],[131.3789,32.8091],[131.3853,32.8101],[131.3912,32.8117],[131.3963,32.8117],[131.4012,32.8133],[131.4081,32.8123],[131.4154,32.8131],[131.4204,32.8117],[131.427,32.8167],[131.4375,32.8285],[131.4458,32.8295],[131.4544,32.8295],[131.4639,32.8311],[131.474,32.8365],[131.4858,32.8214],[131.4942,32.8157],[131.502,32.8142],[131.5057,32.8068],[131.5168,32.8003],[131.508,32.784],[131.5083,32.7759],[131.5077,32.774]]]]}},{"type":"Feature","properties":{"nam":"Kanagawa Ken","nam_ja":"\u795e\u5948\u5ddd\u770c","id":14},"geometry":{"type":"MultiPolygon","coordinates":[[[[139.131,35.6718],[139.1369,35.6721],[139.1428,35.6699],[139.1486,35.6667],[139.1571,35.6663],[139.1674,35.6617],[139.1674,35.6535],[139.1757,35.649],[139.1799,35.6455],[139.1924,35.6485],[139.2009,35.6525],[139.2066,35.6507],[139.2157,35.6461],[139.2158,35.6368],[139.2214,35.6285],[139.2262,35.6225],[139.2304,35.6165],[139.236,35.6105],[139.2406,35.6063],[139.2468,35.6052],[139.2529,35.6019],[139.2587,35.6035],[139.2648,35.6023],[139.2673,35.6082],[139.2822,35.613],[139.2925,35.6112],[139.3003,35.6061],[139.3121,35.6043],[139.3215,35.6058],[139.3307,35.6035],[139.3414,35.6048],[139.3467,35.6019],[139.356,35.5991],[139.3632,35.5989],[139.3718,35.5942],[139.3795,35.5899],[139.3857,35.5882],[139.3922,35.5855],[139.3986,35.5844],[139.4029,35.5753],[139.4101,35.5717],[139.4173,35.5618],[139.4236,35.5583],[139.4272,35.5523],[139.4325,35.5478],[139.4408,35.5426],[139.448,35.5367],[139.458,35.5281],[139.4553,35.5199],[139.4616,35.5197],[139.466,35.5089],[139.477,35.5016],[139.485,35.5039],[139.4788,35.5088],[139.4848,35.5199],[139.4867,35.5296],[139.4867,35.5355],[139.4802,35.5441],[139.482,35.5502],[139.4804,35.5577],[139.4759,35.5619],[139.4702,35.5607],[139.4697,35.5697],[139.4732,35.5763],[139.4771,35.5816],[139.4837,35.5831],[139.49,35.5841],[139.4877,35.5783],[139.4829,35.5713],[139.4896,35.5615],[139.4944,35.564],[139.5008,35.5688],[139.5065,35.5715],[139.4968,35.5815],[139.4928,35.5891],[139.4873,35.5902],[139.484,35.594],[139.4759,35.5997],[139.4709,35.6017],[139.4666,35.6079],[139.4565,35.6064],[139.4493,35.6118],[139.4542,35.6182],[139.461,35.6223],[139.469,35.6203],[139.4762,35.6189],[139.4771,35.613],[139.4834,35.6085],[139.4904,35.6045],[139.4958,35.6053],[139.4968,35.6113],[139.4951,35.6175],[139.5043,35.6231],[139.5098,35.6239],[139.5184,35.6306],[139.5235,35.6331],[139.5207,35.6378],[139.5254,35.6427],[139.5348,35.6402],[139.5486,35.6358],[139.562,35.6325],[139.566,35.6291],[139.5785,35.6219],[139.5881,35.6194],[139.5956,35.6183],[139.6033,35.6166],[139.6127,35.6153],[139.6218,35.6118],[139.6316,35.6059],[139.6436,35.5979],[139.6551,35.5901],[139.6653,35.5889],[139.6783,35.5634],[139.6938,35.5565],[139.7025,35.5539],[139.6978,35.5435],[139.7018,35.5372],[139.7179,35.5381],[139.7274,35.5435],[139.735,35.5413],[139.7409,35.5455],[139.7468,35.5437],[139.7575,35.5442],[139.7763,35.5344],[139.7898,35.5267],[139.7885,35.5213],[139.7963,35.5186],[139.7916,35.5134],[139.7908,35.5078],[139.7801,35.5131],[139.7763,35.5095],[139.7747,35.5147],[139.7664,35.5205],[139.761,35.5302],[139.752,35.5331],[139.7558,35.5278],[139.766,35.5135],[139.7539,35.5085],[139.7485,35.5183],[139.744,35.5208],[139.738,35.5147],[139.7451,35.516],[139.7493,35.5085],[139.7399,35.5032],[139.7339,35.5005],[139.7327,35.5118],[139.7375,35.5133],[139.7304,35.5149],[139.7232,35.5097],[139.729,35.5109],[139.731,35.5032],[139.7203,35.4943],[139.7142,35.5032],[139.7229,35.5079],[139.7116,35.5032],[139.7181,35.4935],[139.7114,35.4906],[139.6963,35.4839],[139.698,35.4908],[139.6931,35.4923],[139.6885,35.4952],[139.6929,35.4825],[139.6865,35.4797],[139.6819,35.4732],[139.6768,35.4715],[139.6684,35.4678],[139.668,35.4736],[139.6731,35.475],[139.6448,35.4758],[139.6382,35.4653],[139.6381,35.4573],[139.6327,35.4522],[139.6422,35.4497],[139.6488,35.4538],[139.6456,35.4481],[139.6518,35.4451],[139.6572,35.4512],[139.6644,35.4501],[139.657,35.4442],[139.6642,35.4428],[139.6687,35.4485],[139.6743,35.4496],[139.6685,35.4401],[139.6753,35.4456],[139.6813,35.4411],[139.6755,35.4315],[139.6855,35.4419],[139.6907,35.4392],[139.6856,35.4266],[139.6816,35.4227],[139.6781,35.4161],[139.6795,35.4107],[139.6697,35.4027],[139.6659,35.4085],[139.6526,35.4128],[139.6425,35.4115],[139.6335,35.4083],[139.6278,35.409],[139.6308,35.4049],[139.6403,35.4064],[139.6434,35.4018],[139.6345,35.4007],[139.6261,35.4015],[139.6221,35.396],[139.6299,35.394],[139.6355,35.3922],[139.6275,35.3861],[139.6399,35.3854],[139.6457,35.3904],[139.6534,35.3873],[139.6493,35.3837],[139.6457,35.378],[139.6505,35.3729],[139.6565,35.3727],[139.6566,35.3663],[139.6509,35.3663],[139.651,35.3597],[139.6548,35.3535],[139.657,35.3416],[139.6438,35.3395],[139.6343,35.3365],[139.6295,35.3296],[139.6225,35.332],[139.6318,35.3253],[139.6383,35.3266],[139.6337,35.323],[139.6302,35.3283],[139.6383,35.3267],[139.6492,35.3275],[139.6608,35.3281],[139.6613,35.3222],[139.6519,35.3216],[139.6513,35.3156],[139.645,35.3114],[139.6371,35.3117],[139.6413,35.306],[139.6334,35.3019],[139.634,35.2951],[139.6395,35.295],[139.6425,35.2991],[139.6486,35.2931],[139.6497,35.288],[139.6547,35.2847],[139.6606,35.2831],[139.6576,35.2901],[139.664,35.2899],[139.6614,35.2998],[139.6718,35.3009],[139.6802,35.2947],[139.6723,35.2883],[139.6781,35.2853],[139.6773,35.28],[139.6858,35.2753],[139.691,35.2673],[139.6968,35.2647],[139.7216,35.2632],[139.7281,35.2654],[139.7325,35.262],[139.7382,35.2618],[139.7437,35.2591],[139.7466,35.2532],[139.7377,35.2485],[139.7332,35.2409],[139.7272,35.2395],[139.7176,35.2471],[139.7197,35.2409],[139.7236,35.2348],[139.7294,35.2325],[139.7286,35.2237],[139.7226,35.2241],[139.7191,35.2277],[139.7138,35.2215],[139.7228,35.2181],[139.725,35.2119],[139.7179,35.2109],[139.6992,35.2099],[139.6852,35.2065],[139.665,35.1928],[139.6565,35.185],[139.6551,35.1747],[139.66,35.1677],[139.6643,35.1584],[139.6753,35.1573],[139.681,35.1515],[139.6814,35.1462],[139.6784,35.1406],[139.6732,35.1413],[139.6671,35.1464],[139.6633,35.1397],[139.6537,35.1393],[139.6481,35.1386],[139.6406,35.1384],[139.6297,35.1389],[139.6218,35.139],[139.6151,35.1389],[139.6147,35.1453],[139.6134,35.1514],[139.607,35.1543],[139.6177,35.1547],[139.6155,35.1599],[139.6107,35.1629],[139.6159,35.1618],[139.6218,35.1633],[139.6166,35.1699],[139.62,35.1748],[139.6141,35.1833],[139.6195,35.1833],[139.6159,35.1899],[139.6105,35.1902],[139.6059,35.1945],[139.5998,35.1948],[139.6045,35.2031],[139.6115,35.2079],[139.6203,35.2073],[139.6275,35.2155],[139.6218,35.2197],[139.613,35.2228],[139.605,35.2229],[139.6035,35.2303],[139.6002,35.2347],[139.5964,35.2403],[139.5929,35.2447],[139.5811,35.2532],[139.5759,35.2604],[139.5676,35.2669],[139.5688,35.2721],[139.5676,35.2847],[139.5735,35.289],[139.5693,35.2937],[139.5588,35.2917],[139.5521,35.2945],[139.5449,35.3081],[139.5355,35.3088],[139.5323,35.3045],[139.5253,35.3017],[139.4968,35.3064],[139.4886,35.3079],[139.4818,35.3028],[139.4853,35.2986],[139.4783,35.2981],[139.4813,35.3049],[139.4765,35.3115],[139.4673,35.3152],[139.438,35.3189],[139.4196,35.3173],[139.4081,35.3177],[139.3954,35.3161],[139.3739,35.3149],[139.3614,35.3147],[139.3301,35.3121],[139.3194,35.3088],[139.3142,35.3058],[139.2693,35.2973],[139.2468,35.2915],[139.2341,35.2862],[139.2108,35.2781],[139.1897,35.2635],[139.1709,35.2532],[139.1499,35.2391],[139.1435,35.2327],[139.1429,35.2166],[139.1429,35.2101],[139.1397,35.2007],[139.1378,35.1926],[139.137,35.1849],[139.1373,35.1788],[139.1413,35.1747],[139.1441,35.1699],[139.1402,35.1623],[139.1451,35.1534],[139.1496,35.147],[139.1562,35.1473],[139.161,35.141],[139.1523,35.1414],[139.1453,35.1443],[139.1387,35.1483],[139.1326,35.1503],[139.1218,35.1499],[139.1161,35.146],[139.1115,35.1413],[139.1024,35.1407],[139.086,35.1409],[139.0768,35.1445],[139.0672,35.1445],[139.0599,35.1463],[139.0534,35.1468],[139.0437,35.1499],[139.0305,35.1497],[139.0306,35.1578],[139.0287,35.1666],[139.0261,35.1755],[139.0215,35.1817],[139.0138,35.1822],[139.0015,35.1897],[138.9968,35.1944],[138.9892,35.2007],[138.9873,35.2085],[138.982,35.2195],[138.9789,35.2312],[138.978,35.24],[138.9759,35.2449],[138.9747,35.2532],[138.9752,35.2617],[138.9797,35.2686],[138.9931,35.2849],[139.0048,35.2897],[139.0101,35.3113],[139.0126,35.3184],[139.0187,35.3298],[139.0123,35.3365],[139.0107,35.3422],[139.0086,35.3498],[139.0132,35.3584],[139.0057,35.3743],[138.9994,35.3818],[139.0017,35.3988],[138.9968,35.4027],[138.9853,35.4017],[138.9697,35.4049],[138.9524,35.4015],[138.946,35.3997],[138.9399,35.3995],[138.9314,35.401],[138.9162,35.4005],[138.9174,35.41],[138.9243,35.4143],[138.9268,35.4199],[138.9305,35.4255],[138.9272,35.4303],[138.928,35.4368],[138.9355,35.445],[138.9543,35.4599],[138.966,35.4639],[138.9735,35.4667],[138.9787,35.4639],[138.9855,35.4698],[138.9906,35.4741],[138.9975,35.4749],[139.0058,35.4749],[139.0136,35.4793],[139.0236,35.4811],[139.0295,35.487],[139.0365,35.4908],[139.0419,35.4973],[139.0446,35.5032],[139.0461,35.5097],[139.0524,35.5097],[139.0597,35.5075],[139.0662,35.5093],[139.0726,35.5102],[139.0795,35.5123],[139.0852,35.5121],[139.0909,35.5189],[139.1027,35.526],[139.1069,35.5325],[139.113,35.5374],[139.1127,35.5469],[139.115,35.5537],[139.1218,35.5566],[139.1291,35.5637],[139.1283,35.5707],[139.1278,35.5804],[139.1218,35.5862],[139.1239,35.5915],[139.1331,35.6068],[139.1279,35.6125],[139.1343,35.6163],[139.1258,35.6227],[139.1243,35.6324],[139.1271,35.6398],[139.1218,35.6476],[139.1178,35.6531],[139.1196,35.6585],[139.1287,35.6673],[139.131,35.6718]]]]}}]}